candidate,period,sharpe,annual_arithmetic,cagr,max_drawdown,phase_sharpes,phase_sd,phase_range,turnover_equity,mean_gross,mean_abs_net,correlation_baseline,annual_cost
baseline,full,1.5444004362481543,1.2376474675184073,1.5591833681099159,-0.6336145277385659,"[1.775955835038076, 1.1196563118905252, 1.7375891618158619]",0.30074760047342236,0.6562995231475508,0.7399186904814982,2.369275705600493,0.23522122526271752,1.0,0.20255274151931013
baseline,2023-24,0.4255000615131241,0.2940683098180012,0.1559366553889836,-0.6306144048427229,"[0.9124179761844423, -0.5587273539618486, 0.9228095623167784]",0.6959668096947319,1.481536916278627,0.6282320852514193,1.9622266978858958,0.21898137078621085,1.0,0.171978533337576
baseline,2025-26,2.3270314402323904,1.9825009055783218,4.027417748712613,-0.4815308318931069,"[2.3864971671981285, 2.3325706137347995, 2.2620265397642427]",0.05096564925361425,0.12447062743388582,0.8280831557645247,2.6905967631723904,0.24804082957646534,1.0,0.22668776389053863
timing_usdt_14_lag2,full,1.5004994571257069,0.9766471211147834,1.1737092471978734,-0.5544052773272784,"[1.720006970553004, 1.1984914189828582, 1.5829999818412588]",0.22075532468645678,0.521515551570146,0.6017570517714398,1.739465514493906,0.16850655876623702,0.9505124198204143,0.16473099292243165
timing_usdt_14_lag2,2023-24,0.6801635719998999,0.41554850873779037,0.31611007976490724,-0.5155297377058625,"[0.9945262380202077, -0.03301379659437436, 1.0789782745738663]",0.5054697524256059,1.1119920711682407,0.5189069473233143,1.5083509547060248,0.16276531154128243,0.9547764554168485,0.14205077682975728
timing_usdt_14_lag2,2025-26,2.0918151067192294,1.4195736388413962,2.286597151438278,-0.4060702120907411,"[2.2868903414410084, 2.0697552296517534, 1.9187997490649262]",0.15107977954515267,0.3680905923760822,0.6671582262655921,1.921905401003528,0.17303865095941492,0.9486240613486165,0.18263456444020584
timing_usdc_14_lag2,full,1.4068158028006963,0.9441346430419504,1.0659790857494047,-0.6559981036991654,"[1.525553022098828, 1.1465559084370176, 1.5483384778662441]",0.184266480419486,0.4017825694292265,0.6146330034264768,1.7875588661140398,0.1752397536121423,0.955433162479316,0.168255784687998
timing_usdc_14_lag2,2023-24,0.25635814563907594,0.16010830003968646,-0.010634530557983949,-0.6559981036991654,"[0.5745443847921121, -0.3807629687769567, 0.5752930209020725]",0.4505127641107422,0.9560559896790292,0.5452855704024037,1.5871128129078886,0.17265150736045023,0.9682357373744743,0.149271924897658
timing_usdc_14_lag2,2025-26,2.2855352054032707,1.5630384333058283,2.7743381745011746,-0.3787427735599114,"[2.283520272204474, 2.3606261920506117, 2.2124591519547274]",0.06050571823963176,0.14816704009588433,0.669375282849536,1.9457892918898783,0.1772828933989694,0.9489156040112068,0.1832414836800605
timing_sum_14_lag2,full,1.3619064115395412,0.9022219259987914,0.9955879071445568,-0.5889522340328412,"[1.5444416948352924, 1.1197191723184097, 1.4215583674649213]",0.17844900703481767,0.4247225225168827,0.6162318707915129,1.7672335760869675,0.17171500672696446,0.952602518502354,0.16869347462917667
timing_sum_14_lag2,2023-24,0.49711381527407267,0.3093895006974182,0.15865738116626693,-0.5564520722342922,"[0.734160637153719, -0.07900516312311624, 0.8361859717916154]",0.40950140429475057,0.9151911349147316,0.5537757841449004,1.5423396484963394,0.1668507673933921,0.9578431653798892,0.15159612090966648
timing_sum_14_lag2,2025-26,1.9848552006881892,1.370198848311576,2.1067616672559075,-0.4420199332555665,"[2.174567596710032, 1.9680100918467198, 1.8119879135078159]",0.148501009955411,0.36257968320221634,0.6655341794392285,1.9447629479447797,0.17555479627889517,0.9501393366860612,0.1821899816214888
timing_all_14_lag2,full,1.5403380156342863,1.0024270383665617,1.2212887224557651,-0.597545724397675,"[1.7303199704272205, 1.3423628339449298, 1.5483312425307083]",0.15848365571681297,0.3879571364822907,0.6050292211913272,1.7600665931304025,0.17220928426052776,0.9503695205605727,0.1656267493011258
timing_all_14_lag2,2023-24,0.5362142199181628,0.33592060608331886,0.18947033077897737,-0.5409069497287956,"[0.7712568833089465, -0.05379695495195835, 0.8911827313975001]",0.4200638380957948,0.9449796863494585,0.5274379588342164,1.5661188108400586,0.1689048390774631,0.9589474938338837,0.14438614123086674
timing_all_14_lag2,2025-26,2.293926129769661,1.528561601136173,2.7094990138457113,-0.4375610368327172,"[2.499874436829152, 2.384252757116513, 1.997651195363319]",0.2147498091159492,0.5022232414658332,0.66627911004109,1.9131673385889265,0.17481778545027926,0.9463204826151571,0.1823939063737484
timing_usdt_30_lag2,full,1.3853853571487313,0.8904427903357172,0.9980083070712714,-0.5527840028200345,"[1.634096302524381, 1.0996111677517086, 1.4224486011701043]",0.2197708698717543,0.5344851347726725,0.5774551632687773,1.7476973993899838,0.16817406850906794,0.949340572717122,0.1580783509448278
timing_usdt_30_lag2,2023-24,0.458010932390626,0.263148124131104,0.1430120612331854,-0.49822524982843985,"[0.770911457197501, -0.2509400828936969, 0.8540614228680738]",0.5024520778158904,1.1050015057617708,0.49517476813936634,1.4990016096522425,0.1585205238043054,0.9479508040025495,0.13555409277815153
timing_usdt_30_lag2,2025-26,2.0271165842155594,1.385623915295989,2.1642656213654283,-0.4273580852853702,"[2.259353318653424, 2.037922971827766, 1.7840734621654883]",0.19418259277583239,0.4752798564879357,0.6424066140261596,1.9440157607118203,0.1757944953742939,0.9501351372773094,0.1758588105896612
timing_usdc_30_lag2,full,1.3791838004466246,0.910363708573322,1.0321847413864955,-0.5830168524835121,"[1.6585027222248716, 0.9871318078619681, 1.4919168712530344]",0.2854426797136949,0.6713709143629035,0.5982589746115439,1.7397954071944544,0.17048537899386773,0.9526777556902605,0.16377339429991014
timing_usdc_30_lag2,2023-24,0.4945805089808824,0.29768099508928847,0.18438349163703813,-0.549416211821658,"[0.8918765037003763, -0.3312706657633898, 0.9231356890056608]",0.5841043892355535,1.2544063547690505,0.5358508869347062,1.5226689924919528,0.1646953402137058,0.9570510112027412,0.14668918029837583
timing_usdc_30_lag2,2025-26,2.0219077199594664,1.3940102811519821,2.180032902437862,-0.41558457513202324,"[2.234311846387872, 1.965007281153021, 1.8664040323375055]",0.15549337576909678,0.36790781405036665,0.647523393276879,1.911193169814526,0.1750559868296898,0.9502528384756771,0.17725952890954563
timing_sum_30_lag2,full,1.5959655891753588,1.0191064313876053,1.3010064134578545,-0.5236271942691303,"[1.9801727945424692, 1.220749162305871, 1.5869748106777362]",0.3100985745139245,0.7594236322365981,0.5670063640332089,1.7135242886864344,0.16620661165831432,0.9483140196943983,0.15521799215409093
timing_sum_30_lag2,2023-24,0.74338645944454,0.4406177559248256,0.3786050801890122,-0.44758909967487126,"[1.2031871812340964, -0.07605461031965811, 1.1030268074191818]",0.580873351218035,1.2792417915537546,0.49897669052523486,1.5027055996783358,0.15946059755891148,0.9509403815257035,0.13659486903128304
timing_sum_30_lag2,2025-26,2.212774327935221,1.4757605184143856,2.5202396525368616,-0.39390222284323845,"[2.5752571179381727, 2.155676579714456, 1.9073892861530344]",0.27562894722465425,0.6678678317851383,0.6207084151955099,1.8799427857817512,0.17153185835768694,0.9470921882643365,0.16991892865977085
timing_all_30_lag2,full,1.4748786312874393,0.9454844161368414,1.1369392348603775,-0.5285788307685808,"[1.870469419392772, 1.0899414639956022, 1.4642250104739438]",0.3187382384930199,0.7805279553971698,0.5683099386811598,1.748752320303004,0.17024763047734112,0.9488788629361274,0.15557484571396749
timing_all_30_lag2,2023-24,0.6590126831294975,0.3956422322800898,0.30500798274945556,-0.47570435234641106,"[1.1628365050715688, -0.0915216873200964, 0.9057232316370201]",0.5409887181594353,1.2543581923916651,0.5078079301916275,1.5465020039277597,0.16419617906865216,0.9535331280442194,0.13901242088995802
timing_all_30_lag2,2025-26,2.073057880002228,1.379525204017522,2.199794656370608,-0.39546924179725473,"[2.4164789146448595, 1.9680332831738792, 1.8346614421879457]",0.24886477890379996,0.5818174724569138,0.6160697144934894,1.9084070162248032,0.17502459523989433,0.9466692113793728,0.1686490843425927
timing_usdt_14_lag7,full,1.414923604986349,0.9395060806566425,1.0868380653647183,-0.5822193580608553,"[1.7196840534525966, 1.0172258950190587, 1.5078608664873911]",0.2942106581107537,0.7024581584335379,0.6022184652006661,1.7388517932123673,0.16848940630215817,0.9538250743298321,0.16485730484868236
timing_usdt_14_lag7,2023-24,0.4747339802915132,0.2866735316011401,0.1742684590829362,-0.5258924721926016,"[0.8749333181508427, -0.38584607938024035, 0.9351147021039372]",0.6090177770104398,1.3209607814841775,0.5195867450920444,1.519184074950455,0.16224255009850538,0.9575013171974248,0.14223687146894715
timing_usdt_14_lag7,2025-26,2.097739790744338,1.4548465951996759,2.372229906740149,-0.4121526108330309,"[2.365917527382247, 2.044586563203667, 1.8827152816471007]",0.2008150920114736,0.48320224573514614,0.6674472489369573,1.9122556394534402,0.17342062196369998,0.951858798756021,0.18271368439649205
timing_usdc_14_lag7,full,1.2486036808661292,0.8301792085205371,0.8533285666171045,-0.6149255038564486,"[1.4117863484311235, 0.9371704395362905, 1.3968542546309735]",0.22030091497800797,0.47461590889483296,0.6130714074539121,1.7884048094468217,0.17497090126265355,0.9543804339280011,0.16782829779050842
timing_usdc_14_lag7,2023-24,0.3566872679234703,0.22872494888629605,0.06092824821858326,-0.6149255038564486,"[0.6885100090919408, -0.3042158596164315, 0.6857676542949015]",0.46733042423355803,0.9927258687083723,0.546128558056266,1.5850997171657146,0.17272990672622726,0.9683957412083837,0.14950269276790282
timing_usdc_14_lag7,2025-26,1.9373015639423083,1.3049621342224498,1.929338435935125,-0.46236214096704914,"[1.998628619994709, 1.911693157842892, 1.9015829139893232]",0.043560763007821614,0.09704570600538576,0.6659155288192926,1.9488921365829224,0.17673992347081527,0.9480964766779109,0.18229437601428136
timing_sum_14_lag7,full,1.2871910824791213,0.8591418989113532,0.906364635582834,-0.6128066860265026,"[1.5192891776354223, 1.0342311428737931, 1.3080529269281487]",0.198572802244861,0.4850580347616291,0.616831480923271,1.7678406531098512,0.17258534355264432,0.9542456228379667,0.16885761790274545
timing_sum_14_lag7,2023-24,0.479810928068813,0.29812749283176015,0.1541799605576677,-0.5490321153304744,"[0.8099322949023453, -0.14393819319991424, 0.7734386825040079]",0.44130878883090624,0.9538704881022595,0.5533560117449436,1.5497335171047986,0.16490669033831454,0.9564219267408243,0.15148120821517833
timing_sum_14_lag7,2025-26,1.854226583053391,1.30200194489618,1.8762354818331624,-0.5020202292408253,"[2.060365672563461, 1.8435920907760623, 1.6587219858206501]",0.16414268608863186,0.4016436867428108,0.6669384815539009,1.9400125888642294,0.17864680771247407,0.9535237900301919,0.18257440932538038
timing_all_14_lag7,full,1.4017355545861607,0.9195069819265956,1.0458926831303874,-0.5628399468654933,"[1.6956659425332479, 1.1452384863431804, 1.364302234882054]",0.2262646477026693,0.5504274561900675,0.6020530216561316,1.7618221780260732,0.17142160346731197,0.9514856021872348,0.16481201467836604
timing_all_14_lag7,2023-24,0.5626513924563102,0.3497332393736827,0.22071756832220232,-0.5126447283298118,"[0.9262973603215022, -0.10069404039583636, 0.8623508574432648]",0.4697819787035545,1.0269914007173386,0.527157318237794,1.5651132330351374,0.16680711038888774,0.9567132636312717,0.1443093158675961
timing_all_14_lag7,2025-26,2.012223693931023,1.3692815743318592,2.1358273490721458,-0.42396852765138987,"[2.2989761877065273, 2.0392500766537736, 1.6984448174327678]",0.24590960492699654,0.6005313702737596,0.6611750589879238,1.9171025620594795,0.1750642454293754,0.9490318736147079,0.18099667239794417
timing_usdt_30_lag7,full,1.4745176004410698,0.9508683306769034,1.1200525686345977,-0.5481084489704013,"[1.7315203199049265, 1.187724757832195, 1.5043077235860882]",0.22300073529063533,0.5437955620727315,0.5801247017348964,1.7468217028667359,0.16806032863576867,0.9501970895593957,0.1588091370999279
timing_usdt_30_lag7,2023-24,0.46770156406976016,0.27076450307467,0.1494606120527747,-0.5214766768246507,"[0.882902378208814, -0.21492756206897212, 0.7351298760694387]",0.48644703102313197,1.0978299402777862,0.49884837167263113,1.4991591307667544,0.1600393498697353,0.9488527695502628,0.13655974174538277
timing_usdt_30_lag7,2025-26,2.1649930744373433,1.4877365627622856,2.487935231824172,-0.3898208537970603,"[2.34591945949673, 2.161209137817319, 1.9878506259979816]",0.1462054741634682,0.3580688334987483,0.6442835519868564,1.9423244508894983,0.17439202170224735,0.9509216890959538,0.17637262235640194
timing_usdc_30_lag7,full,1.19773168053716,0.7696408804759646,0.7864490335038022,-0.6089968077924959,"[1.5383727174948578, 0.769040313189012, 1.2857820109276101]",0.32019028986958564,0.7693324043058458,0.6013900536346953,1.7421389018501838,0.17101614717104138,0.950836186340137,0.16463052718249785
timing_usdc_30_lag7,2023-24,0.3056536155855515,0.17857194681726016,0.0696810398315656,-0.578070633783498,"[0.8156226929994512, -0.6117582465539306, 0.7130964003111339]",0.6500570763498524,1.4273809395533819,0.5377883980877679,1.5255999588527942,0.1631659032296714,0.9572646811630267,0.14721957397652646
timing_usdc_30_lag7,2025-26,1.854865470791773,1.236225717342274,1.755529893589392,-0.41764918992990624,"[2.0988630196783187, 1.7943738954895299, 1.6713594972074708]",0.17969277196213895,0.4275035224708479,0.6515966647216614,1.9130729192553,0.17721306360525857,0.9477188271622312,0.17837458696755484
timing_sum_30_lag7,full,1.5147812682778874,0.9694319254481973,1.1777529630256829,-0.533736064517803,"[1.857061100627992, 1.198893922187981, 1.4883887820176895]",0.2693429427231726,0.6581671784400109,0.5682921834038438,1.7146698876283357,0.16646366484919697,0.948687485909533,0.15556998520680224
timing_sum_30_lag7,2023-24,0.49437210460403896,0.29352360119162585,0.18109822704647108,-0.5129810390041917,"[1.0013276654536147, -0.230685432751461, 0.7124740811099631]",0.5260801096500166,1.2320130982050757,0.5020475260113493,1.5046553904149123,0.15939510860739523,0.9506540034880088,0.13743551024560688
timing_sum_30_lag7,2025-26,2.239479497757953,1.5029882625368478,2.5895989251640734,-0.368251230372384,"[2.5071029489692362, 2.222146488440322, 1.9891890558642995]",0.21179239060422947,0.5179138931049367,0.6205851578821625,1.8804535624957186,0.17204352359857555,0.9476332664023689,0.169885186970242
timing_all_30_lag7,full,1.5221142527923384,0.986806325510058,1.2150539258465007,-0.5430245962990882,"[1.8756862793671571, 1.1143833853245881, 1.5762730936852702]",0.3131510914926395,0.761302894042569,0.5672523857611332,1.7493824652254155,0.17085376409971817,0.9501411826530411,0.15528534060211022
timing_all_30_lag7,2023-24,0.4439572395891007,0.2633281755634041,0.15708041272186268,-0.5367863465021588,"[0.9928260489756519, -0.3873862275057311, 0.7264318972973813]",0.5978240717931645,1.380212276481383,0.5086535843080208,1.5478090397505184,0.1646387242520995,0.9524043937842414,0.13924391870432068
timing_all_30_lag7,2025-26,2.28859542708379,1.5579138822542182,2.7690178919945794,-0.36338915387431553,"[2.5431287816934796, 2.196736695428324, 2.1259208041295667]",0.18228941105058882,0.4172079775639128,0.6135097859721707,1.908502829172838,0.1757598641978383,0.9488441223249664,0.16794830390988172
solo_tvl_14_lag2,full,0.9405534648117472,0.6751101436626477,0.5070859941825409,-0.6198391715658819,"[0.893834774083253, 1.0169992022177474, 0.910826418134241]",0.054498575318071285,0.12316442813449446,0.4974872464196964,1.828827746396857,0.23225707898528833,0.1419873547564879,0.13618713370739188
solo_tvl_14_lag2,2023-24,1.2480306676291109,0.8564207700244809,0.9064962320665396,-0.5565100496073211,"[1.0667971157310894, 0.9332719130829811, 1.744022974073262]",0.3549305293287652,0.8107510609902809,0.3961507278113607,1.397011576132669,0.17646698469545122,0.21500800842570364,0.10844626173836
solo_tvl_14_lag2,2025-26,0.7090271728907965,0.5319850626344299,0.31174424396624417,-0.581738434030122,"[0.7873428397319935, 1.0837755364862345, 0.2559631424541614]",0.3424600684097968,0.8278123940320731,0.577481440516136,2.1696997934384776,0.2762973094231316,0.09894559710909114,0.15808554434129224
blend_tvl_14_lag2,full,1.621832729057281,1.1998260423969629,1.5843230955753593,-0.6003955025779592,"[1.8914092611427613, 1.1366009231394334, 1.8374880028896476]",0.3438161375198682,0.7548083380033279,0.7159212629610346,2.368757137838335,0.22057965729811557,0.9781371893852677,0.1959834457355832
blend_tvl_14_lag2,2023-24,0.5178700926313741,0.34348926735689095,0.23243109586272073,-0.5879543494659671,"[0.9786287058548641, -0.4873773343116962, 1.0623589063509544]",0.7116387092012944,1.5497362406626507,0.6045438142806246,1.9615717317055328,0.20879298747680006,0.9772621400892477,0.16549386915932102
blend_tvl_14_lag2,2025-26,2.4408842017308974,1.8758110785440403,3.8403651125379756,-0.4359438730508458,"[2.5721964585995547, 2.3863283340647166, 2.364127812528421]",0.0932930772425481,0.20806864607113384,0.8038416826681914,2.690185867172497,0.22988395516018367,0.9792413083881879,0.22005166063041742
solo_tvl_native_adjusted_14_lag2,full,0.014131561681528904,0.011079185031607666,-0.23480699954355844,-0.8507071780599847,"[-0.28761966559959884, 0.1474616890091574, 0.18255266163502815]",0.21385072124296972,0.470172327234627,0.5998220793628563,1.8364542043171805,0.3060584306932453,-0.1134629821526857,0.1642012942255819
solo_tvl_native_adjusted_14_lag2,2023-24,-0.4802525200936898,-0.34212628184864946,-0.41081823418630115,-0.7585710399698712,"[-0.5751675290678172, -1.2039272789395787, 0.3383372477263265]",0.633193815377999,1.5422645266659052,0.4682612925254233,1.4082522353156437,0.2448716978671187,-0.11447878823912433,0.12818652882883463
solo_tvl_native_adjusted_14_lag2,2025-26,0.3700728148802312,0.2898966050650088,0.08133804245168745,-0.6501302427216389,"[-0.044542186379892296, 1.094813121912045, 0.05994750910854095]",0.5142411292984658,1.1393553082919372,0.7036750561799249,2.174473231329314,0.35435872212853403,-0.11529824628123447,0.19263104662925443
blend_tvl_native_adjusted_14_lag2,full,1.4970441240492516,1.1054875115942069,1.3594753555751655,-0.6458319774343825,"[1.7107892839543446, 1.013704074013157, 1.766639014180253]",0.34253272453713324,0.752934940167096,0.7523429758835362,2.369262307115912,0.2326639443625644,0.9710450693125408,0.20595388964811803
blend_tvl_native_adjusted_14_lag2,2023-24,0.2662604825823403,0.16206448145171556,0.08233388318212986,-0.6458319774343825,"[0.8002692502830209, -0.9479408373143282, 0.9464530347783282]",0.8606416438299399,1.8943938720926563,0.6346986699595757,1.9625218817778374,0.21920919508839742,0.9671382040576773,0.17374876090143385
blend_tvl_native_adjusted_14_lag2,2025-26,2.40450383654886,1.8502177038751748,3.7141723528579473,-0.4448833397036844,"[2.379577149679744, 2.52118652421988, 2.312747835746957]",0.08690100306970501,0.20843868847292324,0.8452103999046342,2.6903397723593834,0.24328501009225004,0.9734370300052214,0.23137634697389362
solo_stable_share_14_lag2,full,0.27949372135338674,0.2268579273421609,0.007465975462906023,-0.6974017742863188,"[-0.21898802956661956, 0.3100493778818878, 0.7474198157448919]",0.3951255218107493,0.9664078453115115,0.41872661722481713,1.6874670601149513,0.19026932978010047,-0.005155180119876126,0.1146264114652937
solo_stable_share_14_lag2,2023-24,-0.6357462308251608,-0.3469515967809729,-0.39074937721565517,-0.6655508652400032,"[-0.5828081153539711, -0.7788670120553022, -0.5455635650662088]",0.10233753839290488,0.23330344698909333,0.2566663852670337,1.0688635110514053,0.11209436200715184,-0.012757257590317763,0.0702624229668505
solo_stable_share_14_lag2,2025-26,0.788475461818424,0.6798183317201728,0.5491410039633616,-0.5866222536043425,"[0.015727091910058045, 1.0345815392629352, 1.3151177542822787]",0.5582891570870018,1.2993906623722207,0.5466555990822873,2.1757874904209644,0.25197999076779465,-7.150608920358098e-05,0.14964697024877616
blend_stable_share_14_lag2,full,1.5718498183052174,1.15346169174588,1.4729650765781253,-0.6531994907265029,"[1.7472738229010736, 1.1202941822275887, 1.8479814497869897]",0.32193412978781033,0.727687267559401,0.7241450572680287,2.369075867231443,0.21988048852279107,0.9784331026708549,0.19823470942712285
blend_stable_share_14_lag2,2023-24,0.2644385190126354,0.1673352402455386,0.03183592153624826,-0.6531994907265029,"[0.8250331688387108, -0.7011803840886232, 0.6694627722878185]",0.6857431183714053,1.526213552927334,0.6207785419069461,1.962725401930122,0.21349149883675692,0.9828526262793315,0.16993812584702653
blend_stable_share_14_lag2,2025-26,2.539154761339988,1.9319016050987237,4.169292948367025,-0.43323081217542914,"[2.4321409951298887, 2.5361076022020645, 2.6492156866880103]",0.08864656155344204,0.21707469155812165,0.8057417136997101,2.689845501307057,0.22492390315794442,0.9766662076027219,0.22057179412529565
solo_tvl_30_lag2,full,0.23934748745958187,0.17958983939513548,-0.10397835841250107,-0.806486409250209,"[0.12643485592068637, 0.287915983065651, 0.3036916233924082]",0.08010062204381263,0.1772567674717218,0.3894676702270144,1.83509187541544,0.19874442219375976,0.09979879647731131,0.10661677472464519
solo_tvl_30_lag2,2023-24,0.6059908863665334,0.43246586782692115,0.20395621212456794,-0.5756661275931693,"[0.858667054051518, 0.4103776248227782, 0.5489279802253043]",0.18740861689993407,0.4482894292287398,0.314631347446063,1.4015429307200395,0.15471361396199867,0.11750473746143898,0.08613033136335975
solo_tvl_30_lag2,2025-26,-0.03219523097787209,-0.020028367136040077,-0.2719655089948695,-0.7213560655140107,"[-0.4187432058663842, 0.21085596644282475, 0.11130154648994317]",0.27633587449677494,0.6295991723092089,0.4485428329838966,2.177331759995584,0.23350197128154618,0.09023474429810231,0.1227886005293417
blend_tvl_30_lag2,full,1.5432594347232484,1.1426502121092879,1.4377306441180353,-0.5925708716906654,"[1.7934967242462707, 1.0641472433529253, 1.772134336570549]",0.3388957134002108,0.7293494808933454,0.7068147732665877,2.369174468173315,0.2163326203169694,0.9766685604755594,0.19349054418172837
blend_tvl_30_lag2,2023-24,0.47675194587757347,0.3139884489915821,0.2002052411456565,-0.5859183292747175,"[1.0610356984586045, -0.5221077576780098, 0.8913278968521258]",0.7096904090385172,1.5831434561366142,0.5981741345676141,1.9619788247960546,0.2058898563789208,0.9746791744853963,0.16375016933788436
blend_tvl_30_lag2,2025-26,2.3281870468271637,1.7967888269884753,3.465005350463828,-0.42502603214907236,"[2.3424852681216883, 2.2830846465501, 2.3589912258097026]",0.032596334588048295,0.07590657925960276,0.792574778230208,2.690611278702011,0.22457605019630258,0.9782939602283641,0.21696734554051944
solo_tvl_native_adjusted_30_lag2,full,0.07539095710761758,0.04105226337457548,-0.1782495650301953,-0.8533019358062699,"[-0.5158219849856137, 0.5991136761913282, 0.14288118011713827]",0.4576655108937256,1.1149356611769419,0.4563457959887495,1.8369135216346824,0.24214913406827585,-0.07160456740062604,0.12492466165192018
solo_tvl_native_adjusted_30_lag2,2023-24,-0.08240195914217614,-0.06883606324013446,-0.261081890388464,-0.6714075389330544,"[-0.6776183410755794, 0.09413894383868686, 0.33627351981036413]",0.43233412558009976,1.0138918608859435,0.35431685692888104,1.4056365920052258,0.18398234679678582,-0.055259594633393694,0.09699423958428119
solo_tvl_native_adjusted_30_lag2,2025-26,0.21192681688335555,0.12779718266793472,-0.06710288044816042,-0.6878759660099427,"[-0.3948531730838263, 1.0285333338518292, 0.0021002898820636335]",0.5997375345969767,1.4233865069356555,0.5368865809564459,2.1773598966619914,0.2880655059237734,-0.08317926203399055,0.14697270153682707
blend_tvl_native_adjusted_30_lag2,full,1.4694504596470754,1.086914581449917,1.278835254087775,-0.6385096693376314,"[1.575769560046582, 1.139682472106659, 1.6928993467879858]",0.238033668403392,0.5532168746813269,0.7306530646901604,2.3696097222362487,0.22351657236381905,0.9722480743417998,0.2000162764589314
blend_tvl_native_adjusted_30_lag2,2023-24,0.26811298345949647,0.1713899816895719,0.012660114219568142,-0.6330538256606872,"[0.6138273586091593, -0.5903375605120015, 0.7808491522813316]",0.6108338957109306,1.371186712793333,0.6182599998183506,1.9624475191187158,0.20969281419447947,0.9684129947639368,0.16924867495027346
blend_tvl_native_adjusted_30_lag2,2025-26,2.3521734735356805,1.8096219878129978,3.52526117041956,-0.45081474789638065,"[2.2841101571654407, 2.469032292772809, 2.3033779706687914]",0.08300522025520203,0.18492213560736825,0.8193752032629149,2.6910201353056262,0.23442893060669875,0.9749602023220282,0.22430396189322296
solo_stable_share_30_lag2,full,-0.27177148050629024,-0.19314859455681846,-0.365854582932734,-0.8948701695904963,"[-0.33437808441054045, -0.5179666735638424, 0.03703031645551203]",0.23086085978637091,0.5549969900193544,0.32455076324183474,1.687551935532064,0.15693205437991883,-0.01743466477853485,0.08884577143745226
solo_stable_share_30_lag2,2023-24,-1.6923554594809278,-1.054858990616947,-0.7108337905370433,-0.8449532783576018,"[-1.3414054407079026, -1.7765272467523006, -1.9591336909825798]",0.2591147945424917,0.6177282502746773,0.23665613218757983,1.0712223064839215,0.10695293141206852,-0.08294728895312199,0.06478461618634998
solo_stable_share_30_lag2,2025-26,0.6223287110992017,0.4870783327542972,0.2759419204360444,-0.6381663935382317,"[0.23430159120471986, 0.2900180442347917, 1.3426664978580938]",0.509863364742024,1.1083649066533738,0.39393404454207337,2.174077352534186,0.19638515300976633,0.011828841428838999,0.10783944469339259
blend_stable_share_30_lag2,full,1.4592546330146874,1.0767666783936776,1.2954240798642387,-0.6860998096607922,"[1.679756915812731, 0.9657946817189497, 1.7322123015123811]",0.3495854063714317,0.7664176197934315,0.7139270833645571,2.369686119040214,0.2218689610249317,0.9764800632440324,0.19543753907104752
blend_stable_share_30_lag2,2023-24,0.09563262574074627,0.05092585912389471,-0.07828040843363993,-0.6860998096607922,"[0.6968229955257097, -0.8878084001787402, 0.4778832818752693]",0.7011185530514856,1.58463139570445,0.6229032045390458,1.9635688681272674,0.21273069627675364,0.9784154044540925,0.1705197522425638
blend_stable_share_30_lag2,2025-26,2.4791059330192087,1.8865567790965017,3.934481299162863,-0.42075721417952455,"[2.4269833551886535, 2.4319763912322223, 2.5783580526367507]",0.07021144274577196,0.15137469744809717,0.7857805664935883,2.690271655642322,0.22908263023332187,0.9762484054123474,0.2151074300776198
solo_tvl_14_lag7,full,0.02996744898483412,0.020049454852500787,-0.1899788266748059,-0.8355639288041355,"[0.08354030276373049, 0.09300479663239136, -0.08664275244161948]",0.08254634443182425,0.17964754907401084,0.5002949968261575,1.834170714984129,0.23559253914817294,0.09796481551716418,0.13695575538116062
solo_tvl_14_lag7,2023-24,-0.1937060009918461,-0.12045833224156767,-0.23490806830063868,-0.697936831270967,"[-0.08523129874229562, 0.5079486642663509, -1.0038353684995935]",0.6219312991012282,1.5117840327659444,0.4102291312268982,1.4034295777775707,0.18315957264875352,0.1397543384101589,0.11230022467336338
solo_tvl_14_lag7,2025-26,0.18692140228086288,0.13096511829961255,-0.08282609169014161,-0.6886682553201157,"[0.2264580984924117, -0.209813312584364, 0.5441194209345409]",0.30905879098570144,0.7539327335189049,0.5713922323850115,2.1741941399864984,0.2769826811898363,0.0674338332502439,0.15641862361539688
blend_tvl_14_lag7,full,1.4851295524666073,1.0942310728826712,1.3326104647281765,-0.6229557501529381,"[1.7725250151426473, 0.9964342979934923, 1.6864293442636826]",0.3473426789636154,0.776090717149155,0.7214413652781387,2.369759644280373,0.2237714666904083,0.97869873087738,0.1974945737448905
blend_tvl_14_lag7,2023-24,0.26632629571348027,0.17195316414502196,0.012468482057350553,-0.6229557501529381,"[0.8125320328636823, -0.5733932101380911, 0.5598400644148497]",0.6026662670225492,1.3859252430017732,0.6141245257960692,1.9628270640370158,0.20927135470534938,0.9774837669413202,0.16811658893667397
blend_tvl_14_lag7,2025-26,2.382697995014912,1.822269484460285,3.6168138614306713,-0.4438791126270627,"[2.5089383765753257, 2.209255155686209, 2.4299004527832024]",0.12681630346067282,0.2996832208891167,0.8061563742920658,2.6909887949872977,0.23521773293758433,0.9802474713089437,0.22068530746245302
solo_tvl_native_adjusted_14_lag7,full,-0.4832514562921588,-0.38233238688543053,-0.5001389209035839,-0.9620834139182209,"[-0.5943808242661951, -0.3862754406892134, -0.469098103921068]",0.08554609169305892,0.20810538357698172,0.6219410093089208,1.839577770084512,0.3166160264232034,-0.07122127208620127,0.17025635129831707
solo_tvl_native_adjusted_14_lag7,2023-24,-1.132241251270693,-0.8599275140099613,-0.6832124234433495,-0.850374070337832,"[-1.165500487321354, -1.447382865899616, -0.7838404005911088]",0.2719090330777655,0.6635424653085071,0.4800482329709345,1.4122307901686935,0.2505950834822824,-0.11989040628503501,0.13141320377579332
solo_tvl_native_adjusted_14_lag7,2025-26,0.009353733093786861,-0.0053228169556138365,-0.2557570491555653,-0.7770011729041298,"[-0.1891464562100112, 0.43810221619905576, -0.22089456070768398]",0.3034478888360686,0.6589967769067397,0.7339499715975654,2.1769218759150957,0.3687324025980958,-0.041924848938911734,0.20091880472483353
blend_tvl_native_adjusted_14_lag7,full,1.3344816482191522,0.9885981775919065,1.0858863354864465,-0.686008578673,"[1.5511433569431368, 0.8639718218000803, 1.588329765914239]",0.3330468733984456,0.7243579441141588,0.754677321884799,2.370268151345195,0.2327766611423333,0.9692022782221629,0.2065929168659637
blend_tvl_native_adjusted_14_lag7,2023-24,0.05864041948041521,0.019157118476791208,-0.09320299598837933,-0.6859977047591953,"[0.5638849724662808, -0.9811890292018027, 0.5932253151767676]",0.7353680147552725,1.5744143443785703,0.6379447263009694,1.9636554626769414,0.2167363726561434,0.9659788488104862,0.1746373688248904
blend_tvl_native_adjusted_14_lag7,2025-26,2.2430741224048187,1.7538667827592205,3.2345010305117774,-0.4641676246905013,"[2.2644371171013904, 2.2196005912925214, 2.245184658820545]",0.018365171468914063,0.04483652580886899,0.8468250494439532,2.691244782337607,0.24543872974453626,0.9708923667431314,0.2318183572852822
solo_stable_share_14_lag7,full,0.02776587045278824,0.016103607889142297,-0.15160923916641542,-0.7261441558459989,"[-0.4364664740566735, 0.10029521357636925, 0.41946887183866893]",0.35317767794572225,0.8559353458953425,0.4215192185998622,1.6856431767149491,0.19003393600339194,0.010552344242733798,0.11539088609171227
solo_stable_share_14_lag7,2023-24,-0.8501389536157623,-0.5048941943235157,-0.4948244666979868,-0.658554048891915,"[-0.9084229623165947, -0.8652469398207745, -0.7767469587099181]",0.05480773009247574,0.13167600360667664,0.2673807729027468,1.0666579277516937,0.10883599428879613,-0.02218395037796958,0.07319548658212693
solo_stable_share_14_lag7,2025-26,0.6321070205864577,0.42737488389476613,0.30907929819501123,-0.5841557167994441,"[-0.12634501803418272, 0.8272339854580325, 1.1954320943355232]",0.5569737175194142,1.321777112369706,0.543194809118958,2.1742649177062243,0.2541309071540713,0.025363921802322786,0.14869957899631478
blend_stable_share_14_lag7,full,1.5041079075250803,1.1094256254798787,1.3672697128942264,-0.6467900810144168,"[1.680753258422499, 1.0353256859944446, 1.7962447781582978]",0.3348155225395219,0.7609190921638531,0.7262433443330695,2.3691907078659487,0.2221476394223413,0.9787616595597736,0.1988091155111778
blend_stable_share_14_lag7,2023-24,0.2349364668455656,0.1487503456093931,0.022612587738376228,-0.643633517714085,"[0.7822197791229666, -0.804707848626923, 0.7272974700406533]",0.7354814033585657,1.5869276277498896,0.6241457043971468,1.963072874060325,0.214721476492013,0.9802257761304215,0.17085988657871892
blend_stable_share_14_lag7,2025-26,2.460197016106427,1.8677745983573597,3.8490729863323048,-0.43516960528304605,"[2.367461515554186, 2.4896844504082, 2.5234450823568944]",0.06700671540674008,0.1559835668027083,0.8068383611935638,2.689776704598625,0.22800978987904352,0.9790766395426772,0.22087200137673807
solo_tvl_30_lag7,full,0.10093752106162797,0.0672824372955509,-0.14937380785524065,-0.7770692588880088,"[-0.00302756620702707, -0.06491568489457288, 0.37075581428648385]",0.1924560007339369,0.43567149918105674,0.39744140002509587,1.8339451073008215,0.18741098913056678,0.0517817826700278,0.10879958325686999
solo_tvl_30_lag7,2023-24,0.2616772353374808,0.19641408390079343,-0.08975114817921621,-0.5690794577841635,"[0.18806333461079408, 0.2658312789474453, 0.33113709245420303]",0.05848342844825772,0.14307375784340895,0.32901745864417387,1.4027036753875155,0.1483507648616553,0.03778948914337002,0.0900685293038426
solo_tvl_30_lag7,2025-26,-0.04992530283421418,-0.034652996686122595,-0.1871825129563158,-0.6568724223659941,"[-0.1965001318303633, -0.3637784397217935, 0.4105026630495142]",0.33265692226739735,0.7742811027713077,0.45145468292485647,2.1743634607300457,0.21824480111195407,0.06472209939715132,0.12358571945067946
blend_tvl_30_lag7,full,1.5335270686389764,1.129914096451264,1.4219681697134143,-0.6018561506835615,"[1.795858657711467, 1.0204438543494623, 1.7842786938559996]",0.3628354195131892,0.7754148033620047,0.7126957349007056,2.3691370313394065,0.21876676923699426,0.9776589664975613,0.19510045742906815
blend_tvl_30_lag7,2023-24,0.40824262530260685,0.26661404216993945,0.13998739479089592,-0.59183426657158,"[0.9680279532357379, -0.5731535941460425, 0.8298535168181254]",0.6962408339939601,1.5411815473817803,0.6087277043948905,1.9621055803293768,0.20431085607357738,0.9699757571235813,0.16663920907810129
blend_tvl_30_lag7,2025-26,2.366009267801313,1.8113958865703748,3.557429245085054,-0.43879129984024523,"[2.4221553062426477, 2.2509176922078233, 2.424954804953469]",0.08139005826963547,0.17403711274564548,0.7947672223202726,2.6904442297966216,0.23017814530671177,0.9830507523717499,0.21756752711017463
solo_tvl_native_adjusted_30_lag7,full,0.4421408740568918,0.3346670616727041,0.05109905499034695,-0.7485711112273853,"[0.6177522960388117, 0.5492594951986077, 0.15941083093325606]",0.20186633185560135,0.4583414651055556,0.4725263612236093,1.834999861221651,0.24496283508083275,-0.03157949673961816,0.12935409138496304
solo_tvl_native_adjusted_30_lag7,2023-24,-0.167858376305653,-0.12526575299501477,-0.3011703550010005,-0.6803442419064591,"[-0.22337594240887887, 0.38989624250493404, -0.6700954290130141]",0.43451677070156375,1.059991671517948,0.3602400032042143,1.4072874239840518,0.18903157813684177,-0.057150467132959216,0.09861570087715366
solo_tvl_native_adjusted_30_lag7,2025-26,0.9209455081049768,0.6977341509423854,0.5135375006194439,-0.5791129515528288,"[1.3054700984439145, 0.6712301314863991, 0.7861362943846165]",0.2759169283190067,0.6342399669575154,0.5611642663060021,2.1726324559833126,0.28911449812866336,-0.015027795811866772,0.15361871790126808
blend_tvl_native_adjusted_30_lag7,full,1.5639589159190794,1.156720205179458,1.4724992926115645,-0.6394729619713297,"[1.8621530243639133, 1.1143957176103847, 1.7153280057829396]",0.3234910596142061,0.7477573067535286,0.7307198459662062,2.3691476146738455,0.22552155859518022,0.9728659556089423,0.20003455783324897
blend_tvl_native_adjusted_30_lag7,2023-24,0.259366729961956,0.16750786303629636,0.013198281142601872,-0.6394729619713297,"[0.8016990842141793, -0.5980781668207575, 0.5744792724924461]",0.6133601573701777,1.3997772510349369,0.6230618007867563,1.9627011390565514,0.21507548424329603,0.9691073140588963,0.17056316796537455
blend_tvl_native_adjusted_30_lag7,2025-26,2.5044735419068824,1.9375960946091613,4.1330097202838525,-0.4308701877853685,"[2.6358612361876723, 2.402697542281991, 2.4748618472509825]",0.09746440849264315,0.23316369390568115,0.8157041998832134,2.689993038484065,0.23376760168730717,0.9752816786997712,0.22329902471802968
solo_stable_share_30_lag7,full,0.03171874663195828,0.019660405102508976,-0.13261647066414417,-0.7744035704986718,"[0.12999401275960024, -0.6764709967634026, 0.6416332238996773]",0.5425822242338332,1.3181042206630798,0.3250132572150892,1.6846797193631164,0.15674413188084058,-0.03848725923096225,0.08897237916263068
solo_stable_share_30_lag7,2023-24,-0.8524681860839216,-0.5129755408513165,-0.4974963107183392,-0.6977474247781245,"[-0.6606404286566483, -1.2153001998355975, -0.6814639297595191]",0.25670178184275433,0.5546597711789492,0.232169949218058,1.0667538650186692,0.11331979824767376,-0.084311070556163,0.06355652359844338
solo_stable_share_30_lag7,2025-26,0.6395303856523676,0.44011873373376603,0.3875890540104951,-0.5476942059641536,"[0.6562177095464486, -0.32258285632529754, 1.5849563037359518]",0.7788389914378341,1.9075391600612492,0.3983029824046334,2.1724651831670014,0.1910229350296431,-0.014714385585240186,0.10903544143326839
blend_stable_share_30_lag7,full,1.5122051168116701,1.108493618000482,1.405122366932403,-0.6516054733071122,"[1.7761769297558079, 0.91964642081024, 1.8407919998689626]",0.4198318178958637,0.9211455790587226,0.7148009698178148,2.369150142456435,0.21995695259834813,0.9771650908059125,0.1956767654876268
blend_stable_share_30_lag7,2023-24,0.21070958710386475,0.13064003545685415,0.010062258227432267,-0.6516054733071122,"[0.7702582073353629, -0.8551603456679593, 0.7170308996441906]",0.7539970476340395,1.625418553003322,0.6257468098527564,1.963135764153532,0.2125793997388524,0.9777545314357733,0.17129818919719209
blend_stable_share_30_lag7,2025-26,2.4989900001502607,1.8804029982923318,3.9484939284930953,-0.4117948611753064,"[2.5521977412221517, 2.325073979481266, 2.6196982797473645]",0.1260268949055507,0.2946243002660984,0.7850995734719796,2.6896544722868074,0.22578073067464274,0.9783223972904033,0.2149210082379544
