,p0,p1,p2
2023-08-13 00:00:00+00:00,0.0,0.0,0.0
2023-08-14 00:00:00+00:00,0.0,0.0,0.0
2023-08-15 00:00:00+00:00,0.0,0.0,0.0
2023-08-16 00:00:00+00:00,0.0,0.0,0.0
2023-08-17 00:00:00+00:00,0.0,0.0,0.0
2023-08-18 00:00:00+00:00,0.0,0.0,0.0
2023-08-19 00:00:00+00:00,0.0,0.0,0.0
2023-08-20 00:00:00+00:00,0.0,0.0,0.0
2023-08-21 00:00:00+00:00,0.0,0.0,0.0
2023-08-22 00:00:00+00:00,0.0,0.0,0.0
2023-08-23 00:00:00+00:00,0.0,0.0,0.0
2023-08-24 00:00:00+00:00,0.0,0.0,0.0
2023-08-25 00:00:00+00:00,0.0,0.0,0.0
2023-08-26 00:00:00+00:00,0.0,0.0,0.0
2023-08-27 00:00:00+00:00,0.0,0.0,0.0
2023-08-28 00:00:00+00:00,0.0,0.0,0.0
2023-08-29 00:00:00+00:00,0.0,0.0,0.0
2023-08-30 00:00:00+00:00,0.0,0.0,0.0
2023-08-31 00:00:00+00:00,0.0,0.0,0.0
2023-09-01 00:00:00+00:00,0.0,0.0,0.0
2023-09-02 00:00:00+00:00,0.0,0.0,0.0
2023-09-03 00:00:00+00:00,0.0,0.0,0.0
2023-09-04 00:00:00+00:00,0.0,0.0,0.0
2023-09-05 00:00:00+00:00,0.0,0.0,0.0
2023-09-06 00:00:00+00:00,0.0,0.0,0.0
2023-09-07 00:00:00+00:00,0.0,0.0,0.0
2023-09-08 00:00:00+00:00,0.0,0.0,0.0
2023-09-09 00:00:00+00:00,0.0,0.0,0.0
2023-09-10 00:00:00+00:00,0.0,0.0,0.0
2023-09-11 00:00:00+00:00,0.0,0.0,0.0
2023-09-12 00:00:00+00:00,0.0,0.0,0.0
2023-09-13 00:00:00+00:00,0.0,0.0,0.0
2023-09-14 00:00:00+00:00,0.0,0.0,0.0
2023-09-15 00:00:00+00:00,0.0,0.0,0.0
2023-09-16 00:00:00+00:00,0.0,0.0,0.0
2023-09-17 00:00:00+00:00,0.0,0.0,0.0
2023-09-18 00:00:00+00:00,0.0,0.0,0.0
2023-09-19 00:00:00+00:00,0.0,0.0,0.0
2023-09-20 00:00:00+00:00,0.0,0.0,0.0
2023-09-21 00:00:00+00:00,0.0,0.0,0.0
2023-09-22 00:00:00+00:00,0.0,0.0,0.0
2023-09-23 00:00:00+00:00,0.0,0.0,0.0
2023-09-24 00:00:00+00:00,0.0,0.0,0.0
2023-09-25 00:00:00+00:00,0.0,0.0,0.0
2023-09-26 00:00:00+00:00,0.0,0.0,0.0
2023-09-27 00:00:00+00:00,0.0,0.0,0.0
2023-09-28 00:00:00+00:00,0.0,0.0,0.0
2023-09-29 00:00:00+00:00,0.0,0.0,0.0
2023-09-30 00:00:00+00:00,0.0,0.0,0.0
2023-10-01 00:00:00+00:00,0.0,0.0,0.0
2023-10-02 00:00:00+00:00,0.0,0.0,0.0
2023-10-03 00:00:00+00:00,0.0,0.0,0.0
2023-10-04 00:00:00+00:00,0.0,0.0,0.0
2023-10-05 00:00:00+00:00,0.0,0.0,0.0
2023-10-06 00:00:00+00:00,0.0,0.0,0.0
2023-10-07 00:00:00+00:00,0.0,0.0,0.0
2023-10-08 00:00:00+00:00,0.0,0.0,0.0
2023-10-09 00:00:00+00:00,0.0,0.0,0.0
2023-10-10 00:00:00+00:00,0.0,0.0,0.0
2023-10-11 00:00:00+00:00,0.0,0.0,0.0
2023-10-12 00:00:00+00:00,0.0,0.0,0.0
2023-10-13 00:00:00+00:00,0.0,0.0,0.0
2023-10-14 00:00:00+00:00,0.0,0.0,0.0
2023-10-15 00:00:00+00:00,0.0,0.0,0.0
2023-10-16 00:00:00+00:00,0.0,0.0,0.0
2023-10-17 00:00:00+00:00,0.0,0.0,0.0
2023-10-18 00:00:00+00:00,0.0,0.0,0.0
2023-10-19 00:00:00+00:00,0.0,0.0,0.0
2023-10-20 00:00:00+00:00,0.0,0.0,0.0
2023-10-21 00:00:00+00:00,0.0,0.0,0.0
2023-10-22 00:00:00+00:00,0.0,0.0,0.0
2023-10-23 00:00:00+00:00,0.0,0.0,0.0
2023-10-24 00:00:00+00:00,0.0,0.0,0.0
2023-10-25 00:00:00+00:00,0.0,0.0,0.0
2023-10-26 00:00:00+00:00,0.0,0.0,0.0
2023-10-27 00:00:00+00:00,0.0,0.0,0.0
2023-10-28 00:00:00+00:00,0.0,0.0,0.0
2023-10-29 00:00:00+00:00,0.0,0.0,0.0
2023-10-30 00:00:00+00:00,0.0,0.0,0.0
2023-10-31 00:00:00+00:00,0.0,0.0,0.0
2023-11-01 00:00:00+00:00,0.0,0.0,0.0
2023-11-02 00:00:00+00:00,0.0,0.0,0.0
2023-11-03 00:00:00+00:00,0.0,0.0,0.0
2023-11-04 00:00:00+00:00,0.0,0.0,0.0
2023-11-05 00:00:00+00:00,0.0,0.0,0.0
2023-11-06 00:00:00+00:00,0.0,0.0,0.0
2023-11-07 00:00:00+00:00,0.0,0.0,0.0
2023-11-08 00:00:00+00:00,0.0,0.0,0.0
2023-11-09 00:00:00+00:00,0.0,0.0,0.0
2023-11-10 00:00:00+00:00,0.0,0.0,0.0
2023-11-11 00:00:00+00:00,0.0,0.0,0.0
2023-11-12 00:00:00+00:00,0.0,0.0,0.0
2023-11-13 00:00:00+00:00,0.0,0.0,0.0
2023-11-14 00:00:00+00:00,0.0,0.0,0.0
2023-11-15 00:00:00+00:00,0.0,0.0,0.0
2023-11-16 00:00:00+00:00,0.0,0.0,0.0
2023-11-17 00:00:00+00:00,0.0,0.0,0.0
2023-11-18 00:00:00+00:00,0.0,0.0,0.0
2023-11-19 00:00:00+00:00,0.0,0.0,0.0
2023-11-20 00:00:00+00:00,0.0,0.0,0.0
2023-11-21 00:00:00+00:00,0.0,0.0,0.0
2023-11-22 00:00:00+00:00,0.0,0.0,0.0
2023-11-23 00:00:00+00:00,0.0,0.0,0.0
2023-11-24 00:00:00+00:00,0.0,0.0,0.0
2023-11-25 00:00:00+00:00,0.0,0.0,0.0
2023-11-26 00:00:00+00:00,0.0,0.0,0.0
2023-11-27 00:00:00+00:00,0.0,0.0,0.0
2023-11-28 00:00:00+00:00,0.0,0.0,0.0
2023-11-29 00:00:00+00:00,0.0,0.0,0.0
2023-11-30 00:00:00+00:00,0.0,0.0,0.0
2023-12-01 00:00:00+00:00,0.0,0.0,0.0
2023-12-02 00:00:00+00:00,0.0,0.0,0.0
2023-12-03 00:00:00+00:00,0.0,0.0,0.0
2023-12-04 00:00:00+00:00,0.0,0.0,0.0
2023-12-05 00:00:00+00:00,0.0,0.0,0.0
2023-12-06 00:00:00+00:00,0.0,0.0,0.0
2023-12-07 00:00:00+00:00,0.0,0.0,0.0
2023-12-08 00:00:00+00:00,0.0,0.0,0.0
2023-12-09 00:00:00+00:00,0.0,0.0,0.0
2023-12-10 00:00:00+00:00,0.0,0.0,0.0
2023-12-11 00:00:00+00:00,0.0,0.0,0.0
2023-12-12 00:00:00+00:00,0.0,0.0,0.0
2023-12-13 00:00:00+00:00,0.0,0.0,0.0
2023-12-14 00:00:00+00:00,0.0,0.0,0.0
2023-12-15 00:00:00+00:00,0.0,0.0,0.0
2023-12-16 00:00:00+00:00,0.0,0.0,0.0
2023-12-17 00:00:00+00:00,0.0,0.0,0.0
2023-12-18 00:00:00+00:00,0.0,0.0,0.0
2023-12-19 00:00:00+00:00,0.0,0.0,0.0
2023-12-20 00:00:00+00:00,0.0,0.0,0.0
2023-12-21 00:00:00+00:00,0.0,0.0,0.0
2023-12-22 00:00:00+00:00,0.0,0.0,0.0
2023-12-23 00:00:00+00:00,0.0,0.0,0.0
2023-12-24 00:00:00+00:00,0.0,0.0,0.0
2023-12-25 00:00:00+00:00,0.0,0.0,0.0
2023-12-26 00:00:00+00:00,0.0,0.0,0.0
2023-12-27 00:00:00+00:00,0.0,0.0,0.0
2023-12-28 00:00:00+00:00,0.0,0.0,0.0
2023-12-29 00:00:00+00:00,0.0,0.0,0.0
2023-12-30 00:00:00+00:00,-0.0007593750000000066,-0.0002531249999999652,-0.0010124999999999718
2023-12-31 00:00:00+00:00,0.021388810281607107,0.001782063818194235,0.013433568301182586
2024-01-01 00:00:00+00:00,0.003685786909046751,-0.031415527515878394,0.0416292760397623
2024-01-02 00:00:00+00:00,-0.033003950655531744,0.020641333695554653,-0.010598711829451712
2024-01-03 00:00:00+00:00,0.1569048549512091,0.10664773460873533,0.044635853439912276
2024-01-04 00:00:00+00:00,-0.03332434956391683,-0.0064593180110155135,-0.028521722228306623
2024-01-05 00:00:00+00:00,0.04152586695540661,0.0244510197359864,0.014985803289529365
2024-01-06 00:00:00+00:00,0.044579041124308105,-0.041438934893795576,-0.014687854261743016
2024-01-07 00:00:00+00:00,0.014789830612575328,0.038417033344068985,0.009389107215818093
2024-01-08 00:00:00+00:00,-0.03785369512058423,-0.07536208568610236,0.07492792347158073
2024-01-09 00:00:00+00:00,-0.008217653984440187,-0.007444006875709452,-0.04122082359139978
2024-01-10 00:00:00+00:00,-0.06998254359238498,0.0014589070500776735,0.03467560693796634
2024-01-11 00:00:00+00:00,-0.00829593353790914,0.011198027947349143,-7.35094913860701e-05
2024-01-12 00:00:00+00:00,0.015826325417112708,0.03141140764092487,0.01708920810911474
2024-01-13 00:00:00+00:00,-0.03784909620747401,-0.06000040876940771,-0.03976957443218232
2024-01-14 00:00:00+00:00,-0.005456660838021765,0.01555129789514087,-0.006528169485681801
2024-01-15 00:00:00+00:00,0.025054186599952066,0.006815188743790612,0.008899214470532879
2024-01-16 00:00:00+00:00,-0.035314341308643415,-0.021304983912263986,-0.03630826995681147
2024-01-17 00:00:00+00:00,-0.026910322575565027,-0.0042401576781488926,0.03976235351843305
2024-01-18 00:00:00+00:00,0.014365546545632046,0.04396242810372031,-0.019338430994905398
2024-01-19 00:00:00+00:00,0.045858419213854695,0.01834650245859004,0.058964458884545934
2024-01-20 00:00:00+00:00,-0.005780549238868726,-0.015500120605158263,-0.04088995427942166
2024-01-21 00:00:00+00:00,-0.02451361756804471,-0.022202872955763064,-0.026327341968201412
2024-01-22 00:00:00+00:00,0.07438119614248229,0.022409886566252757,-0.04890232456779442
2024-01-23 00:00:00+00:00,0.09429313784112714,0.08155906144414948,-0.0043724688087022345
2024-01-24 00:00:00+00:00,-0.01457632708405765,-0.02227407815714677,0.0075735736008173404
2024-01-25 00:00:00+00:00,-0.02117892992087167,-0.09090040811376299,-0.09849797462368715
2024-01-26 00:00:00+00:00,0.07978977775139895,0.07774585156075409,0.04938116755395261
2024-01-27 00:00:00+00:00,0.006328995207256494,-0.023152488822139383,0.004832466204263586
2024-01-28 00:00:00+00:00,0.02927725290674532,-0.027732935782713186,0.016036561752223788
2024-01-29 00:00:00+00:00,-0.041309480556190215,0.05239562789455654,-0.0336596566799785
2024-01-30 00:00:00+00:00,0.017199845165285277,0.023690612714757142,-0.013564200116612635
2024-01-31 00:00:00+00:00,0.015535446028206668,0.01009779753004203,0.020819329652178364
2024-02-01 00:00:00+00:00,-0.006753431881126759,0.003982410243375423,-0.0013066334608171637
2024-02-02 00:00:00+00:00,-0.006347226151741325,0.06257739095542258,0.008867909821880238
2024-02-03 00:00:00+00:00,0.012156776799814084,0.04590560350612005,0.012762446409257278
2024-02-04 00:00:00+00:00,0.020534335693914274,0.013638327424193575,0.02648256728613818
2024-02-05 00:00:00+00:00,-0.02154029521307821,0.014445279417929946,-0.03862398567684744
2024-02-06 00:00:00+00:00,-0.01374377845537822,-0.011778281854809669,0.028176263167431825
2024-02-07 00:00:00+00:00,-0.02669777932553219,-0.03009211300318171,-0.043127411243299774
2024-02-08 00:00:00+00:00,-0.005531871142997025,-0.0016143300368953728,-0.013198128338012927
2024-02-09 00:00:00+00:00,-0.017553241265030994,-0.04805387076427059,-0.03389931349124431
2024-02-10 00:00:00+00:00,0.015739329311377226,0.04109385153431777,0.01874950731963576
2024-02-11 00:00:00+00:00,0.010159213413436285,0.025015174645131255,-0.0026534643621588527
2024-02-12 00:00:00+00:00,0.009276878099326202,0.027144068641082653,0.02356271556794698
2024-02-13 00:00:00+00:00,-0.022096345696042352,-0.020661482815783283,-0.018676099029222848
2024-02-14 00:00:00+00:00,-0.10314788876433434,-0.12483315744363843,-0.0812947243787493
2024-02-15 00:00:00+00:00,0.08103497404156013,0.07013401335517777,0.03682025639537345
2024-02-16 00:00:00+00:00,-0.03701972909289952,-0.024960223351990884,-0.011056351457440217
2024-02-17 00:00:00+00:00,-0.009762696139536842,-0.011159312766258145,-0.02504298651379344
2024-02-18 00:00:00+00:00,0.017363656005908945,-0.04543924658492082,-0.019418012741496904
2024-02-19 00:00:00+00:00,-0.007101045952188079,0.009136034007762861,-0.0014569766843224308
2024-02-20 00:00:00+00:00,-0.007598946044651833,0.0354481028939857,0.04078907846550739
2024-02-21 00:00:00+00:00,-0.03981581493978903,-0.030074102907090672,-0.013144293150116004
2024-02-22 00:00:00+00:00,-0.025669386376587888,-0.025077632994031873,-0.00677344321560347
2024-02-23 00:00:00+00:00,0.09749183755606938,0.04947988032644868,0.04845692656486422
2024-02-24 00:00:00+00:00,0.013191477869666013,-0.008235773005212166,-0.017840121387592167
2024-02-25 00:00:00+00:00,0.0001199169221535179,0.0029118034096293766,0.004059488451133353
2024-02-26 00:00:00+00:00,0.03302233527603349,0.040026494209072894,0.035827088692125475
2024-02-27 00:00:00+00:00,0.021046274286753652,-0.0011524230641312139,0.08777806130023813
2024-02-28 00:00:00+00:00,0.13919669807316937,0.11405148256673026,0.15837554412150623
2024-02-29 00:00:00+00:00,-0.011764894521473446,-0.050085570696396964,-0.026785847111995165
2024-03-01 00:00:00+00:00,0.09743483806745101,0.06913965635727815,0.01889865040839278
2024-03-02 00:00:00+00:00,-0.009164205369891043,0.012709273436952051,-0.005781411515505486
2024-03-03 00:00:00+00:00,0.11876351130510843,0.10060738400719171,0.12292000710483886
2024-03-04 00:00:00+00:00,0.24225557817138776,0.1641821162226904,0.13008698938704488
2024-03-05 00:00:00+00:00,-0.0382088948817898,-0.05323225780022267,-0.056076386730035344
2024-03-06 00:00:00+00:00,-0.08431211742844691,-0.05628632450774573,-0.05625421098158834
2024-03-07 00:00:00+00:00,-0.07353139982763524,-0.06887206709688565,-0.05485657478558181
2024-03-08 00:00:00+00:00,0.09626570932303746,0.05290734206163439,0.0780432896529264
2024-03-09 00:00:00+00:00,-0.04039898961980348,-0.04066631315232494,-0.07572131942706228
2024-03-10 00:00:00+00:00,-0.036602959979571414,-0.0622648442204462,-0.020985083692601214
2024-03-11 00:00:00+00:00,0.04975196446202057,0.06983379700107717,0.04664393108812881
2024-03-12 00:00:00+00:00,-0.02448358527755312,-0.0318831313946949,-0.05482184350103425
2024-03-13 00:00:00+00:00,0.046152343544541674,0.08578171432259807,0.06831648284805514
2024-03-14 00:00:00+00:00,-0.013527495612613016,0.0002981653152158703,-0.005668198772323052
2024-03-15 00:00:00+00:00,0.06587991680327954,0.055781812321819224,0.06498569669000487
2024-03-16 00:00:00+00:00,-0.0038399594050151364,-0.07285292415126332,-0.0409764426689353
2024-03-17 00:00:00+00:00,0.00031685869543163214,0.019586419421913304,-0.04545210047984849
2024-03-18 00:00:00+00:00,0.10600888257557761,0.09481964002772503,0.08374142077851521
2024-03-19 00:00:00+00:00,0.010720595245931275,-0.028005412627087334,-0.00947491069735662
2024-03-20 00:00:00+00:00,-0.0653100008354065,0.012544672111062027,-0.07810960818860047
2024-03-21 00:00:00+00:00,-0.04926968965802281,-0.03506194470487656,-0.008542163288936866
2024-03-22 00:00:00+00:00,0.013862257959406765,0.020212639698161228,0.019933975972828977
2024-03-23 00:00:00+00:00,-0.038910939761885865,-0.027075267904516975,-0.05109031025412725
2024-03-24 00:00:00+00:00,-0.015900964963719177,0.0010384152282816306,-0.000241394809029849
2024-03-25 00:00:00+00:00,-0.010313746945833091,-0.008050712920780745,-0.028925634843225967
2024-03-26 00:00:00+00:00,-0.030653637742586226,-0.03603626624838119,-0.020594420450742446
2024-03-27 00:00:00+00:00,0.0024009590792979374,0.039748732925227515,0.011292935475343047
2024-03-28 00:00:00+00:00,-0.041392553373783114,-0.03621206924115694,-0.02135523273451989
2024-03-29 00:00:00+00:00,0.038343729327560805,0.04895958938806899,0.007701074285346721
2024-03-30 00:00:00+00:00,-0.004139407569936804,-0.020724661290163704,-0.0524127743775028
2024-03-31 00:00:00+00:00,0.028359147313482103,0.01710784876984972,0.02825878807021187
2024-04-01 00:00:00+00:00,0.0005918259755863797,0.004078126917849145,-0.0529847418676459
2024-04-02 00:00:00+00:00,0.003960877796670648,0.048525069499730566,0.04489826004690012
2024-04-03 00:00:00+00:00,-0.01202376194668564,-0.011049034170534489,-0.004754361702658194
2024-04-04 00:00:00+00:00,0.004731885517772705,0.015293901288263578,0.007500485727518269
2024-04-05 00:00:00+00:00,0.025331020812526583,0.006614971843881934,0.0046168467908980215
2024-04-06 00:00:00+00:00,-0.01959292529355139,0.002692320377327695,-0.017050636119397278
2024-04-07 00:00:00+00:00,-0.028614950842965725,-0.022881878462790106,-0.04807469032407208
2024-04-08 00:00:00+00:00,-0.020257260050073,-0.021985086533925613,-0.03555592433673793
2024-04-09 00:00:00+00:00,0.033787841492212145,-0.009062714749083045,0.020351541342233048
2024-04-10 00:00:00+00:00,-0.024110089197305062,-0.033438094881158675,-0.021270953287068295
2024-04-11 00:00:00+00:00,0.011219821661093032,-0.005184739058480825,0.024503264539098346
2024-04-12 00:00:00+00:00,0.07457616209783868,0.031980042418758625,0.08975942882199162
2024-04-13 00:00:00+00:00,0.022285433891989337,0.008007403282246361,0.07212009638788963
2024-04-14 00:00:00+00:00,-0.08102746517825143,-0.06053319793687406,-0.04587381715679206
2024-04-15 00:00:00+00:00,0.04378862233749525,-0.0021321819783906015,0.03830811252397104
2024-04-16 00:00:00+00:00,-0.03758428653943191,-0.018464797440159275,-0.022416516544332965
2024-04-17 00:00:00+00:00,0.022793130005025475,-0.03707116182185133,-0.02268548774555379
2024-04-18 00:00:00+00:00,-0.023035491530038477,-0.008424219829446855,0.011199084737390175
2024-04-19 00:00:00+00:00,-0.009730928585418352,0.002938710317483828,-0.01647364021351494
2024-04-20 00:00:00+00:00,-0.06725039025573876,-0.07977136147406971,-0.07621469920912083
2024-04-21 00:00:00+00:00,0.02726376899977634,0.005518187427214105,0.024174850507349355
2024-04-22 00:00:00+00:00,-0.0012245921646286684,0.013804504271954565,0.04957909401905969
2024-04-23 00:00:00+00:00,0.03628764121561834,0.023451228537033186,0.004864635752847457
2024-04-24 00:00:00+00:00,0.034714176636232885,0.02776861366262251,0.005633218605078927
2024-04-25 00:00:00+00:00,0.01323440461005454,0.012175132471375916,0.006796129046996002
2024-04-26 00:00:00+00:00,-0.027878688137232266,-0.0008403785615066495,-0.0005946546697216393
2024-04-27 00:00:00+00:00,-0.021148692137979763,-0.026043090943560943,-0.006136688173429494
2024-04-28 00:00:00+00:00,0.01683182394469651,0.01560851759632298,0.022588049671119936
2024-04-29 00:00:00+00:00,-0.010011599137668359,-0.0175546995582464,-0.0012610791514267028
2024-04-30 00:00:00+00:00,0.01952918205377685,0.010823198880390628,0.06956137612502533
2024-05-01 00:00:00+00:00,0.0029992975230388463,-0.0012097864826609017,-0.026811727871388746
2024-05-02 00:00:00+00:00,0.012707036053558163,0.0017659694581253493,0.0003455887888150766
2024-05-03 00:00:00+00:00,-0.06836549893835009,-0.04167788184992305,-0.12642318574023004
2024-05-04 00:00:00+00:00,-0.010114671531277875,0.0014918036494859788,0.024843665190110276
2024-05-05 00:00:00+00:00,0.0072457801826337764,0.02569420429157221,0.028923187557180707
2024-05-06 00:00:00+00:00,-0.03367611869454057,-0.008392642655772664,0.005199538968718942
2024-05-07 00:00:00+00:00,-0.011021454296662458,0.011830404675823525,0.001591979832596735
2024-05-08 00:00:00+00:00,0.013217037280720323,0.017064768646809947,-0.004567460618222108
2024-05-09 00:00:00+00:00,0.01197816333035795,0.02778335290067946,0.031814098359477905
2024-05-10 00:00:00+00:00,0.07403109686371612,0.01016475742440437,-0.0015505693203264892
2024-05-11 00:00:00+00:00,-0.012132288318926987,0.00654261394967337,-0.005546701367618256
2024-05-12 00:00:00+00:00,0.0028938540642020616,-0.0010377422342121578,-0.007196403581740118
2024-05-13 00:00:00+00:00,0.006926244668567616,0.06999135067132278,-0.006756483885999032
2024-05-14 00:00:00+00:00,0.020795301738078198,0.0009756338193500635,-0.029268970190225452
2024-05-15 00:00:00+00:00,-0.018251712014889954,-0.030088264948466503,-0.01333516945780222
2024-05-16 00:00:00+00:00,-0.022434402863472203,-0.04245813780076779,-0.012305047499714838
2024-05-17 00:00:00+00:00,-0.07180368204223175,-0.010246498728057607,-0.047134957678674816
2024-05-18 00:00:00+00:00,-0.010243282063295833,-0.03498443790150041,-0.013855006698645367
2024-05-19 00:00:00+00:00,0.001846851673008354,0.020211693469526226,0.03452631110965254
2024-05-20 00:00:00+00:00,-0.06449323210176017,-0.11154344767996394,-0.010735014632484385
2024-05-21 00:00:00+00:00,-0.032254612541512184,-0.12889397798054048,0.024570632469426368
2024-05-22 00:00:00+00:00,0.09044331433114561,0.04831506695412613,0.004898622038689071
2024-05-23 00:00:00+00:00,0.032649001474761796,0.06140874090613635,-0.012584886923002525
2024-05-24 00:00:00+00:00,0.02920182931540638,0.008941819447311428,-0.010155115937661163
2024-05-25 00:00:00+00:00,-0.013846945922300291,0.009831697031198239,0.03530006857213297
2024-05-26 00:00:00+00:00,0.03861355218824647,0.007368627293762309,0.03112292361690705
2024-05-27 00:00:00+00:00,0.009605971006974023,-0.002396639504382847,0.0015297273842345138
2024-05-28 00:00:00+00:00,-0.037096857253334115,-0.011315858214583696,-0.0170985641259338
2024-05-29 00:00:00+00:00,0.018137139980123118,-0.00010810849263953592,-0.021880408344744806
2024-05-30 00:00:00+00:00,0.006486919341751829,0.010333473272367222,0.03602122702110222
2024-05-31 00:00:00+00:00,0.007479481140632016,0.024900346971844067,-0.002155523026893702
2024-06-01 00:00:00+00:00,-0.003460341765250119,-0.013001194962491303,0.007952574085089426
2024-06-02 00:00:00+00:00,0.00029386817530774323,0.014295620236429274,0.019969621385618197
2024-06-03 00:00:00+00:00,-0.023887573347694646,-0.01340780157331023,-0.00015100556976888058
2024-06-04 00:00:00+00:00,0.06310205226354415,0.006258505676137505,0.01594900558121748
2024-06-05 00:00:00+00:00,-0.00880481734770211,0.010584946302486742,0.003070843181123273
2024-06-06 00:00:00+00:00,0.030455846484649385,0.04331448871864607,0.039178624357719904
2024-06-07 00:00:00+00:00,0.04930836872426214,0.049157778521486506,0.046383581550295316
2024-06-08 00:00:00+00:00,0.04275879062793053,0.0041891003206442345,0.0571629441903212
2024-06-09 00:00:00+00:00,-0.025260526063276,-0.011409826337692275,-0.02281086948701938
2024-06-10 00:00:00+00:00,0.003075155356345727,-0.023661056619048604,-0.04484631052270882
2024-06-11 00:00:00+00:00,0.011938378433619334,-0.02949984106898418,-0.01146951108607519
2024-06-12 00:00:00+00:00,-0.02090266422304543,-0.035981128864820966,-0.02702043481471772
2024-06-13 00:00:00+00:00,0.0222355348916623,0.04420882439306428,0.007098035591248664
2024-06-14 00:00:00+00:00,0.04750979519399179,0.022364990833011467,-0.01954908094650787
2024-06-15 00:00:00+00:00,-0.012435970085985737,-0.00568787871284393,-0.016972959160574286
2024-06-16 00:00:00+00:00,-0.040044650815769245,-0.008131033234694551,-0.014178057090986296
2024-06-17 00:00:00+00:00,0.126028401078079,-0.007908534450716376,0.08844790820828896
2024-06-18 00:00:00+00:00,0.0815916854854053,0.05858922212270401,0.07662462277370063
2024-06-19 00:00:00+00:00,0.0018300693416481995,0.016070419760081833,0.035318759770663455
2024-06-20 00:00:00+00:00,-0.0077500238847261205,-0.01823169412464709,-0.016589147778060198
2024-06-21 00:00:00+00:00,0.01188026928690955,0.030241977903075146,0.0014303339374612811
2024-06-22 00:00:00+00:00,-0.024790561550512513,-0.013095884860164886,-0.036988101337001034
2024-06-23 00:00:00+00:00,-0.012041229822981836,0.01969098064598418,0.028467107925241875
2024-06-24 00:00:00+00:00,0.0045152017794301,0.027439350866821144,-0.010364376804625763
2024-06-25 00:00:00+00:00,-0.011150716253133686,-0.01599226285994637,-0.039886530435135126
2024-06-26 00:00:00+00:00,0.021753370091066815,0.030316025898585286,0.015418864099873808
2024-06-27 00:00:00+00:00,-0.016790639283258635,-0.0012586220399553039,-0.005671299008950914
2024-06-28 00:00:00+00:00,-0.04149065306594546,-0.026817936140901888,-0.030997765948178713
2024-06-29 00:00:00+00:00,-0.007869100811582208,0.020899038502854905,0.006046877522347671
2024-06-30 00:00:00+00:00,0.015122289299239089,0.0093749383968329,0.013647218474729828
2024-07-01 00:00:00+00:00,-0.01336177611452738,0.0714294680984422,0.03639809935622362
2024-07-02 00:00:00+00:00,0.002725156512213056,0.02812687784052903,0.009897328752093593
2024-07-03 00:00:00+00:00,0.046786434186799175,0.027171442626465758,0.0008062864053997032
2024-07-04 00:00:00+00:00,-0.004579051483869612,-0.004012514912470899,-0.02709680295139394
2024-07-05 00:00:00+00:00,0.02659755818918552,0.006143768814404815,0.010770789434033645
2024-07-06 00:00:00+00:00,-0.032216794482075706,-0.08076137361822056,0.07832623425586371
2024-07-07 00:00:00+00:00,0.08591128446300567,-0.03729437284204029,-0.10690992250794851
2024-07-08 00:00:00+00:00,-0.0021009061329546608,0.0039908642716763865,0.005809934668518757
2024-07-09 00:00:00+00:00,-0.009388472371949175,0.015500074630123928,0.009492778070804953
2024-07-10 00:00:00+00:00,-0.03871425681042506,-0.05826450313983789,-0.00946592317396222
2024-07-11 00:00:00+00:00,-0.0027741578197409966,0.02543025285118561,0.034312527831277695
2024-07-12 00:00:00+00:00,-0.04243092188271058,-0.002693675480012092,-0.019714521650862404
2024-07-13 00:00:00+00:00,-0.00022166666917700084,-0.01977900210000394,-0.0033284165545800493
2024-07-14 00:00:00+00:00,-0.0697476505671043,-0.015354682109998241,-0.014344242851348388
2024-07-15 00:00:00+00:00,-0.11144297065894337,-0.21932410614938969,-0.1637121158928495
2024-07-16 00:00:00+00:00,0.03789414513266709,-0.23470760258254175,-0.1311078230861653
2024-07-17 00:00:00+00:00,-0.0016350861072008671,-0.0739382481576083,-0.010148714913699508
2024-07-18 00:00:00+00:00,-0.04058184767408646,-0.03647583346805805,-0.007316332283635929
2024-07-19 00:00:00+00:00,-0.03335420478388662,0.025755872788369327,0.01953454924771858
2024-07-20 00:00:00+00:00,-0.04479676668988053,-0.009620666904064823,-0.01864149850468677
2024-07-21 00:00:00+00:00,-0.06597881142917694,-0.03566008853468583,-0.05698680056844829
2024-07-22 00:00:00+00:00,0.09845119167370098,0.016044239480402123,-0.05207202215517359
2024-07-23 00:00:00+00:00,0.009914150792716958,0.023109480879393685,0.0598642530880753
2024-07-24 00:00:00+00:00,6.568534714523899e-05,-0.006019211725479479,0.036765869699252995
2024-07-25 00:00:00+00:00,0.004087894927536917,-0.015161082082124855,0.031466550373953295
2024-07-26 00:00:00+00:00,0.009144720447201715,-0.03223342196238255,-0.11253716041091444
2024-07-27 00:00:00+00:00,-0.020474962573911015,0.023173842241558162,-0.025709652398634986
2024-07-28 00:00:00+00:00,0.02410974992480397,0.0347831316617786,0.024639861397770302
2024-07-29 00:00:00+00:00,0.013047029684832623,-0.018074116439558363,-0.021925435401544235
2024-07-30 00:00:00+00:00,0.009390660765911107,-0.00023878165275759144,0.030021077086177295
2024-07-31 00:00:00+00:00,0.0011006296490128076,0.008799455944049184,0.011316455086158417
2024-08-01 00:00:00+00:00,-0.030404909517677714,-0.027875317418240453,-0.03252239474072527
2024-08-02 00:00:00+00:00,0.016474492320907475,0.035286371381690884,0.007375762573595068
2024-08-03 00:00:00+00:00,0.04642434101453374,0.06433654659913834,0.03723982353804023
2024-08-04 00:00:00+00:00,0.026204662420108882,0.02560100162502743,0.027242111476838415
2024-08-05 00:00:00+00:00,0.06999720121947828,0.03689225877718649,-0.07826406042762979
2024-08-06 00:00:00+00:00,-0.0523663695640707,-0.05321137276975463,0.04288584125677253
2024-08-07 00:00:00+00:00,0.01656773701728187,-0.09182033389485489,0.12414255583461498
2024-08-08 00:00:00+00:00,0.012274497139744822,-0.23135344711165684,0.027098087420806882
2024-08-09 00:00:00+00:00,0.0038021289584928564,-0.020446683809707822,0.018477914402659446
2024-08-10 00:00:00+00:00,-0.00790499596476002,-0.03435443122448689,-0.01856177170287665
2024-08-11 00:00:00+00:00,0.06763655799235879,-0.005695724009843972,0.03433833207850023
2024-08-12 00:00:00+00:00,-0.047546950935816845,0.009455263856778862,-0.005806587550958753
2024-08-13 00:00:00+00:00,0.003732896890682902,0.035967484216441026,0.01791842569593971
2024-08-14 00:00:00+00:00,0.011067461160429781,0.015549569732838942,0.0476822665276897
2024-08-15 00:00:00+00:00,0.012820047840115922,0.06276845787613694,0.05099229466330324
2024-08-16 00:00:00+00:00,0.06013498547667617,0.036088794760432696,0.026689734141351007
2024-08-17 00:00:00+00:00,-0.04484909192372777,-0.022654470619918987,-0.021168410718935493
2024-08-18 00:00:00+00:00,0.021556461011926764,0.018097407113160546,0.005400626406400821
2024-08-19 00:00:00+00:00,0.028057811738898986,0.02358417190627038,-0.0011467191259708631
2024-08-20 00:00:00+00:00,0.02481864660114086,0.02419639812937735,0.02856201913919132
2024-08-21 00:00:00+00:00,0.02518721509194699,0.0369958376297137,0.027002998585643923
2024-08-22 00:00:00+00:00,-0.11998788497032076,-0.09346145559654784,-0.08620908189264376
2024-08-23 00:00:00+00:00,-0.1943598333284865,-0.07705010389328937,0.0030037630454600173
2024-08-24 00:00:00+00:00,-0.10636452398220342,-0.07284553036886332,-0.05633910097615413
2024-08-25 00:00:00+00:00,-0.00014281590763720597,0.031457661346363075,0.034047953957472066
2024-08-26 00:00:00+00:00,-0.012322417649415551,0.028465400559634313,-0.004000028821381063
2024-08-27 00:00:00+00:00,0.007948005439188277,0.08342995482683024,-0.05229590395435113
2024-08-28 00:00:00+00:00,0.03888943501532971,0.007395506434583421,0.02840322627385672
2024-08-29 00:00:00+00:00,0.007866267197201404,0.021047952786961588,0.013311561468343225
2024-08-30 00:00:00+00:00,0.02051301820117324,0.01178017153726807,-0.004337052652183093
2024-08-31 00:00:00+00:00,-0.0034832306323457907,-0.013030036250322952,-0.009984902307449417
2024-09-01 00:00:00+00:00,0.009830894533507939,-0.005858346407458304,0.02945403905997801
2024-09-02 00:00:00+00:00,0.03591940998067367,0.003918445268495718,0.0035449343684248458
2024-09-03 00:00:00+00:00,0.001939800668254943,0.003348547772816124,-0.03160724064621434
2024-09-04 00:00:00+00:00,0.009024049190534678,0.03133864051561064,0.023323085776747465
2024-09-05 00:00:00+00:00,-0.01385462615136146,-0.0483444612029893,-0.029020951790762695
2024-09-06 00:00:00+00:00,0.0014753497429789153,-0.018690041338720542,0.04519591731007133
2024-09-07 00:00:00+00:00,0.018257524010522275,-0.004402797516188106,0.006176347161565454
2024-09-08 00:00:00+00:00,0.005588213872765646,-0.07225547441715352,0.004838854873530973
2024-09-09 00:00:00+00:00,-0.057426748623704116,-0.11128570170975305,-0.05009981616376491
2024-09-10 00:00:00+00:00,-0.02010385828389738,-0.07491831227468826,-0.11296763668850096
2024-09-11 00:00:00+00:00,0.032268478602035744,0.07403003595115187,0.03654598204409698
2024-09-12 00:00:00+00:00,-0.007679029712578167,-0.015046856429875577,-0.0660942620478886
2024-09-13 00:00:00+00:00,-0.08122143235588264,-0.04103533836068474,-0.05393001941645914
2024-09-14 00:00:00+00:00,0.018416985873336067,-0.029053589144561465,-0.03541486548522421
2024-09-15 00:00:00+00:00,0.02166688036158737,0.019278854023213166,0.001974344355410995
2024-09-16 00:00:00+00:00,0.017347122108880564,-0.01999426865777354,-0.015690702269055
2024-09-17 00:00:00+00:00,0.09483541508436666,0.10740788759360731,0.054273582987945934
2024-09-18 00:00:00+00:00,0.013205665183533721,-0.0036009188825817384,0.05379921038135138
2024-09-19 00:00:00+00:00,-0.06159149618964466,-0.025078312658415758,0.0032322860501927675
2024-09-20 00:00:00+00:00,0.006060682204705792,0.006388747293085917,0.004587568541423392
2024-09-21 00:00:00+00:00,0.022683039517056303,0.022450884697684304,0.008132787758374338
2024-09-22 00:00:00+00:00,-0.05668042795954331,-0.06741206880809925,-0.02761956036299207
2024-09-23 00:00:00+00:00,-0.029602351035641794,-0.014178728242166705,-0.039336778402409345
2024-09-24 00:00:00+00:00,-0.020435729437711436,-0.03984525684384532,0.014164447857850204
2024-09-25 00:00:00+00:00,-0.07071415868547759,0.026623990635758377,-0.010422724337323053
2024-09-26 00:00:00+00:00,-0.046099214908347674,-0.04324888295592899,-0.010506191930717779
2024-09-27 00:00:00+00:00,0.033987994082324224,-0.02076379099798442,0.009428948038035179
2024-09-28 00:00:00+00:00,0.05480248276618549,0.04796786151740218,0.05371024750547493
2024-09-29 00:00:00+00:00,-0.009896606928567642,0.005216912617851843,0.0062238903973306225
2024-09-30 00:00:00+00:00,0.0020660127217164703,-0.002658818106459737,0.09000003420316038
2024-10-01 00:00:00+00:00,-0.037549785245737266,-0.003385521922661172,0.010694962410623843
2024-10-02 00:00:00+00:00,-0.0044290929446139105,0.020056204890673612,0.009221212937022605
2024-10-03 00:00:00+00:00,-0.09046369748611827,-0.04613937586616812,-0.11607809995971585
2024-10-04 00:00:00+00:00,0.005625704549472976,-0.049964302541729566,0.06453952601143342
2024-10-05 00:00:00+00:00,-0.03418558079516587,-0.004537192813168667,-0.04458593971363689
2024-10-06 00:00:00+00:00,0.07203469646874439,0.0065086371500933105,0.04329532256960844
2024-10-07 00:00:00+00:00,-0.029891066793592214,-0.0015477477395894335,-0.020741193978156214
2024-10-08 00:00:00+00:00,0.002923851359015961,-0.006511344272363551,-0.009687018561379102
2024-10-09 00:00:00+00:00,0.005105935475318013,-0.05437887228738658,0.016331774600362392
2024-10-10 00:00:00+00:00,-0.004623210390996557,-0.010522145576552067,-0.008327365408798859
2024-10-11 00:00:00+00:00,-0.018398446751898168,0.035641839376184814,0.029027083298805545
2024-10-12 00:00:00+00:00,-0.00968097558790082,-0.03792197203912273,-0.017755366846728626
2024-10-13 00:00:00+00:00,-0.046133910231310526,-0.05889168046808402,-0.06190709479688605
2024-10-14 00:00:00+00:00,-0.06349408043226301,-0.052639747643959844,-0.0385202081717394
2024-10-15 00:00:00+00:00,-0.022707973736779463,-0.0006443533933293555,0.0024772421172827297
2024-10-16 00:00:00+00:00,-0.016555821827535788,-0.026280639493383995,-0.00919134198266891
2024-10-17 00:00:00+00:00,-0.008382385979190388,0.021512194412147245,0.030202041772850574
2024-10-18 00:00:00+00:00,0.036112408794328754,-0.012446928757211984,0.015996689802268316
2024-10-19 00:00:00+00:00,0.053597004321769726,0.06092515779200358,0.05461349009284433
2024-10-20 00:00:00+00:00,-0.03393431176952866,-0.07134691856409148,-0.05354193738891222
2024-10-21 00:00:00+00:00,0.03714654803606754,0.061412741228914935,0.06104295862232045
2024-10-22 00:00:00+00:00,-0.01007293210304816,-0.05400875020850804,-0.010622038192576566
2024-10-23 00:00:00+00:00,-0.0019879759649863438,0.005530837201550787,-0.004363621219933056
2024-10-24 00:00:00+00:00,0.012906744821362892,0.011879394000176013,0.018036356686222277
2024-10-25 00:00:00+00:00,0.054470703053137504,0.09669373125343572,0.0544674665184135
2024-10-26 00:00:00+00:00,-0.012066707894396012,-0.02406620922545266,-0.0022280033689092704
2024-10-27 00:00:00+00:00,-0.003561289556421765,7.924608206866246e-05,0.02706763848722238
2024-10-28 00:00:00+00:00,0.002342872905387594,0.025510893414247393,0.04449708965200494
2024-10-29 00:00:00+00:00,-0.06423287723549365,-0.01974033006775422,-0.01587447082954685
2024-10-30 00:00:00+00:00,-0.029486597087098443,-0.018229082780987782,-0.014561371655029576
2024-10-31 00:00:00+00:00,0.048615943560812225,-0.004262536254153071,0.035891973012724065
2024-11-01 00:00:00+00:00,0.02344510280295342,0.014415098865882214,0.024236957435249895
2024-11-02 00:00:00+00:00,0.03916505501032863,0.02056119257138933,0.04226678802685657
2024-11-03 00:00:00+00:00,-0.014480924467377032,0.029832119611994612,0.020193517123733518
2024-11-04 00:00:00+00:00,0.023591189221927822,0.027728663186433522,0.013171614961973388
2024-11-05 00:00:00+00:00,0.014726913008477727,-0.06140628397705339,-0.024464219128614406
2024-11-06 00:00:00+00:00,0.055891754961460594,-0.07839635364115183,-0.05073235118565189
2024-11-07 00:00:00+00:00,0.008033867005093898,-0.019421828043859724,0.031825133696366414
2024-11-08 00:00:00+00:00,0.07410908177456554,0.05462055883200878,0.05115413095500099
2024-11-09 00:00:00+00:00,-0.03208829053054818,0.011627898795315561,0.010873452228474356
2024-11-10 00:00:00+00:00,0.07405315864691575,-0.008722560463440554,0.02696334890059715
2024-11-11 00:00:00+00:00,0.013708978945464745,0.052455499857912535,0.08363823314526053
2024-11-12 00:00:00+00:00,-0.0413116324636601,0.08191564375574512,0.04852237088000755
2024-11-13 00:00:00+00:00,0.11052767520388729,0.048178592086822736,0.051172957082886716
2024-11-14 00:00:00+00:00,-0.05819769184951595,-0.04100032393570052,0.003352049021071446
2024-11-15 00:00:00+00:00,-0.01747766460502531,-0.08922626888473784,-0.012918733022046935
2024-11-16 00:00:00+00:00,-0.025423916477311348,-0.02490957545025263,0.044282323153986836
2024-11-17 00:00:00+00:00,0.03858974017310901,0.06761952485627187,0.0173504076482347
2024-11-18 00:00:00+00:00,-0.0041206388270405014,-0.02557749504851614,-0.011192286773917592
2024-11-19 00:00:00+00:00,0.01829821411969168,0.031098225698623194,0.03371137062343066
2024-11-20 00:00:00+00:00,0.08545971346237669,0.11163461272244479,0.042674605389269926
2024-11-21 00:00:00+00:00,-0.03714749449687815,-0.0388925426689819,-0.03558176790638168
2024-11-22 00:00:00+00:00,0.0565758712570128,0.04603737501946581,0.09144679403079947
2024-11-23 00:00:00+00:00,-0.011538277441557665,-0.053753117067004696,-0.015329046400341162
2024-11-24 00:00:00+00:00,-0.06023692649331014,-0.03684103388858473,-0.055399337569772666
2024-11-25 00:00:00+00:00,-0.04553015730051391,-0.08187717513935533,-0.04116985544997043
2024-11-26 00:00:00+00:00,0.0026670772269312693,-0.08163762612017689,0.004183193191297452
2024-11-27 00:00:00+00:00,-0.01423229399299808,-0.009943476460555378,-0.015720621897154397
2024-11-28 00:00:00+00:00,0.02021896186472416,-0.0017747478727488941,-0.012154910944039976
2024-11-29 00:00:00+00:00,-0.06492519119851958,-0.04591265623760454,-0.09157859276654579
2024-11-30 00:00:00+00:00,0.11852676486924718,0.11138892663459576,0.12507036956409046
2024-12-01 00:00:00+00:00,-0.024303412757435194,-0.011625256006315365,-0.0008922542595999339
2024-12-02 00:00:00+00:00,-0.10061207990676002,-0.09971337674378022,0.011749661244206067
2024-12-03 00:00:00+00:00,0.0759568238697712,0.050533019455558215,0.007312987420003081
2024-12-04 00:00:00+00:00,0.07224190488185522,0.018341579301788036,0.027023004015936714
2024-12-05 00:00:00+00:00,-0.0935856394531509,-0.08286452752155649,-0.07774907059819691
2024-12-06 00:00:00+00:00,0.06053113038030156,0.012356330940006544,0.061925547218700805
2024-12-07 00:00:00+00:00,-0.08559127820879764,-0.04605464807654147,-0.08390355424386187
2024-12-08 00:00:00+00:00,0.0389387332459572,0.02824529644437135,0.04068718704483443
2024-12-09 00:00:00+00:00,0.0750149726676026,0.099114074275231,0.025239980752657765
2024-12-10 00:00:00+00:00,0.019548264088535605,-0.024662084862800637,0.004857640574341904
2024-12-11 00:00:00+00:00,-0.037196086733929934,-0.008802360063925097,-0.022344796442551496
2024-12-12 00:00:00+00:00,0.014166541120060439,0.059617167900554824,0.034641338160709356
2024-12-13 00:00:00+00:00,-0.01033960508328069,0.033566235618508244,0.0181855354628071
2024-12-14 00:00:00+00:00,0.03628610378791719,0.021966277111814314,0.047005887714986594
2024-12-15 00:00:00+00:00,-0.025802184717504617,-0.023026185825445467,-0.02504167318139583
2024-12-16 00:00:00+00:00,0.038131328425599076,0.030843603041705192,0.05850166961960146
2024-12-17 00:00:00+00:00,0.0278205912101388,0.015128120948152635,0.0308699539644417
2024-12-18 00:00:00+00:00,0.05939035034368856,0.050966393756012085,0.06611790459913158
2024-12-19 00:00:00+00:00,0.060118770227229446,-0.013329794539009177,0.060552404001628535
2024-12-20 00:00:00+00:00,0.008130839022734149,0.06658556395640924,-0.0038777541521650694
2024-12-21 00:00:00+00:00,0.003650857386543027,0.019209249757058178,0.017829235425771195
2024-12-22 00:00:00+00:00,-0.08642924010319986,-0.062656266273311,-0.0751332245954427
2024-12-23 00:00:00+00:00,-0.020281054830456502,-0.03679469761382659,-0.023900834420249595
2024-12-24 00:00:00+00:00,-0.02229022956340898,-0.01459502288261949,-0.0035201094895158658
2024-12-25 00:00:00+00:00,-0.005823532230557871,0.004264491792359548,-0.0013906940754668806
2024-12-26 00:00:00+00:00,0.016139799456637238,-0.014784982766004484,0.03329943221159826
2024-12-27 00:00:00+00:00,0.008824553322422934,0.009361593923918665,-0.001616964312189939
2024-12-28 00:00:00+00:00,-0.001540031338788217,0.00876784273435649,-0.0007229068775408409
2024-12-29 00:00:00+00:00,0.043143516104703794,0.023615544378637665,0.033399984516116143
2024-12-30 00:00:00+00:00,-0.01621254077809553,-0.01623421020304816,-0.028090185123164857
2024-12-31 00:00:00+00:00,-0.011140872286059866,-0.0028278635514304984,0.008353628260306056
2025-01-01 00:00:00+00:00,0.032213487214352465,-0.0006587409527404331,-0.029715675408295228
2025-01-02 00:00:00+00:00,-0.03230071453527783,-0.030141598480408316,-0.023757851017806142
2025-01-03 00:00:00+00:00,-0.09359612350391866,-0.024853006468493533,-0.20970218899990312
2025-01-04 00:00:00+00:00,-0.015197492405239488,-0.014549309280147416,0.018229202755260188
2025-01-05 00:00:00+00:00,0.000943836493247252,-0.040507688085272386,-0.011766325890379403
2025-01-06 00:00:00+00:00,0.023391425583577208,-0.0018084142918963764,0.00611761405098088
2025-01-07 00:00:00+00:00,0.05043087782825273,0.04094391647964368,0.058074170581175366
2025-01-08 00:00:00+00:00,0.03798502485788169,0.0448015652117455,0.017608662488856286
2025-01-09 00:00:00+00:00,0.0023454652918590835,-0.012355345012566299,-0.027174635892181942
2025-01-10 00:00:00+00:00,0.01528381523370359,0.009805567819815009,0.02198046078483573
2025-01-11 00:00:00+00:00,0.022429428925042183,0.030399931275220782,0.0334337806827274
2025-01-12 00:00:00+00:00,0.001066686847066567,0.00678717757876135,0.0037233995528693775
2025-01-13 00:00:00+00:00,-0.04963509197001559,-0.016755052597693165,-0.02139041848462897
2025-01-14 00:00:00+00:00,-0.051206969039031214,0.011610711881110625,0.0406304625314855
2025-01-15 00:00:00+00:00,-0.0721322366760706,-0.07450632484723774,-0.0031861709944810412
2025-01-16 00:00:00+00:00,0.028159837553511036,0.07176724754270625,0.04478324735395067
2025-01-17 00:00:00+00:00,0.00581967126726135,-0.049279929218126295,0.0017866392913765683
2025-01-18 00:00:00+00:00,0.08918583674185698,0.10444049396080768,0.0391821196930604
2025-01-19 00:00:00+00:00,0.12274828789882197,0.09145039811851019,0.12289686010186718
2025-01-20 00:00:00+00:00,-0.03658758374792803,0.0042035255526742255,0.028771952260066902
2025-01-21 00:00:00+00:00,-0.06586988385903059,0.00326368660386267,-0.038619769626063616
2025-01-22 00:00:00+00:00,0.01776695469947076,-0.030014407950720745,0.002162038001593203
2025-01-23 00:00:00+00:00,0.030965707183778557,0.04368335768346321,0.023381927161582494
2025-01-24 00:00:00+00:00,0.1047542456141013,0.08755451697857675,0.05309042402295727
2025-01-25 00:00:00+00:00,0.007374617828910468,0.003768628185470746,0.026665852447779637
2025-01-26 00:00:00+00:00,0.03896064037151947,0.06168939116681238,0.015834361554718512
2025-01-27 00:00:00+00:00,0.05684513969500671,0.06226591725143016,0.053078190017670446
2025-01-28 00:00:00+00:00,0.1314608918012623,0.17734711025931982,0.1750867119924684
2025-01-29 00:00:00+00:00,-0.044381446783963385,-0.06205708464175286,-0.040573202922930096
2025-01-30 00:00:00+00:00,-0.08849152179626019,-0.017093410070339154,-0.07801812948599296
2025-01-31 00:00:00+00:00,0.09242070681977799,0.04339362678093894,0.06921754007212866
2025-02-01 00:00:00+00:00,0.13798150141232846,0.1693310743588743,0.19891592478320086
2025-02-02 00:00:00+00:00,-0.008268703965650381,-0.03390252321230958,-0.037187190288145544
2025-02-03 00:00:00+00:00,-0.0031201793096046204,-0.0897933854666847,-0.08017733081474832
2025-02-04 00:00:00+00:00,0.0779687539524414,-0.0004506542690198012,0.10020775261497161
2025-02-05 00:00:00+00:00,0.035563412997443145,0.032649029783570205,0.0704687395939414
2025-02-06 00:00:00+00:00,0.07126704699638897,0.09564660093807809,0.06904790130579896
2025-02-07 00:00:00+00:00,0.03136127147303225,0.045953290671287395,0.015056862368429735
2025-02-08 00:00:00+00:00,-0.11111359089130557,-0.06776351964907779,-0.05158403773597975
2025-02-09 00:00:00+00:00,0.06852995795737482,0.07246808342617639,0.06165999713366577
2025-02-10 00:00:00+00:00,0.002712276522268242,-0.009570490490035777,-0.03292179599167688
2025-02-11 00:00:00+00:00,0.01958535580400156,0.008503825196035208,-0.005277123078811119
2025-02-12 00:00:00+00:00,0.011523476378343611,0.033954308162827296,0.043849855977721175
2025-02-13 00:00:00+00:00,0.014445737803401304,0.01039977085588939,0.0385815584385083
2025-02-14 00:00:00+00:00,-0.04647491021933603,-0.0692699726980055,-0.06653731035414945
2025-02-15 00:00:00+00:00,0.07750052553022813,0.1021261034102201,0.09625378831017728
2025-02-16 00:00:00+00:00,0.010990471589603867,-0.00405929244586678,-0.002383708481100144
2025-02-17 00:00:00+00:00,0.08288770919993937,0.09012713940101791,0.04904685504552897
2025-02-18 00:00:00+00:00,0.046769664238563546,0.06324817489679657,0.052096559938983766
2025-02-19 00:00:00+00:00,0.033784945011561485,0.04776041009515941,0.015892683680569064
2025-02-20 00:00:00+00:00,-0.06986793842359384,-0.12287557244254932,-0.22127841662803072
2025-02-21 00:00:00+00:00,0.012498849616986885,-0.016131552507613667,0.011019121407717547
2025-02-22 00:00:00+00:00,-0.1605408707934728,-0.1574764270850767,-0.15890020576440012
2025-02-23 00:00:00+00:00,0.08381617192498858,0.07591657156301124,0.07310520187606495
2025-02-24 00:00:00+00:00,0.07117353224581024,0.09214904958149872,0.06767388500988547
2025-02-25 00:00:00+00:00,-0.014930340959297461,-0.049693643968828805,-0.030273672928757933
2025-02-26 00:00:00+00:00,-0.056549382805065385,-0.07498420483100976,-0.11196161890861911
2025-02-27 00:00:00+00:00,0.02720625978080715,0.041701305171694125,-0.001771651232333138
2025-02-28 00:00:00+00:00,-0.04327200478276816,-0.025448043316349755,-0.08205617083481376
2025-03-01 00:00:00+00:00,0.10612124768990361,0.08064562790031538,0.1352444319358228
2025-03-02 00:00:00+00:00,-0.1291945915155438,-0.0731829998128376,0.064202305533962
2025-03-03 00:00:00+00:00,0.0055183104485665435,0.11556922065602926,-0.02778009131424619
2025-03-04 00:00:00+00:00,-0.010216916411872057,-0.00836919614203191,-0.013528557348907122
2025-03-05 00:00:00+00:00,0.006700384466988174,-0.018839328867529703,0.01835837079079572
2025-03-06 00:00:00+00:00,0.01995300636458075,0.007934130334753986,0.03471500679071515
2025-03-07 00:00:00+00:00,0.028415412200025525,0.021991312151343534,0.02571787742821674
2025-03-08 00:00:00+00:00,-0.0018623503386587803,0.002877940651251132,0.020110570812370554
2025-03-09 00:00:00+00:00,-0.04409264795384915,-0.028530629745684544,-0.034706456513045936
2025-03-10 00:00:00+00:00,0.0037301024563185514,0.028815489834772112,0.022833501813520618
2025-03-11 00:00:00+00:00,-0.05343153993476568,-0.05369116695833742,-0.06026177005287725
2025-03-12 00:00:00+00:00,-0.07166318234947688,-0.08861500470937933,-0.0892068288614426
2025-03-13 00:00:00+00:00,-0.023575244316,0.0353446726600275,0.02903067782347546
2025-03-14 00:00:00+00:00,-0.03146096286282518,-0.02143629665524671,-0.05185392209587236
2025-03-15 00:00:00+00:00,-0.05698798795176874,-0.05271216520013977,-0.033279681043537734
2025-03-16 00:00:00+00:00,0.0632034086408455,0.012092864071998388,-0.004694274993775838
2025-03-17 00:00:00+00:00,-0.03798864798945867,-0.0026565013918452562,-0.015105115341330744
2025-03-18 00:00:00+00:00,0.05793788617636442,0.01961917334924479,0.004173707249472081
2025-03-19 00:00:00+00:00,-0.04299808404624883,-0.03458784425203698,-0.028595230958380013
2025-03-20 00:00:00+00:00,-0.00434428646770213,-0.0003675862229673976,-0.014563665796125336
2025-03-21 00:00:00+00:00,-0.015462227739144296,0.007655100905876289,-0.0228123768423506
2025-03-22 00:00:00+00:00,-0.013471107540032112,-0.00582111506909988,-0.02315583200310456
2025-03-23 00:00:00+00:00,0.01015997863380691,0.056924147048722507,0.09805185174110576
2025-03-24 00:00:00+00:00,-0.06426437446673139,0.014289637844535852,-0.03758183225486278
2025-03-25 00:00:00+00:00,-0.02413444940488596,-0.012144002822267574,-0.007619533571509796
2025-03-26 00:00:00+00:00,0.013945511798362897,0.02874747072071404,0.02836831521064731
2025-03-27 00:00:00+00:00,0.000972155775457173,-0.010656280064936574,-0.019321539120521702
2025-03-28 00:00:00+00:00,0.013797749353299249,-0.018914402374335837,0.01144888875438066
2025-03-29 00:00:00+00:00,0.013796304421461292,0.006137991052810543,-0.03057752864519625
2025-03-30 00:00:00+00:00,-0.028265206518170438,0.009732939141608998,-0.003417528106473444
2025-03-31 00:00:00+00:00,0.03630612516828968,0.00958247073204399,0.00530728559079674
2025-04-01 00:00:00+00:00,-0.0251686400860488,0.04785705728289913,0.011398677865615214
2025-04-02 00:00:00+00:00,0.08050901737636673,-0.022130650811736263,0.04108999042693284
2025-04-03 00:00:00+00:00,-0.018742776544791506,0.002348409244975258,0.0035743482013974592
2025-04-04 00:00:00+00:00,0.00271006002212415,0.039395568371544565,0.01946020069918286
2025-04-05 00:00:00+00:00,-0.0033042095187478804,-0.011562099371767443,-0.0019717472360636368
2025-04-06 00:00:00+00:00,0.0706559025569693,-0.009115555532784536,-0.027836974807901926
2025-04-07 00:00:00+00:00,0.0001549141026291334,-0.02432308355947632,0.03981107061803835
2025-04-08 00:00:00+00:00,0.004200841313072079,0.05408337367733207,0.0570271204982189
2025-04-09 00:00:00+00:00,0.0032552018254561332,-0.12948361501337746,0.04783627640716448
2025-04-10 00:00:00+00:00,-0.015714332054015734,0.05793823310673951,0.00697879164608084
2025-04-11 00:00:00+00:00,-0.01634074890405446,-0.013331492689253599,0.011549526506781094
2025-04-12 00:00:00+00:00,-0.06851518641161591,-0.032505307648795445,0.0160661408539573
2025-04-13 00:00:00+00:00,0.04020110485545003,0.06110452628522789,0.02154130058582493
2025-04-14 00:00:00+00:00,0.013771964373192835,0.015420501672271936,0.03958075826062535
2025-04-15 00:00:00+00:00,-0.04020027608988108,-0.0488609219348094,-0.06203797799975319
2025-04-16 00:00:00+00:00,0.09951078851746087,0.07308742646515376,0.10224593434805396
2025-04-17 00:00:00+00:00,0.011805041207227474,0.013007601587334161,0.008143819663583463
2025-04-18 00:00:00+00:00,-0.012762518975999115,-0.019548045636231026,-0.027193891271218407
2025-04-19 00:00:00+00:00,0.039604986808321696,0.027894227275880867,0.07591324517099096
2025-04-20 00:00:00+00:00,0.00984389105761152,0.032616466661606225,0.00561012035887698
2025-04-21 00:00:00+00:00,0.03395255331849922,0.019683737452798278,0.01873195763253621
2025-04-22 00:00:00+00:00,-0.005910503450929361,0.05314686012451464,-0.07217005937032195
2025-04-23 00:00:00+00:00,0.044610301075669545,0.01741118563588051,-0.004341977904859684
2025-04-24 00:00:00+00:00,0.02712683161711782,0.055276355300377666,0.05039164940040308
2025-04-25 00:00:00+00:00,0.02116208710620837,0.028323699253446133,0.004894688520771906
2025-04-26 00:00:00+00:00,-0.008863549714244856,-0.0006359269742550744,-0.04310691075776785
2025-04-27 00:00:00+00:00,8.600703426608902e-05,0.0317800096980454,0.0638385043333054
2025-04-28 00:00:00+00:00,-0.0025489648498459028,0.0022014373591972003,-0.03056861043575143
2025-04-29 00:00:00+00:00,-0.019663789458446934,-0.052958669002397984,-0.011191317156829528
2025-04-30 00:00:00+00:00,-0.04315011131593216,-0.03729154185325123,-0.07220178305101876
2025-05-01 00:00:00+00:00,0.004377713736158917,0.01236852952260814,-0.005433500745912534
2025-05-02 00:00:00+00:00,0.022435022764998536,0.04418893681055125,0.048296648396692676
2025-05-03 00:00:00+00:00,0.02946030988423698,-0.021650453286226723,-0.06848212901221673
2025-05-04 00:00:00+00:00,0.04782950003174524,0.02406767169776547,0.03599279868788319
2025-05-05 00:00:00+00:00,0.006664892667210376,0.01748687473356747,0.012383063761254753
2025-05-06 00:00:00+00:00,0.039909662660176926,-0.0007253467860867113,-0.034405003643422805
2025-05-07 00:00:00+00:00,0.013164128646777407,0.0078830141198305,-0.022995872743191814
2025-05-08 00:00:00+00:00,-0.02774381261690917,0.08660733983162316,0.050364276015995246
2025-05-09 00:00:00+00:00,-0.05107929334898209,-0.041473948636324476,-0.09116251686981292
2025-05-10 00:00:00+00:00,-0.06343042983401403,0.00917418659870961,-0.022390268967059646
2025-05-11 00:00:00+00:00,-0.07182923502278171,-0.08318868832433401,-0.06901185498414675
2025-05-12 00:00:00+00:00,-0.03677591831828553,0.018584992005618917,-0.017190997140263287
2025-05-13 00:00:00+00:00,0.015899981587035095,-0.04482447091521535,-0.06857458257341131
2025-05-14 00:00:00+00:00,-0.040837217199962694,0.02331333126889401,-0.019366022520218462
2025-05-15 00:00:00+00:00,0.04553217030633272,0.0302503153743392,0.0613897722898995
2025-05-16 00:00:00+00:00,0.024936235558354225,0.02311860650806974,0.010383622528996828
2025-05-17 00:00:00+00:00,0.009961763560494274,0.009485600165969332,0.04328024123644347
2025-05-18 00:00:00+00:00,-0.028598477832792568,-0.030986941365353737,-0.06832708381133712
2025-05-19 00:00:00+00:00,0.020327363543813703,0.03439252148325722,0.037704520766207894
2025-05-20 00:00:00+00:00,0.018523977649427037,0.012994428164902594,0.024801727734007573
2025-05-21 00:00:00+00:00,-0.023124013191378245,-0.033357479486204045,-0.0007436593355332199
2025-05-22 00:00:00+00:00,-0.027341856320656666,-0.04367146893531915,0.016670783879284112
2025-05-23 00:00:00+00:00,0.06995501916827362,0.054414850957548166,-0.001627742927714948
2025-05-24 00:00:00+00:00,-0.0033635932502663612,-0.007633973627594992,-0.016794196245208837
2025-05-25 00:00:00+00:00,0.052287800593830536,0.04216925986736486,0.038220497978578516
2025-05-26 00:00:00+00:00,0.020069545173302172,-0.0065231363610938065,-0.008716172975546832
2025-05-27 00:00:00+00:00,-0.06213556077991467,-0.08070252880109618,-0.02728030761857747
2025-05-28 00:00:00+00:00,0.0177355433010129,0.018642139319717588,7.869656610814957e-05
2025-05-29 00:00:00+00:00,0.0019372308519329806,0.03553163013053284,0.013074936801738879
2025-05-30 00:00:00+00:00,0.08581815781267821,0.1540054657062646,0.13902828354533248
2025-05-31 00:00:00+00:00,-0.019972667074887873,-0.00701074189503903,-0.014548107903600838
2025-06-01 00:00:00+00:00,-0.014001595532870503,-0.020305268566237267,-0.023378338872682924
2025-06-02 00:00:00+00:00,-0.0005202595809213895,0.017022287315452633,-0.012362611630385878
2025-06-03 00:00:00+00:00,-0.021940616517475475,0.006078564064660341,-0.015195624767254556
2025-06-04 00:00:00+00:00,0.026067491950435562,0.04359346266176711,0.029618334832523407
2025-06-05 00:00:00+00:00,0.009576331570765317,0.03923693489097668,0.055923361776005764
2025-06-06 00:00:00+00:00,-0.03180775542402736,-0.024648944021536057,-0.0368268382674356
2025-06-07 00:00:00+00:00,-0.04714497080514857,-0.0261399517114409,-0.04010597398796778
2025-06-08 00:00:00+00:00,0.03792315898548826,-0.00041647506710795756,0.037120451504224716
2025-06-09 00:00:00+00:00,-0.026270111498512216,-0.06155121177695455,-0.046847811113143956
2025-06-10 00:00:00+00:00,0.06331161703826016,0.026944420393241852,0.05352321177380537
2025-06-11 00:00:00+00:00,0.08162104129849745,0.057043379489810864,0.11342757069372356
2025-06-12 00:00:00+00:00,-0.0018896178961835819,0.05693683558928919,0.04662789012176893
2025-06-13 00:00:00+00:00,0.05369239171935147,0.04163431403206763,0.03495695603260529
2025-06-14 00:00:00+00:00,-0.016592737921421685,7.83771220764784e-05,-0.00793452138274664
2025-06-15 00:00:00+00:00,0.013767867095600073,0.011927980918178704,0.009850737806508914
2025-06-16 00:00:00+00:00,0.040417333500514685,0.03337445144179019,0.025829665167681704
2025-06-17 00:00:00+00:00,-0.002473148581405682,-0.0015570098027094526,0.01816427960503919
2025-06-18 00:00:00+00:00,-0.01066924105966749,0.001771249764773053,-0.010975533524903769
2025-06-19 00:00:00+00:00,-0.0081003106305515,-0.0016903185841412594,0.0067746728943300916
2025-06-20 00:00:00+00:00,0.02318016525213551,0.008575659159135496,0.009450328340513625
2025-06-21 00:00:00+00:00,0.043606588566417415,0.024111133541629748,0.04247583586856507
2025-06-22 00:00:00+00:00,0.031246700359091273,0.040823039403043104,0.03762095181476344
2025-06-23 00:00:00+00:00,-0.05251306619661711,-0.16321538269635638,-0.09632500323228255
2025-06-24 00:00:00+00:00,0.010104808103900798,-0.01019075914265033,0.018460681324968586
2025-06-25 00:00:00+00:00,0.10357043788369058,0.119196759445511,0.046652887398096476
2025-06-26 00:00:00+00:00,0.004659056900046199,-0.005072998946774265,0.02097104223046853
2025-06-27 00:00:00+00:00,0.01318378259550923,0.01772412753432895,0.0036888277287154825
2025-06-28 00:00:00+00:00,-0.053084367051294934,-0.010150677818174247,-0.05059483028325351
2025-06-29 00:00:00+00:00,-0.06910205217555787,-0.029504780101561656,-0.07770666969399131
2025-06-30 00:00:00+00:00,0.05177966581236171,0.0414646439847246,0.036381982455194084
2025-07-01 00:00:00+00:00,-0.008306045357461711,0.02243146881644087,0.01553755573533211
2025-07-02 00:00:00+00:00,0.007359253425798906,-0.027704546403873875,-0.02278265569449911
2025-07-03 00:00:00+00:00,-0.0020441791340797266,0.013563499022419823,0.025670324295421043
2025-07-04 00:00:00+00:00,0.036967060220136405,0.053415345246641044,0.012028241514375537
2025-07-05 00:00:00+00:00,0.03799351656916272,0.030808875476012965,0.02813879550348508
2025-07-06 00:00:00+00:00,0.026615741914751467,0.031041047261861854,0.025907170114831013
2025-07-07 00:00:00+00:00,-0.002517789802480741,0.0011549555351559881,-0.006720842753267231
2025-07-08 00:00:00+00:00,-0.04250528500296402,-0.0434166330950555,-0.06234951137552225
2025-07-09 00:00:00+00:00,-0.058354159164656805,-0.044005926285483055,-0.03404831731962932
2025-07-10 00:00:00+00:00,-0.07611051582944828,-0.018578806651825763,-0.023653011200970187
2025-07-11 00:00:00+00:00,-0.0598996419758826,-0.022093987694361772,-0.06195322027012229
2025-07-12 00:00:00+00:00,0.05201540287983142,0.012156869795007408,0.04009509953310575
2025-07-13 00:00:00+00:00,0.07610438143761944,0.09398782160900199,0.07695160814284718
2025-07-14 00:00:00+00:00,0.044794031222508135,0.02668254077345167,0.0363674484211558
2025-07-15 00:00:00+00:00,-0.008846903473546885,0.005138896654489411,-0.006098673736318561
2025-07-16 00:00:00+00:00,0.15074176580945475,0.07132807303729916,0.06837122035217136
2025-07-17 00:00:00+00:00,0.0954070821058477,0.1008569379406381,0.10923177534219342
2025-07-18 00:00:00+00:00,0.02716544267110721,0.01697539867524056,0.008274999676873396
2025-07-19 00:00:00+00:00,0.012082341838638433,0.008279314030886775,0.031627666389925535
2025-07-20 00:00:00+00:00,0.011320646492314568,0.037320340478091074,0.015424008040701098
2025-07-21 00:00:00+00:00,-0.11082714064995769,-0.0879199759981163,-0.10226282202398684
2025-07-22 00:00:00+00:00,0.04084579417527445,0.026021357641222265,0.0186148343314243
2025-07-23 00:00:00+00:00,-0.015707857529817626,-0.04500093680097417,-0.05152029250176959
2025-07-24 00:00:00+00:00,0.015541371320255237,-0.005874647766670349,-0.02561285852067907
2025-07-25 00:00:00+00:00,-0.08245125070549286,-0.07601131685016616,0.014828613619142228
2025-07-26 00:00:00+00:00,0.04082816767492403,0.011486906281855891,0.023586438969078527
2025-07-27 00:00:00+00:00,0.02522746690672495,-0.007872076233799707,0.019469834704172406
2025-07-28 00:00:00+00:00,0.006804670882238462,0.003387836974255265,-0.003405863413380783
2025-07-29 00:00:00+00:00,-0.042618742227698236,-0.006709708705924133,-0.0022122721990919247
2025-07-30 00:00:00+00:00,0.024776594587120337,-0.007771250539729491,-0.022438329529810952
2025-07-31 00:00:00+00:00,0.05751069011329579,0.056384059711807266,0.04372945675707163
2025-08-01 00:00:00+00:00,0.006026340332869529,0.011406958195733008,0.00931803450092028
2025-08-02 00:00:00+00:00,-0.06390286958919311,-0.0655126915283798,-0.02791692095149978
2025-08-03 00:00:00+00:00,-0.012785583998526251,-0.0018090257187632908,-0.0065634098703136745
2025-08-04 00:00:00+00:00,-0.06918502274355098,-0.04270229850297447,-0.0277270831154105
2025-08-05 00:00:00+00:00,-0.0019349077680089755,0.03708547319034716,0.02668685356473155
2025-08-06 00:00:00+00:00,-0.01999871916072027,-0.028796106169412528,-0.03899527116391588
2025-08-07 00:00:00+00:00,0.00039615372452095343,-0.01760267301693652,-0.10365671328749193
2025-08-08 00:00:00+00:00,0.039954195162482886,-0.003194663129727493,-0.011225301947953015
2025-08-09 00:00:00+00:00,0.013544700530917275,-0.03260179590627055,-0.056441236765019775
2025-08-10 00:00:00+00:00,0.03244185316512138,0.005090551834009194,0.005247161484914775
2025-08-11 00:00:00+00:00,0.039911005157573065,0.005721485371984025,0.061851379445927224
2025-08-12 00:00:00+00:00,0.0040021352179118175,-0.01771287642573871,-0.015096576689971442
2025-08-13 00:00:00+00:00,0.0006501886375542831,0.02307544487526214,0.019401243211130792
2025-08-14 00:00:00+00:00,0.08951044742913039,0.08720243301915187,0.04877051066318816
2025-08-15 00:00:00+00:00,0.011475120575920927,-0.009046218742528422,-0.012793807655340106
2025-08-16 00:00:00+00:00,0.002240508751391479,0.0068908876706541555,0.007166464329856792
2025-08-17 00:00:00+00:00,0.02903895116865063,0.024799093716964427,0.03927790485290217
2025-08-18 00:00:00+00:00,0.010276326449571327,0.0005006826611246851,0.005296845039285403
2025-08-19 00:00:00+00:00,0.01667434823383185,0.016798825480608848,0.02273294018288108
2025-08-20 00:00:00+00:00,-0.012554151048741913,-0.003345792738188802,-0.020423872575698665
2025-08-21 00:00:00+00:00,0.052062669760262636,0.03919235707287916,0.05679351784195208
2025-08-22 00:00:00+00:00,-0.05525987589821624,-0.06956996063168064,-0.06260835872667037
2025-08-23 00:00:00+00:00,0.05646736653526885,0.057845040591224084,0.061759079813616946
2025-08-24 00:00:00+00:00,-0.04117055877327225,-0.024729426197326765,-0.016386436866270282
2025-08-25 00:00:00+00:00,0.04617428162395165,0.02224995097283533,0.0407433265764674
2025-08-26 00:00:00+00:00,-0.06852353765807284,-0.060326667794029065,-0.048189208516444704
2025-08-27 00:00:00+00:00,0.03188711859425397,0.0238635173726105,0.00515602420669925
2025-08-28 00:00:00+00:00,-0.0915247137941394,-0.024535132676561378,-0.03412913605870149
2025-08-29 00:00:00+00:00,0.0001794242605783758,0.02959982726674082,0.03439610829822759
2025-08-30 00:00:00+00:00,-0.023908299264058352,-0.006745294120828249,-0.02313624826206373
2025-08-31 00:00:00+00:00,-0.007979339559674559,0.009782449117864633,-0.001090101150632794
2025-09-01 00:00:00+00:00,-0.04166912001863654,-0.02368814524216345,-0.010703047088205131
2025-09-02 00:00:00+00:00,-0.014507175183112064,-0.018930711568717506,-0.05439124643880178
2025-09-03 00:00:00+00:00,-0.003356788646422859,-0.017476771564795768,-0.0068568608926243835
2025-09-04 00:00:00+00:00,0.04533355915742776,0.061663795504200314,0.03399824514860983
2025-09-05 00:00:00+00:00,-0.05056375085744824,-0.0615763910308369,-0.02077628055025693
2025-09-06 00:00:00+00:00,-0.021241110232652738,-0.02379900289879089,-0.030758358783637085
2025-09-07 00:00:00+00:00,0.05384736866073303,0.028993545198210846,0.0375104046946475
2025-09-08 00:00:00+00:00,0.06384291389323216,0.0939164073954224,-0.010656548985450431
2025-09-09 00:00:00+00:00,0.11736650732963327,0.14179079871488187,0.06217076011618827
2025-09-10 00:00:00+00:00,0.08761966098212892,0.07490259641718766,0.016898693403071707
2025-09-11 00:00:00+00:00,-0.03581232569409831,-0.03344634201727492,-0.02972104931938413
2025-09-12 00:00:00+00:00,-0.010897890022416146,0.021374334217702406,0.008219081858625632
2025-09-13 00:00:00+00:00,0.011257405021223965,-0.017031458363711005,-0.03246279685511044
2025-09-14 00:00:00+00:00,0.048472421293755286,0.04020787851297003,0.04940212617238071
2025-09-15 00:00:00+00:00,-0.017724322942643256,-0.02356792992716039,-0.023316581637055522
2025-09-16 00:00:00+00:00,0.021727573991559668,0.013014632271163284,0.014880453014962214
2025-09-17 00:00:00+00:00,0.0001650843103302435,0.016585543724626284,0.014786771901659002
2025-09-18 00:00:00+00:00,-0.0229401179600196,0.005646163084662703,-0.007097320408174457
2025-09-19 00:00:00+00:00,-0.017418520279515737,-0.021489206165797192,-0.03540057897697424
2025-09-20 00:00:00+00:00,-0.053544154976050806,-0.015653435873279276,-0.020786525725838945
2025-09-21 00:00:00+00:00,0.054196384629555894,-0.01999875821726249,-0.027511384122384075
2025-09-22 00:00:00+00:00,-0.01284519956963981,0.05963168589744905,0.0501621745676466
2025-09-23 00:00:00+00:00,-0.01785134076990824,0.04838873225035201,-0.009922520789115707
2025-09-24 00:00:00+00:00,-0.013781716504073671,-0.04162199189103444,-0.023546421085033797
2025-09-25 00:00:00+00:00,0.01212009020602789,-0.04249123171802871,-0.12588208453464955
2025-09-26 00:00:00+00:00,-0.017585822518049188,-0.025680640421589462,-0.04568160425839529
2025-09-27 00:00:00+00:00,0.030706817151764376,-0.003185445707972634,0.022369431676748652
2025-09-28 00:00:00+00:00,-0.06149074140831767,-0.012007502628608613,-0.045742045126728414
2025-09-29 00:00:00+00:00,0.00559696150372857,0.0027144310640203617,-0.028301046259118334
2025-09-30 00:00:00+00:00,0.0070729667725459855,-0.04625144143939419,-0.07805257873497651
2025-10-01 00:00:00+00:00,-0.007507192458237388,-0.035682664055431856,-0.09021809808113601
2025-10-02 00:00:00+00:00,-0.018623483675756947,-0.009268721138867675,-0.005203997557912121
2025-10-03 00:00:00+00:00,0.06632574100265609,-0.05039267692889293,-0.014829234385260848
2025-10-04 00:00:00+00:00,0.02353194104746481,0.0666806198159926,0.04600354088696568
2025-10-05 00:00:00+00:00,-0.02983625085244268,0.0150197005105146,0.016205561699344617
2025-10-06 00:00:00+00:00,-0.00486729361392646,-0.015928383256504697,-0.02459578992298328
2025-10-07 00:00:00+00:00,0.04261290051509392,0.04277066715095623,0.04114840010355936
2025-10-08 00:00:00+00:00,0.1235489309761435,0.09793470299862927,0.09139475382007389
2025-10-09 00:00:00+00:00,0.12388144747313223,0.09113156147380641,0.1414523057160122
2025-10-10 00:00:00+00:00,0.1682392536000612,0.18271926040376352,0.2869855672954016
2025-10-11 00:00:00+00:00,-0.0019385070853239483,0.001353947501048447,0.01796402281660825
2025-10-12 00:00:00+00:00,-0.004174608306062644,-0.11560961344197918,-0.04774547817604713
2025-10-13 00:00:00+00:00,0.007216216257734942,-0.04707474537898326,-0.039010827243064816
2025-10-14 00:00:00+00:00,0.05512307657434756,0.06800708364587926,0.036435438572356205
2025-10-15 00:00:00+00:00,0.026070322954359737,-0.0070830357295484925,0.01030777434683694
2025-10-16 00:00:00+00:00,-0.027339336805650483,0.013285401239214512,0.001016205171237905
2025-10-17 00:00:00+00:00,0.0758882743576701,0.04345672167322534,0.11818556486867626
2025-10-18 00:00:00+00:00,-0.01238604744955163,0.006708423075514114,0.005407039664693913
2025-10-19 00:00:00+00:00,-0.05005305119522363,-0.04780115173374411,-0.039302934485434426
2025-10-20 00:00:00+00:00,-0.09208893425969755,-0.05926418573368908,-0.08101476684367304
2025-10-21 00:00:00+00:00,-0.010510126686062993,-0.037975275755949056,-0.05380421724065376
2025-10-22 00:00:00+00:00,0.025530854875953635,0.0409080719117505,0.09142896209925344
2025-10-23 00:00:00+00:00,-0.06817163954803751,-0.07544909897299923,-0.037120313799196225
2025-10-24 00:00:00+00:00,-0.006313562935591377,-0.023047226962096934,-0.02425841854189148
2025-10-25 00:00:00+00:00,-0.013253036763825943,-0.013084041407213087,0.021675667364719375
2025-10-26 00:00:00+00:00,0.013767898408401313,0.028143317217551145,0.003935592953932643
2025-10-27 00:00:00+00:00,0.033653449520949286,0.025443108639586542,0.056191273037167644
2025-10-28 00:00:00+00:00,0.03327787571551921,-0.010119185421141208,0.007765460795163381
2025-10-29 00:00:00+00:00,0.02432373915778907,0.07734455720463917,0.05558019422421667
2025-10-30 00:00:00+00:00,0.016590613061892023,0.03246465255498965,0.03839051404198157
2025-10-31 00:00:00+00:00,0.06980478421976621,0.024701294674365437,0.028113252273676892
2025-11-01 00:00:00+00:00,0.045092208618070506,0.027626231368963472,0.03553612527992733
2025-11-02 00:00:00+00:00,0.007861646483891205,0.008492659290324944,0.031935260094938744
2025-11-03 00:00:00+00:00,0.027905457874138673,0.07895488797413841,0.0882214773256913
2025-11-04 00:00:00+00:00,-0.0777194097684778,-0.06488470286551662,-0.06283429922898631
2025-11-05 00:00:00+00:00,0.008290588538476085,0.011805699181939744,0.016397827379645014
2025-11-06 00:00:00+00:00,0.0424601840641321,0.08439858647975407,0.06704285204324423
2025-11-07 00:00:00+00:00,-0.01879257415713642,-0.015788367971796613,-0.04900109995530011
2025-11-08 00:00:00+00:00,-0.013098403179167772,-0.01803350703808415,-0.015983772745030156
2025-11-09 00:00:00+00:00,0.02460483345581177,-0.00788180525605875,0.013297827811080687
2025-11-10 00:00:00+00:00,-0.008600341649168897,-0.05961708272345745,-0.03419925975181359
2025-11-11 00:00:00+00:00,0.00795951972325093,0.007332969149366875,0.040505605516721443
2025-11-12 00:00:00+00:00,-0.002180467603512426,0.008527641398830221,0.013108437664372863
2025-11-13 00:00:00+00:00,0.03165334553820487,0.02431807611894321,0.025142570733020397
2025-11-14 00:00:00+00:00,0.07217774757360407,0.08232699607078797,0.026513126486224836
2025-11-15 00:00:00+00:00,0.06383052059690897,0.0434082040667958,0.05486444142749525
2025-11-16 00:00:00+00:00,0.04937715574930235,0.022755677010388498,0.057990618901611946
2025-11-17 00:00:00+00:00,-0.043218852270439756,-0.052311153341828454,-0.04926996772732317
2025-11-18 00:00:00+00:00,-0.023711266625429328,0.02183223011209745,-0.03027892276968125
2025-11-19 00:00:00+00:00,0.04713112781734696,0.013995778058755626,0.04044769996863984
2025-11-20 00:00:00+00:00,0.009103768873743423,0.029481195722111497,-0.0036571353806370555
2025-11-21 00:00:00+00:00,-0.010646123531179885,0.018982991581014463,0.05434370980914416
2025-11-22 00:00:00+00:00,-0.04663836594654225,-0.011937794539940483,-0.022814846503301345
2025-11-23 00:00:00+00:00,0.020193543603519437,0.02158771989130459,0.03554775282420075
2025-11-24 00:00:00+00:00,0.015025325042977267,-0.017998546072592547,-0.023788398595419036
2025-11-25 00:00:00+00:00,0.0030843051147526612,-0.009456423056884655,7.187401856412201e-05
2025-11-26 00:00:00+00:00,-0.030063923569663253,0.028079851614617235,0.08151068232944536
2025-11-27 00:00:00+00:00,-0.017291337720828692,0.005472846387233776,0.002321053059488376
2025-11-28 00:00:00+00:00,0.014406953647824183,0.03232771895816677,0.00632027454634998
2025-11-29 00:00:00+00:00,-0.021969827455766366,0.0012279308200751071,-0.0040028930375950456
2025-11-30 00:00:00+00:00,0.02038602566426495,0.006176145915492537,0.024437032883532606
2025-12-01 00:00:00+00:00,0.04974862101076427,-0.004418059969515498,0.027597399246147125
2025-12-02 00:00:00+00:00,-0.017374160091852553,0.07839752539485234,0.04081150167921144
2025-12-03 00:00:00+00:00,-0.017057447613827992,-0.03102059058786144,-0.035255686470929026
2025-12-04 00:00:00+00:00,0.02491204645244438,0.027728607742231848,0.03373701765576653
2025-12-05 00:00:00+00:00,0.04602678299925533,0.006496801893668636,0.0408400959022579
2025-12-06 00:00:00+00:00,0.01182951222037687,0.019800998598016317,0.024171518906528355
2025-12-07 00:00:00+00:00,0.041984012274773,0.02479628822152158,0.026318577063044746
2025-12-08 00:00:00+00:00,-0.03669567572026777,-0.03230026865893232,-0.04555348327997233
2025-12-09 00:00:00+00:00,0.0075994209368062116,-0.03547699339036403,0.00964442225311335
2025-12-10 00:00:00+00:00,0.04615799677634902,0.026296513264385757,0.04948523148506734
2025-12-11 00:00:00+00:00,0.015626549071771745,0.006181326479757221,0.015602448164585114
2025-12-12 00:00:00+00:00,0.008892473498403053,-0.015192311637523548,-0.005401527545804363
2025-12-13 00:00:00+00:00,-0.024492500720932897,-0.017675893539156107,-0.020162454296581256
2025-12-14 00:00:00+00:00,0.029016602342514686,0.02730463176188125,0.04498113623172384
2025-12-15 00:00:00+00:00,0.0531276489160164,-0.006548848622940584,0.030885707412104058
2025-12-16 00:00:00+00:00,-0.02425163029387123,-0.016437065058660605,0.006045631500875004
2025-12-17 00:00:00+00:00,0.04543215820491109,0.05163342763871359,0.07252039323306447
2025-12-18 00:00:00+00:00,0.05100795145888126,0.05751556058082086,0.05459379235938511
2025-12-19 00:00:00+00:00,-0.04826390803585889,-0.03780635616728101,-0.018834131872914495
2025-12-20 00:00:00+00:00,-0.008204186216329235,0.017527762123275448,0.004637856899954551
2025-12-21 00:00:00+00:00,-0.021203748091364383,-0.028729705850432885,-0.0014605608455493524
2025-12-22 00:00:00+00:00,0.01976382247737707,0.007778085011216795,0.023020775276135552
2025-12-23 00:00:00+00:00,0.01952970570729784,6.856410728062201e-05,0.014531763165197331
2025-12-24 00:00:00+00:00,-0.04364560185863342,-0.056164985975420634,-0.06516899505245377
2025-12-25 00:00:00+00:00,-0.016379213929057612,-0.02081715908721138,-0.010575617648435065
2025-12-26 00:00:00+00:00,-0.025750178615836727,-0.022762874147081447,-0.04181016050051034
2025-12-27 00:00:00+00:00,-0.014122052927120987,-0.02805510392721311,-0.016230059159231258
2025-12-28 00:00:00+00:00,0.01614137401772986,0.02558660511895061,0.027625042934517285
2025-12-29 00:00:00+00:00,0.0025216987433678284,-0.01129761500258386,0.005531207521718207
2025-12-30 00:00:00+00:00,-0.004244499758349618,0.013298044915417195,0.0002703692179941708
2025-12-31 00:00:00+00:00,0.0015859079438502732,0.01736820032116504,0.009654933405933486
2026-01-01 00:00:00+00:00,-0.035986808732883624,-0.09523312377163551,-0.04905048367589904
2026-01-02 00:00:00+00:00,-0.04664192186464611,-0.13659594338686154,-0.08913066555319693
2026-01-03 00:00:00+00:00,-0.04037764520996345,-0.02107019696670076,-0.0260043456055421
2026-01-04 00:00:00+00:00,-0.030002520498176533,-0.047857589484723406,-0.016148836902721397
2026-01-05 00:00:00+00:00,-0.04472538940668114,-0.022193832321665163,0.006302975383755793
2026-01-06 00:00:00+00:00,-0.011536406048367698,-0.01939779222310256,-0.03417586988136123
2026-01-07 00:00:00+00:00,-0.009011176114061215,0.024257705085049652,-0.031392109732941154
2026-01-08 00:00:00+00:00,0.021631718475006112,-0.0004127960944906306,0.003989469129931589
2026-01-09 00:00:00+00:00,0.014335194347720792,0.03352699193749009,0.030518312436269346
2026-01-10 00:00:00+00:00,0.03405560990248868,0.05804222196225428,0.06517322704831985
2026-01-11 00:00:00+00:00,0.007836983032499578,0.011376562783879995,0.011057656429793727
2026-01-12 00:00:00+00:00,0.09274758485786072,0.07049442682554785,0.08718780940195159
2026-01-13 00:00:00+00:00,-0.033091225875705566,0.00535439059927989,0.005289922845768791
2026-01-14 00:00:00+00:00,0.014051410283216548,0.0068738782780828345,0.018427689273074366
2026-01-15 00:00:00+00:00,0.08601939019014426,0.09240505823193779,0.04957599214576658
2026-01-16 00:00:00+00:00,0.01061227330110448,0.017769984521503357,0.024837596511281035
2026-01-17 00:00:00+00:00,0.007457726181316682,0.0038158803817933684,-0.008578705702439682
2026-01-18 00:00:00+00:00,0.05755652580591475,0.0401025887287616,0.0256710401836433
2026-01-19 00:00:00+00:00,0.02619159490668732,0.006316882397241486,0.025477697142371136
2026-01-20 00:00:00+00:00,0.007433328061095423,-0.03950842707443614,0.03772038068088257
2026-01-21 00:00:00+00:00,-0.013854234687906697,-0.017950492008592778,-0.0352626033386646
2026-01-22 00:00:00+00:00,0.0072783119044719236,0.010217766330564038,0.005360824236810613
2026-01-23 00:00:00+00:00,0.005723358031453296,0.002381948531595013,-0.013990159014361514
2026-01-24 00:00:00+00:00,-0.0016950412776133295,-0.015855179609655545,0.0003530068981920653
2026-01-25 00:00:00+00:00,0.06354624594131253,0.0626568096506448,0.030476800837949236
2026-01-26 00:00:00+00:00,-0.04180931019144363,-0.011616940084567484,0.0019332755451972883
2026-01-27 00:00:00+00:00,-0.00858817907654752,-0.006849178409015,0.06612493628814464
2026-01-28 00:00:00+00:00,0.07655923232100825,0.0485010700452535,0.06317808742913855
2026-01-29 00:00:00+00:00,0.08270997579086292,0.003810141478776119,0.021012186220120466
2026-01-30 00:00:00+00:00,-0.03009403870645999,-0.028946981032196173,-0.038300858870000565
2026-01-31 00:00:00+00:00,0.09173570484897597,0.04415256302340831,0.07776294148023699
2026-02-01 00:00:00+00:00,0.017628069396414592,0.001413293667545057,0.0313803300166009
2026-02-02 00:00:00+00:00,0.0279312824245721,-0.016513759062192546,0.007391717395991204
2026-02-03 00:00:00+00:00,0.032279545972459855,0.04696204697679285,0.038931710051050894
2026-02-04 00:00:00+00:00,0.01470645895926359,0.010592592125622913,0.03964790859766065
2026-02-05 00:00:00+00:00,0.03439726436030344,0.011500715320794885,0.046376175932763
2026-02-06 00:00:00+00:00,-0.08525574419668802,-0.025599226064297764,-0.1281010232729708
2026-02-07 00:00:00+00:00,0.06410313721438055,0.03309321368329465,0.045722673037454475
2026-02-08 00:00:00+00:00,0.012368460025100614,0.01807219265968052,0.019617054953596336
2026-02-09 00:00:00+00:00,-0.02835943647349548,-0.047763890738207304,-0.021847254827384366
2026-02-10 00:00:00+00:00,0.06296528620548725,0.037541840381368985,0.008865014898068235
2026-02-11 00:00:00+00:00,0.07948712356157528,0.06062354757497457,0.06172954896218075
2026-02-12 00:00:00+00:00,-0.060660186251544124,-0.01343291988013462,-0.022950176358275676
2026-02-13 00:00:00+00:00,-0.022698574844830177,-0.026452376436448155,-0.013200283950915659
2026-02-14 00:00:00+00:00,-0.0668385058588632,-0.052071793227756125,-0.0814669365278402
2026-02-15 00:00:00+00:00,0.055867523210154646,0.07988473020618736,0.04895591093752638
2026-02-16 00:00:00+00:00,0.004970899993886002,-0.0023872154867302653,0.011931713454954584
2026-02-17 00:00:00+00:00,-0.03957969251828242,-0.030084713921125883,-0.04813338956490698
2026-02-18 00:00:00+00:00,0.02092105283007073,0.031619646165744086,-0.010424410557726027
2026-02-19 00:00:00+00:00,0.009312267938710761,0.021034776547836698,0.00982309817723337
2026-02-20 00:00:00+00:00,-0.030541573378932152,-0.04752847326345355,-0.010154551355922803
2026-02-21 00:00:00+00:00,0.022055547890239113,0.022759513137339482,0.010499215075645552
2026-02-22 00:00:00+00:00,-0.005789339949177852,0.019222091839901756,-0.00525275531344338
2026-02-23 00:00:00+00:00,0.037017943559020106,0.051491361654868006,0.06997599232517993
2026-02-24 00:00:00+00:00,-0.049888154168467924,-0.02617550756873277,-0.044733077628879236
2026-02-25 00:00:00+00:00,-0.05605939907775426,-0.03465880161929735,0.015340966490626329
2026-02-26 00:00:00+00:00,0.017669460981540874,0.017869805881457923,-0.0034759018050152246
2026-02-27 00:00:00+00:00,0.035788940727331076,0.022801335533261247,0.008182740435516589
2026-02-28 00:00:00+00:00,0.0007137070372227328,-0.00638709272016269,-0.025516668024436306
2026-03-01 00:00:00+00:00,0.01044019861197687,0.021752739435455082,0.037633085280275314
2026-03-02 00:00:00+00:00,-0.0035468931181499297,0.015643870935618587,0.011778305674004175
2026-03-03 00:00:00+00:00,0.015438546559468858,0.010428355270535539,-0.005146572038270847
2026-03-04 00:00:00+00:00,-0.0626383726307983,-0.02266077078580231,-0.02257003473811192
2026-03-05 00:00:00+00:00,0.03866992895649446,0.03687300895914514,0.05544240012840995
2026-03-06 00:00:00+00:00,0.009659853561522658,-0.013025321903802012,-0.03142623329816718
2026-03-07 00:00:00+00:00,0.029796909680707806,0.01963846545222947,0.014125160256616365
2026-03-08 00:00:00+00:00,0.004932734290207685,0.013934067607259237,-0.010728082100704084
2026-03-09 00:00:00+00:00,0.022334801602045262,0.008230081229294361,0.03685754140118691
2026-03-10 00:00:00+00:00,-0.023541018098718336,-0.015554592371428755,0.004799679134281032
2026-03-11 00:00:00+00:00,0.0042554959410989746,-0.00210782718777347,0.00757672547833943
2026-03-12 00:00:00+00:00,0.018935870202199778,0.018620168116945335,0.025686738795975383
2026-03-13 00:00:00+00:00,-0.029687212867923085,-0.0028487232299424514,-0.006991967699635393
2026-03-14 00:00:00+00:00,0.03160917960080689,0.02595942938251783,0.03569164704601824
2026-03-15 00:00:00+00:00,0.028857375197157697,0.028464153275539195,0.020435387589348375
2026-03-16 00:00:00+00:00,-0.03403843437283138,-0.09115876105192078,-0.09180838563115945
2026-03-17 00:00:00+00:00,0.015078346724499259,0.007585869770898146,-0.000775706898946571
2026-03-18 00:00:00+00:00,-0.02055068552696593,-0.0061946839611449755,-0.0030954890216068343
2026-03-19 00:00:00+00:00,0.0002315264722874133,0.03347625995567216,0.01724325326091125
2026-03-20 00:00:00+00:00,0.017721668605777285,0.01953534705309834,0.026873512823199608
2026-03-21 00:00:00+00:00,-0.015043367984939993,-0.04901830235800819,-0.042581605489297014
2026-03-22 00:00:00+00:00,0.02595862765115764,-0.0006471543036574712,0.01731386449811967
2026-03-23 00:00:00+00:00,0.01785449929514571,0.026107611004078102,0.017997274935324103
2026-03-24 00:00:00+00:00,0.036803507628494714,0.015002892580970428,0.029646139104601454
2026-03-25 00:00:00+00:00,-0.0004945995933518521,0.012062174145329285,0.01217913509838775
2026-03-26 00:00:00+00:00,0.008458739745366595,0.03397331890969402,0.02957053076477245
2026-03-27 00:00:00+00:00,-0.012904261314485299,0.007093943718871953,0.0010865897924505763
2026-03-28 00:00:00+00:00,0.022753711990007863,0.025785929137142727,0.016830911228651546
2026-03-29 00:00:00+00:00,0.006201291917302232,0.0022590387456051797,-0.002619546517280913
2026-03-30 00:00:00+00:00,-0.012007657920985904,-0.030212697637452823,-0.025775543540066392
2026-03-31 00:00:00+00:00,-0.033802831302191194,-0.030184686864586974,-0.040226948773810944
2026-04-01 00:00:00+00:00,-0.020610908246489035,-0.0188662406045339,-0.009625633091393193
2026-04-02 00:00:00+00:00,-0.02283885884938286,0.013780726074339222,-0.03317978029904611
2026-04-03 00:00:00+00:00,-0.037214614790614275,-0.033959351825887496,0.021360042738013618
2026-04-04 00:00:00+00:00,-0.016545648777933852,-0.032675537223027074,-0.04148576156600092
2026-04-05 00:00:00+00:00,0.03262414030232219,0.017616668035934202,0.028552595278979576
2026-04-06 00:00:00+00:00,0.00923683595644409,-0.017535687196857164,-0.030557237726442477
2026-04-07 00:00:00+00:00,-0.07219351101953031,-0.07193561687895211,0.048659737387781066
2026-04-08 00:00:00+00:00,-0.0009818398690080166,0.010506853108361858,0.0038078267781647135
2026-04-09 00:00:00+00:00,0.034813921821642335,0.03128462750798655,0.023795052422717067
2026-04-10 00:00:00+00:00,0.05342154423294754,0.03632488761263675,0.04768383789904318
2026-04-11 00:00:00+00:00,0.03152052732906663,-0.05214639282501132,0.025104944270880614
2026-04-12 00:00:00+00:00,-0.015255881404302896,0.012201573555901124,-0.020653347219020235
2026-04-13 00:00:00+00:00,0.05831010254619717,0.016276128878600193,0.007348503467359269
2026-04-14 00:00:00+00:00,0.02170757522848077,0.027759493083371556,0.012863562336661083
2026-04-15 00:00:00+00:00,-0.038223498760617036,-0.038395837264247334,-0.014022789741082509
2026-04-16 00:00:00+00:00,-0.06117580286593671,-0.025891556191015352,-0.03174713031015497
2026-04-17 00:00:00+00:00,0.05238399554180018,0.06672792444973741,0.033417303943530596
2026-04-18 00:00:00+00:00,0.06015009707090413,0.03907561843655727,0.03931991704883542
2026-04-19 00:00:00+00:00,0.014956099646419307,0.0029113018219220077,0.011874058136964516
2026-04-20 00:00:00+00:00,-0.013507390368976191,-0.00903776927572053,-0.01785782398334701
2026-04-21 00:00:00+00:00,0.010379246919708818,0.0019408798342261946,0.004005269885415164
2026-04-22 00:00:00+00:00,0.007302730384987521,0.015233418340682814,0.012649668117709956
2026-04-23 00:00:00+00:00,-0.020043562173231777,-0.033948908688895774,-0.027409121671831738
2026-04-24 00:00:00+00:00,0.005208214422868229,-0.013178444836134284,-0.0015060401820192748
2026-04-25 00:00:00+00:00,0.008742355587302741,0.009103894230827247,0.01734897378867717
2026-04-26 00:00:00+00:00,-1.3294559817356166e-05,-0.001076672513273702,0.0011377085812676047
2026-04-27 00:00:00+00:00,0.02688195299461693,0.01824317257249497,0.014347373754107995
2026-04-28 00:00:00+00:00,0.00022132257356921592,-0.018591130054865124,-0.00856283137898195
2026-04-29 00:00:00+00:00,0.028739987507035325,-8.089425531943029e-05,0.02452401676853233
2026-04-30 00:00:00+00:00,0.039264991961294404,0.03828537933315257,0.04293110497588559
2026-05-01 00:00:00+00:00,-0.0011494154390115918,0.008952983392370495,0.05416278577821121
2026-05-02 00:00:00+00:00,-0.01767917822675913,-0.00712069183160613,-0.0012129038469710363
2026-05-03 00:00:00+00:00,0.03269917386648835,0.0348983506938092,0.03575693860328277
2026-05-04 00:00:00+00:00,0.015607543632914611,0.009071022134694351,0.0064883719463866285
2026-05-05 00:00:00+00:00,0.02478681420841422,0.01754336023548042,-0.011628034015219835
2026-05-06 00:00:00+00:00,-0.01936206839716137,-0.07455065025591323,-0.08204776974424532
2026-05-07 00:00:00+00:00,-0.0315839372125617,-0.026968087387183703,-0.02625747453904248
2026-05-08 00:00:00+00:00,0.00938738168961284,-0.15293642252738837,-0.11328692659715633
2026-05-09 00:00:00+00:00,0.05043347745742821,0.05668327487112257,0.06372287197586934
2026-05-10 00:00:00+00:00,0.015382814280020751,0.027765993412378176,0.025429538277009334
2026-05-11 00:00:00+00:00,0.02825216387781526,0.02966118384348393,0.029744872055207816
2026-05-12 00:00:00+00:00,-0.03380834680542255,-0.006401541800149513,-0.013682495689554486
2026-05-13 00:00:00+00:00,0.01748631605477491,0.03276180737646106,0.05181852375235274
2026-05-14 00:00:00+00:00,-0.00817698566863223,-0.008975214675308485,0.00025266404238522
2026-05-15 00:00:00+00:00,0.04537966171489849,0.042690788611662756,0.012697285648885837
2026-05-16 00:00:00+00:00,0.01982746262270263,0.03179178815547257,-0.004284822731512761
2026-05-17 00:00:00+00:00,0.054822745082291124,0.06061506550496154,0.05630443089279025
2026-05-18 00:00:00+00:00,-0.00527492248718997,0.012364292525466114,0.008578939928123752
2026-05-19 00:00:00+00:00,0.07925162407859832,0.05093626922393124,0.005907025414661815
2026-05-20 00:00:00+00:00,0.030119161398556082,-0.0010969435087635482,0.02359115944791701
2026-05-21 00:00:00+00:00,0.055133541139932074,0.03145236237525939,0.0854633022996314
2026-05-22 00:00:00+00:00,0.008695533553885415,0.012844240590567102,0.019702146829364775
2026-05-23 00:00:00+00:00,0.06352310103933578,0.03495041646992725,0.04614553917926023
2026-05-24 00:00:00+00:00,0.026326373678774884,0.04701354911402067,0.02992637499070261
2026-05-25 00:00:00+00:00,0.06507599437276279,0.05434349404548833,0.05088270023460262
2026-05-26 00:00:00+00:00,0.011033111015217756,0.037244954755352166,0.011960017949642632
2026-05-27 00:00:00+00:00,-0.012050495869113664,-0.01504569304174741,-0.02148466544263572
2026-05-28 00:00:00+00:00,0.0072985844941249045,0.015313027400895685,0.0400623235496016
2026-05-29 00:00:00+00:00,0.021979562214989423,0.01441911266829532,0.034427787181388725
2026-05-30 00:00:00+00:00,0.03586466036964664,0.009676922936854515,0.05584908899868579
2026-05-31 00:00:00+00:00,0.004057631672846451,-0.005849603961414651,-0.0024040897958185203
2026-06-01 00:00:00+00:00,0.019080793266080587,0.004098343321659925,-0.0028053207827325455
2026-06-02 00:00:00+00:00,0.02450367176923751,-0.03708138978731701,-0.009073778575052871
2026-06-03 00:00:00+00:00,0.02843902767233697,0.0811711873751515,-0.007542957875193657
2026-06-04 00:00:00+00:00,-0.01773740552981573,-0.05270193807157675,0.018506603231872365
2026-06-05 00:00:00+00:00,0.022584916728868087,0.062069884984490065,0.04867609962661468
2026-06-06 00:00:00+00:00,-0.10424289990553659,-0.02824263555331874,-0.11057994737987076
2026-06-07 00:00:00+00:00,-0.028014021279638368,-0.032743480499743294,-0.05098659907731873
2026-06-08 00:00:00+00:00,-0.014397426140537628,-0.005512274108670834,0.035205966306446124
2026-06-09 00:00:00+00:00,-0.0107575575621498,0.0021531520096731427,-0.03555227073463951
2026-06-10 00:00:00+00:00,-0.019456136303854565,-0.0015303103448928157,-0.03285945032655202
2026-06-11 00:00:00+00:00,0.02557640583058629,0.019981250672057138,0.032218446111674126
2026-06-12 00:00:00+00:00,-0.013456879580681425,-0.015919474075821283,-0.026684967552821348
2026-06-13 00:00:00+00:00,0.004141314293926168,0.010983719869316566,-0.056803696984422
2026-06-14 00:00:00+00:00,-0.030049887915136075,-0.010141579331655715,-0.03407497936398807
2026-06-15 00:00:00+00:00,-0.06937415357439314,-0.045668771726275814,-0.055421294934167475
2026-06-16 00:00:00+00:00,-0.02380612331064247,0.03419058774514516,-0.014538896742034457
2026-06-17 00:00:00+00:00,-0.03487506482137204,-0.041725742673030086,0.009317532131793538
2026-06-18 00:00:00+00:00,0.01720079329102453,-0.02064442330097771,0.0193439981045207
2026-06-19 00:00:00+00:00,0.008431229861765921,-0.010151559016546408,0.008962873162401186
2026-06-20 00:00:00+00:00,0.0026895478851876042,-0.020286610199795052,-0.013355681134386899
2026-06-21 00:00:00+00:00,-0.0352859454689457,-0.037260971105150476,0.016348858740319994
2026-06-22 00:00:00+00:00,-0.02209357794272504,-0.013055666664022136,-0.014469228247897092
2026-06-23 00:00:00+00:00,0.057499665091549135,-0.0012637828660931882,0.006689516399404516
2026-06-24 00:00:00+00:00,0.04211776622497099,-0.0006793893330248046,0.012784499943834016
2026-06-25 00:00:00+00:00,-0.00019301492319478974,-0.026837787002416236,0.006892702220461011
2026-06-26 00:00:00+00:00,0.04296319169904206,0.06091367687592286,0.05442628359081292
2026-06-27 00:00:00+00:00,0.01331046519873924,0.0027819358595790877,0.010399225818582991
2026-06-28 00:00:00+00:00,0.014219047639088211,0.021897407930011603,0.007466424259906734
2026-06-29 00:00:00+00:00,-0.008253289244785633,0.00657427330277649,-0.011817981006926104
2026-06-30 00:00:00+00:00,-0.012036413410711155,-0.0301782024891466,-0.04079309706115153
2026-07-01 00:00:00+00:00,0.027612412525949814,-0.024741172707529957,-0.013282294400829509
2026-07-02 00:00:00+00:00,-0.002487152561372996,0.01602671562641156,0.03604639012636057
2026-07-03 00:00:00+00:00,0.001872962826207747,-0.01663484535026416,-0.02214434762079598
2026-07-04 00:00:00+00:00,0.006944243986106713,-0.0010826149155248599,0.008726216252749497
2026-07-05 00:00:00+00:00,0.00810842689660829,0.02304288479830663,0.01801776414463463
2026-07-06 00:00:00+00:00,-0.008082019087294667,0.003826302921684066,-0.003407243629089951
2026-07-07 00:00:00+00:00,0.00879609932073988,0.022982224287327435,0.027914927414763646
2026-07-08 00:00:00+00:00,-0.004306710564472183,-0.009121687617468788,-0.015166057499539809
2026-07-09 00:00:00+00:00,-0.007538104583489025,0.013483740350000994,0.0071646247441188304
2026-07-10 00:00:00+00:00,0.03894009930927522,0.045180357063884014,0.04844409643365766
2026-07-11 00:00:00+00:00,0.014121303769878857,0.015634048206635942,0.012336169394538521
2026-07-12 00:00:00+00:00,-0.004335170832907909,-0.017097892843743634,-0.0017493269776036602
2026-07-13 00:00:00+00:00,-0.047877977623802304,-0.041000781823082866,-0.049161712800004476
2026-07-14 00:00:00+00:00,0.034011577375242075,0.05976194275629365,0.02931187015936909
2026-07-15 00:00:00+00:00,0.01732635890813783,0.006108264397135965,0.024885321289248363
2026-07-16 00:00:00+00:00,0.03668592150940864,0.017153752820694423,0.020323948867954744
2026-07-17 00:00:00+00:00,-0.005416657465472818,0.008093772314081038,0.011065842275263194
2026-07-18 00:00:00+00:00,0.03170597943089759,0.012315083068337174,0.016254659656866455
2026-07-19 00:00:00+00:00,0.025373530210303086,0.02036675497057172,0.01630252502666507
2026-07-20 00:00:00+00:00,-0.050755897051589005,-0.026930785098541632,-0.03129928319435038
2026-07-21 00:00:00+00:00,-0.021457322304304305,-0.02804521567577778,0.004747617952732597
2026-07-22 00:00:00+00:00,0.002868792674930676,0.0023397260471020864,-0.012296769358302706
2026-07-23 00:00:00+00:00,-0.005364338629675669,0.01734437098130437,-0.0036505002566845635
2026-07-24 00:00:00+00:00,-0.01583566997114627,0.011470464825898308,0.020049992532501282
2026-07-25 00:00:00+00:00,-0.02577438348906924,-0.011741370041427945,-0.02312725922827108
2026-07-26 00:00:00+00:00,0.0001851448967642444,0.013028052674790347,0.051806243668224505
2026-07-27 00:00:00+00:00,0.007064576423663205,0.051875036569761335,0.06145485929841654
2026-07-28 00:00:00+00:00,-0.16672187238741865,-0.14296113024266932,-0.12134680086013794
2026-07-29 00:00:00+00:00,0.12483009390575561,0.09699883892539751,0.0441245087740636
2026-07-30 00:00:00+00:00,-0.045591244145218646,0.014966478987746834,-0.02308794381179169
2026-07-31 00:00:00+00:00,0.0013952341112202227,0.0030201031339793794,0.014459205364929728
2026-08-01 00:00:00+00:00,-0.014355397625914312,-0.016121667814876672,-0.004650192254652796
2026-08-02 00:00:00+00:00,-0.02245542722709193,-0.05791373291178503,-0.06205314329785938
2026-08-03 00:00:00+00:00,-0.10080914846845879,-0.12020248456499782,-0.12399746555977675
2026-08-04 00:00:00+00:00,-0.07836865712733265,-0.10892554254655207,-0.0005595036788420549
2026-08-05 00:00:00+00:00,-0.2201434565821433,0.008927346514848722,-0.05544102140547391
2026-08-06 00:00:00+00:00,0.006666842933691131,0.013263026247703813,0.04019016309945078
2026-08-07 00:00:00+00:00,0.056328917999203254,0.01788462132966062,0.033253183901706285
2026-08-08 00:00:00+00:00,0.05994536271274664,0.01307249999454263,0.05371126976185869
2026-08-09 00:00:00+00:00,0.019467109558632067,-0.004480107229636876,0.00882698170587437
2026-08-10 00:00:00+00:00,-0.01105257441816132,-0.02326371560944518,-0.049635473688695475
2026-08-11 00:00:00+00:00,0.009977299267750928,0.027061481617237426,-0.00899722533595182
2026-08-12 00:00:00+00:00,0.017341506940151907,0.07358221546767552,0.06251973936164701
2026-08-13 00:00:00+00:00,0.019652520186681066,0.02946777011335011,0.01795543268427613
2026-08-14 00:00:00+00:00,0.04836929047300442,0.06103746729606674,0.044335024132834855
2026-08-15 00:00:00+00:00,0.022186217054150026,0.05041752792608456,0.05453674694253907
2026-08-16 00:00:00+00:00,-0.0022783722719499355,0.021363211774267254,-0.004031701013537559
2026-08-17 00:00:00+00:00,0.010861919217917793,0.00034408205990521523,0.017477569846915397
2026-08-18 00:00:00+00:00,0.030024602557824576,-0.01875028586223393,0.00333659441961065
2026-08-19 00:00:00+00:00,0.038402659571604714,0.00676662465612532,-0.029030759424441888
2026-08-20 00:00:00+00:00,-0.006679263977162009,0.031138798613702612,-0.05041884796129026
2026-08-21 00:00:00+00:00,-0.03676652018197191,-0.07876433376900482,-0.033191056106581684
2026-08-22 00:00:00+00:00,0.012070855379329837,0.046040535852239994,0.054324032415470125
2026-08-23 00:00:00+00:00,-0.07645622052064405,-0.08368153340810824,-0.11162898264960874
2026-08-24 00:00:00+00:00,-0.09239455505580729,-0.11946006509701323,-0.08505279423801704
2026-08-25 00:00:00+00:00,0.027833744786957437,0.07366926745718017,0.029116691737713696
2026-08-26 00:00:00+00:00,-0.14949015721588144,-0.07475282920453719,-0.03603464622419805
2026-08-27 00:00:00+00:00,0.008926670670006409,0.005358461336080866,0.04467058829238568
2026-08-28 00:00:00+00:00,0.006538834986218323,-0.0005197992155647757,-0.006563466552398478
2026-08-29 00:00:00+00:00,-0.02272425721379312,0.014898177713314587,-0.0049525367732379255
2026-08-30 00:00:00+00:00,0.019814140482981912,0.03350097376693073,0.04738124638345376
2026-08-31 00:00:00+00:00,0.014279676126099261,0.01041206441713971,0.01642018871296469
2026-09-01 00:00:00+00:00,-0.02051729590948559,-0.006333691844682576,-0.0063086320946710295
2026-09-02 00:00:00+00:00,-0.003737955514885538,-0.01703666111087443,-0.021836020491131314
2026-09-03 00:00:00+00:00,0.011569136318025919,-0.016729386624276588,0.06053409418659683
2026-09-04 00:00:00+00:00,0.02782439070864018,0.04755200184109776,0.02254103873084734
2026-09-05 00:00:00+00:00,0.031189228102439293,0.024318574499629264,0.054882397542701744
2026-09-06 00:00:00+00:00,-0.03975976257361591,0.01282008555091485,-0.01833778407776221
2026-09-07 00:00:00+00:00,-0.0506232639264903,-0.0513168591169062,-0.06803641358096546
2026-09-08 00:00:00+00:00,-0.04595945400756074,-0.003569678722694758,-0.014314810302523573
2026-09-09 00:00:00+00:00,0.03718913081932573,0.021645528382293833,0.06937516417506151
2026-09-10 00:00:00+00:00,-0.0057251807273454025,0.02856212878659825,0.04110433691769422
2026-09-11 00:00:00+00:00,-0.0007523590254250312,0.008647417980384153,-0.008071868755577749
2026-09-12 00:00:00+00:00,-0.0002106553300327274,-0.012643986003310514,0.009432230208469283
2026-09-13 00:00:00+00:00,0.02441054335469306,-0.024792943394851275,-0.022578812534318704
2026-09-14 00:00:00+00:00,0.012946516584374734,0.030662679868100895,-0.007279811616952903
2026-09-15 00:00:00+00:00,-0.01056936116800189,-0.042081768546454845,0.004794118094930022
2026-09-16 00:00:00+00:00,0.024767384233773004,0.00199601595184018,0.027640229105296843
2026-09-17 00:00:00+00:00,-0.04066874972850343,0.017324052199297002,0.008802692600075712
2026-09-18 00:00:00+00:00,0.04769251728966517,0.055003705260110225,0.08163407579611004
2026-09-19 00:00:00+00:00,0.05410216375287824,0.018155408180915877,0.0001624913695861263
2026-09-20 00:00:00+00:00,0.05677219564567548,0.07807189571658446,0.03376357801849217
2026-09-21 00:00:00+00:00,0.007343632416056067,-0.03291364448909706,0.002317596853349979
2026-09-22 00:00:00+00:00,-0.11020262213902887,-0.07148036757247533,-0.08590216065906642
2026-09-23 00:00:00+00:00,0.05760249678187468,0.1383503380720934,0.03024255383714758
2026-09-24 00:00:00+00:00,0.015363514535691403,-0.025054962937392178,0.0487727502133839
2026-09-25 00:00:00+00:00,-0.029150891194333006,-0.0881943518671221,0.005912219390821205
2026-09-26 00:00:00+00:00,0.033253536719536125,0.037540062522085416,0.033557647897959564
2026-09-27 00:00:00+00:00,0.06062869184347974,0.07245811540288827,0.06856699249370823
2026-09-28 00:00:00+00:00,-0.03369731443726576,-0.0353019779778635,-0.0023514412980176758
2026-09-29 00:00:00+00:00,0.00753146737079935,0.03476206176189689,0.0033823676452846563
2026-09-30 00:00:00+00:00,0.04386848141017974,0.003076141547814437,0.032112212012217256
2026-10-01 00:00:00+00:00,0.01455903885750831,0.024118161482891587,0.021999654209417185
2026-10-02 00:00:00+00:00,0.07121905369854065,0.05111311904209925,0.05079260268017394
2026-10-03 00:00:00+00:00,-0.00024701909196100935,0.0021622220820647353,4.2625106836835513e-05
