coin,part,n,corr,beta,r2
AAPL,full,317,0.13999147508445545,0.07838711191932615,0.01959761309632171
AAPL,first,158,0.22651548145040368,0.09936289531766235,0.05130926333670817
AAPL,second,159,0.05397796909397394,0.03916466859286887,0.002913621147510006
AAPL,weekend,92,0.4701039796982638,0.12203787598013381,0.22099775172814562
MRVL,full,153,0.0673999286122818,0.2097424050125618,0.0045427503769406834
MRVL,first,76,-0.09834307571045665,-0.3912755219459153,0.00967136054019261
MRVL,second,77,0.30101822606574935,0.6876395083191482,0.09061197242377059
MRVL,weekend,44,0.2720922311012312,0.38003083292027745,0.07403418222564581
TSLA,full,325,0.41211330265147084,0.39900687976174587,0.1698373742223028
TSLA,first,162,0.46550405032001374,0.3607731604258106,0.2166940208643379
TSLA,second,163,0.3761099484610961,0.47054067119397114,0.14145869333140834
TSLA,weekend,94,0.614046362711554,0.30294449788684347,0.3770529355592893
GBP,full,139,0.31638193934558634,0.04706729583175869,0.10009753154407428
GBP,first,69,0.3899036894015532,0.06481645597226189,0.15202488700894284
GBP,second,70,0.25734895093797144,0.035199622909896554,0.06622848254887444
GBP,weekend,40,0.13757358566258887,0.03465210167130505,0.018926491472061678
BRENTOIL,full,214,-0.3813265252551165,-0.6430567714965754,0.145409918863141
BRENTOIL,first,107,-0.5214821631959765,-1.056478743709011,0.27194364653155506
BRENTOIL,second,107,-0.18066912800819743,-0.2251847229222515,0.03264133381524243
BRENTOIL,weekend,62,-0.4633218922592686,-1.1284687511738005,0.21466717584670933
EUR,full,285,0.2807172643326175,0.03745017615110684,0.07880218249438865
EUR,first,142,0.23243932465897993,0.03200461932905162,0.054028039647922674
EUR,second,143,0.3718240939325109,0.04676782153975569,0.1382531568287327
EUR,weekend,82,0.25270437527147976,0.034033667815912376,0.06385950128134887
AMZN,full,320,0.4613508977277914,0.3717588482380156,0.21284465083423906
AMZN,first,160,0.5996137033428904,0.4528479031885279,0.35953659323657583
AMZN,second,160,0.2560271366481583,0.22797238738917336,0.06554989470025471
AMZN,weekend,92,0.44585218734913373,0.17488587422416813,0.19878417296400705
HIMS,full,193,0.2758183717539479,0.6873453021363842,0.07607577419699901
HIMS,first,96,0.23780242664247445,0.6805525585393982,0.05654999411704944
HIMS,second,97,0.35737797339779037,0.7617341774192757,0.12771901586991177
HIMS,weekend,56,0.2519162376557693,0.3343675994960645,0.06346179079463804
WDC,full,117,0.13838113480852235,0.3793747644985447,0.019149338470894436
WDC,first,58,0.29140207073833757,1.247970503381364,0.0849151668305911
WDC,second,59,-0.02374295188261621,-0.03619285441702913,0.0005637277641002287
WDC,weekend,34,0.5095464104159566,1.0258538054236357,0.25963754436778647
SMSN,full,226,0.3073429323060122,0.7274293163170431,0.09445967803845798
SMSN,first,113,0.34849657375383464,0.7965140135623295,0.1214498619181619
SMSN,second,113,0.2687887100495685,0.6647324931854744,0.07224737065011101
SMSN,weekend,66,0.4644791202175316,0.9723790860178183,0.2157408531180522
PLTR,full,324,0.4613932512255314,0.5960747703229073,0.21288373227646631
PLTR,first,162,0.5476580123291009,0.6209900241882189,0.29992929846826166
PLTR,second,162,0.35599335145003985,0.5464741119822185,0.1267312662766316
PLTR,weekend,94,0.4392278654995607,0.2813027124609527,0.1929211178313002
BX,full,153,0.27232789294631354,0.26495463617049475,0.0741624812765788
BX,first,76,0.418461430221532,0.44927627256917146,0.17510996858305009
BX,second,77,0.15586734402299585,0.1413616764352957,0.02429462893278294
BX,weekend,44,-0.06932607240963182,-0.044158515525985986,0.004806104315745514
RIVN,full,263,0.3331885303202466,0.42513852246475237,0.11101459673696588
RIVN,first,131,0.37779752054929355,0.3952048052133101,0.1427309665331939
RIVN,second,132,0.29747108732066735,0.47366991224278765,0.0884890477917401
RIVN,weekend,76,0.3558315602376626,0.2362183261420999,0.12661609926116932
KIOXIA,full,101,0.2537765104853042,1.3353394495118578,0.06440251727409771
KIOXIA,first,50,0.3330341049622508,2.351344937226736,0.11091171506800747
KIOXIA,second,51,0.22530684478994928,1.0251906892927676,0.0507631743092023
KIOXIA,weekend,30,0.4922493993172742,2.3864657654699135,0.24230947112821724
XYZ100,full,356,0.5089538575862445,0.2379698966392761,0.2590340291519192
XYZ100,first,178,0.6252155113063655,0.24703078829869063,0.3908944355780801
XYZ100,second,178,0.385622144230753,0.2209317494500146,0.14870443812112366
XYZ100,weekend,102,0.5179001417873834,0.18114163473182832,0.26822055686339186
PLATINUM,full,250,0.49320662209722754,0.5535288415629852,0.24325277208055743
PLATINUM,first,125,0.4712835060198898,0.5743320625506216,0.22210814304639948
PLATINUM,second,125,0.5522372744225519,0.5196232735352171,0.30496600726164885
PLATINUM,weekend,72,0.2726307423518433,0.19098977758340693,0.07432752167531717
XLE,full,153,-0.24326215138388016,-0.15698162761510265,0.05917647429591383
XLE,first,76,-0.19719328898437752,-0.14258298620482227,0.038885193220476226
XLE,second,77,-0.31371084178336356,-0.18521768895558827,0.09841449225242656
XLE,weekend,44,-0.1661280584553515,-0.16120992259016487,0.027598531806144685
COPPER,full,263,0.37095097283486217,0.24162925453903825,0.13760462424713066
COPPER,first,131,0.3924704231007749,0.26511021392386497,0.15403303300890125
COPPER,second,132,0.33495495180413754,0.2044608048977775,0.1121948197381121
COPPER,weekend,76,0.5412028045202595,0.37041925793539715,0.2929004756205942
EWJ,full,216,0.46235879770484445,0.3341653431928876,0.21377565781506927
EWJ,first,108,0.5385918490287124,0.4400048301901259,0.2900811798401673
EWJ,second,108,0.3646457815610232,0.21936781291738724,0.13296654601024943
EWJ,weekend,62,0.5675586888968603,0.44280406149884444,0.3221228653423231
CRWV,full,250,0.38523072706848377,0.8433623722501399,0.14840271307771263
CRWV,first,125,0.5438405344661434,1.0630248196760288,0.29576252692842053
CRWV,second,125,0.19219634626989252,0.4894680828192879,0.036939435519496425
CRWV,weekend,72,0.46638886814817243,0.491526216861345,0.21751857633253338
PURRDAT,full,143,0.5782713246363133,1.751052136710152,0.3343977248966364
PURRDAT,first,71,0.5151284415995745,1.6150717338997689,0.2653573113448062
PURRDAT,second,72,0.6205474081593106,1.8635654745074115,0.3850790857732381
PURRDAT,weekend,42,0.41207213536582127,1.3182194972815187,0.16980344474494774
MSFT,full,319,0.32901309487073843,0.22010199829661511,0.10824961659642153
MSFT,first,159,0.4678991577200142,0.25785388254981306,0.21892962179509876
MSFT,second,160,0.17649312608684894,0.14808478041507434,0.03114982355590836
MSFT,weekend,92,0.4521342762913422,0.1502252057595836,0.20442540379749574
NFLX,full,300,0.18964485453018293,0.1548198926304222,0.03596517084977424
NFLX,first,150,0.21600823882758655,0.16928686055084816,0.04665955924139567
NFLX,second,150,0.15250619164191825,0.13236999750478656,0.023258138489121498
NFLX,weekend,86,0.39327336113772776,0.10864857048697779,0.15466393658056565
COST,full,193,-0.005136319687713262,-0.0027666432856399198,2.6381779934390858e-05
COST,first,96,0.04480544264563472,0.02725204408516903,0.0020075276906712626
COST,second,97,-0.06532775963407424,-0.03109681598484468,0.004267716178807379
COST,weekend,56,0.07722499814966413,0.04107087684546827,0.005963700339215628
NOW,full,122,0.19177187621616587,0.2861594896830928,0.03677645250746844
NOW,first,61,0.16799241244729646,0.3085799301219034,0.028221450639862564
NOW,second,61,0.21411345291167622,0.2668536051141144,0.04584457071776059
NOW,weekend,36,0.6609803686494167,0.5570648758594686,0.4368950477399188
LITE,full,153,0.20453119559106317,0.5377491769183035,0.04183300996990974
LITE,first,76,0.20574587132996702,0.5836874447057587,0.042331363569327346
LITE,second,77,0.18526410386664433,0.4626263287925766,0.03432278818151078
LITE,weekend,44,0.2801772327169623,0.5977977108379056,0.07849928173293486
EWT,full,136,0.21311428756460377,0.21662473947019253,0.04541769956416863
EWT,first,68,0.21885123178539231,0.2774198261538882,0.04789586165398351
EWT,second,68,0.2003390131294318,0.15645708884995568,0.04013572018167465
EWT,weekend,40,0.39686130956536986,0.368971466308761,0.15749889902994033
NBIS,full,117,0.07503109753694512,0.2529416954880275,0.005629665597598572
NBIS,first,58,0.20188815854084138,1.0177318695021556,0.0407588285590119
NBIS,second,59,-0.06225695090773335,-0.13411100185389455,0.0038759279363279205
NBIS,weekend,34,0.3133662772661391,1.0045101002888412,0.09819842372763876
HYUNDAI,full,226,0.2527657988534182,0.4425932058886369,0.06389054907000667
HYUNDAI,first,113,0.25155382805533555,0.498291383474231,0.06327932840929332
HYUNDAI,second,113,0.2849317604993197,0.3969108930084502,0.08118610814124166
HYUNDAI,weekend,66,0.3199206752721053,0.43528049904099125,0.10234923846655987
SP500,full,200,0.4775017451216154,0.1752947598111555,0.22800791659418818
SP500,first,100,0.5802188184344734,0.2557878271046493,0.33665387726549645
SP500,second,100,0.3706498967453276,0.1045607112391034,0.13738134595732202
SP500,weekend,58,0.45856576683280825,0.17091297235611935,0.21028256251096147
ZHIPU,full,104,0.1603921520662862,0.6968295888575078,0.025725642444454678
ZHIPU,first,52,-0.01368003726595106,-0.09880283115158438,0.00018714341959780978
ZHIPU,second,52,0.42412153331663455,1.0649044858364218,0.17987907502285314
ZHIPU,weekend,30,0.2913674442233091,0.9667107007354492,0.08489498755322315
QNT,full,129,0.08113758796306315,0.2428933453157693,0.006583308180463811
QNT,first,64,0.14083767098688946,0.5322930894352342,0.019835249569011323
QNT,second,65,-0.01467819128608558,-0.03275984464993092,0.00021544929943091866
QNT,weekend,38,0.1869685313788086,0.2951102807743854,0.03495723172594853
INTC,full,305,0.26382284741899836,0.50460455021388,0.06960249482026809
INTC,first,152,0.2711952815129399,0.432237802162696,0.07354688071488273
INTC,second,153,0.26920756545406016,0.6329502197939371,0.07247271329770208
INTC,weekend,88,0.45965219811578906,0.4156310982912012,0.2112801432326766
ZM,full,152,0.0956446255289667,0.11273436794870335,0.009147894392576269
ZM,first,76,0.09464008759400587,0.1308460180929466,0.008956746179801104
ZM,second,76,0.08272827092630707,0.08394648672426837,0.006843966810456463
ZM,weekend,44,0.37219828128149296,0.38857938896316363,0.13853156058889735
RKLB,full,153,0.25985995328411354,0.7229929961241757,0.06752719532082167
RKLB,first,76,0.3624610848057642,1.2695469659538343,0.1313780379985714
RKLB,second,77,0.14372685244157574,0.30407562953735257,0.020657408112762485
RKLB,weekend,44,0.403095382167146,0.5354088469430484,0.1624858871244775
SOFTBANK,full,100,0.05384984464878157,0.11169843806922246,0.0028998057686979092
SOFTBANK,first,50,0.2770994835813047,0.9386653677701671,0.07678412380102576
SOFTBANK,second,50,-0.13278978230349914,-0.1849697057859231,0.017633126284210692
SOFTBANK,weekend,30,0.49019058952212813,1.5679647705588913,0.2402868140560515
ARM,full,136,0.24582990731509755,0.6320815475095124,0.06043234333054945
ARM,first,68,0.22287040944065636,0.6493811376751156,0.049671219404245806
ARM,second,68,0.2620588830202375,0.6086661017671192,0.06867485816981451
ARM,weekend,40,0.480191560705015,0.7185882624970408,0.2305839349723181
GOLD,full,286,0.42077071308971875,0.29290348700252616,0.1770479929940304
GOLD,first,143,0.3456064979543929,0.24869062962034202,0.11944385142829979
GOLD,second,143,0.5638772431156547,0.3686134601757799,0.3179575453037111
GOLD,weekend,82,0.3953024685420406,0.175595784674931,0.156264041635431
CRCL,full,293,0.6319141584753711,1.3996661271606667,0.3993155036816365
CRCL,first,146,0.6192538342135586,1.3431664667693417,0.38347531118819356
CRCL,second,147,0.656494121898417,1.4970086179879771,0.4309845320871737
CRCL,weekend,84,0.7256096578984713,0.6917869528971777,0.5265093756355366
EWY,full,216,0.38838741135441396,0.6683813443233841,0.15084478129858275
EWY,first,108,0.48558395127207515,0.8540218755417387,0.23579177373300106
EWY,second,108,0.2899309218704929,0.4871212315006654,0.08405993945667387
EWY,weekend,62,0.6308319803228193,0.6532212470147126,0.3979489873980099
JP225,full,178,0.28854401210611846,0.22967595340332403,0.08325764692229584
JP225,first,89,0.2575846481908295,0.2270942440535973,0.0663498509835934
JP225,second,89,0.34244064131502655,0.2472512988730233,0.11726559282424667
JP225,weekend,52,0.45147545357752566,0.3920881974788329,0.20383008518303253
ASML,full,128,0.12504499862757734,0.16432598295179088,0.01563625168177082
ASML,first,64,0.207935898312119,0.36369622414951325,0.04323733780686789
ASML,second,64,-0.004833478256336601,-0.004075189849218223,2.3362512054478708e-05
ASML,weekend,38,0.3143985553012306,0.22543282827901603,0.09884645157550097
CL,full,271,-0.2687260566090891,-0.3850451479364719,0.07221369350067136
CL,first,135,-0.3046410439190766,-0.4617243492044859,0.09280616564010476
CL,second,136,-0.19296425741952364,-0.24543815654012316,0.037235204641468185
CL,weekend,78,-0.25191102693942524,-0.4806045303740512,0.06345916549367583
NOK,full,111,0.1816959953331141,0.3340466812095284,0.033013434720091016
NOK,first,55,0.31417930355349083,0.8726338850094739,0.09870863478135654
NOK,second,56,0.04990118936703345,0.06125185557912383,0.0024901287002445324
NOK,weekend,32,0.5118273341189457,0.9679408022675542,0.26196721995130684
MU,full,289,0.24777474300888827,0.5046325209345045,0.06139232327312063
MU,first,144,0.31208834898454096,0.5225760176545599,0.09739913757189664
MU,second,145,0.19042171040770053,0.4797863305444301,0.036260427794594166
MU,weekend,84,0.48397269021494416,0.4751335591820914,0.2342295648738903
COIN,full,313,0.7756311668618607,1.268871533974176,0.6016037070074917
COIN,first,156,0.8030780016384849,1.1743392438709663,0.6449342767156623
COIN,second,157,0.7536957091939572,1.4352538846504719,0.5680572220573822
COIN,weekend,90,0.8687293167439367,0.8373187962491858,0.7546906257703871
ORCL,full,303,0.3951235495908094,0.5420239690175294,0.15612261944124084
ORCL,first,151,0.5019936910810288,0.6058272794350499,0.2519976658851553
ORCL,second,152,0.27110748758758385,0.43657716184207473,0.07349926982605193
ORCL,weekend,88,0.45132434146065303,0.27039371558077135,0.20369366119489213
NVDA,full,326,0.3866001809758101,0.33504533507128026,0.14945969993052913
NVDA,first,163,0.4687342433348584,0.3580686338368687,0.21971179087470227
NVDA,second,163,0.2841980510305677,0.29343480053417687,0.08076853220957317
NVDA,weekend,94,0.552463842649466,0.27826898210414025,0.30521629743501394
MINIMAX,full,108,0.23096832449374996,0.9322792465842176,0.053346366919450175
MINIMAX,first,54,0.10564650631232698,0.6766923917447464,0.011161184296000545
MINIMAX,second,54,0.41693738150419707,1.0611203440806303,0.17383678009557638
MINIMAX,weekend,32,0.3044713158303454,0.7240891617038513,0.09270278216346195
NATGAS,full,256,-0.16338579809423118,-0.1896205686901134,0.026694919018888878
NATGAS,first,128,-0.18428800173228854,-0.23903937675746645,0.033962067582479986
NATGAS,second,128,-0.11950759197790309,-0.10630573588547368,0.014282064540356966
NATGAS,weekend,74,0.034494713095604715,0.06891652910873601,0.0011898852315480833
SPCX,full,140,0.22203057245089536,0.4243255074277644,0.04929757510287229
SPCX,first,70,0.2888179906272768,0.644274105617794,0.08341583170997775
SPCX,second,70,0.10939737212452841,0.17473403559334633,0.011967785027752545
SPCX,weekend,40,0.5517807872112439,0.7206846096462514,0.30446203713546005
HOOD,full,312,0.6140880717731517,1.0368371859365277,0.37710415989406754
HOOD,first,156,0.6738652714632876,1.0138446050673628,0.45409440408429025
HOOD,second,156,0.545394039797593,1.0691962435334978,0.2974546586467385
HOOD,weekend,90,0.6432142062530997,0.48636198193796853,0.41372451512580505
META,full,318,0.29803509461688416,0.2709210900336741,0.08882491762329509
META,first,159,0.37557749434331966,0.2606557805766635,0.1410584542572063
META,second,159,0.2416744351212741,0.29013587045692285,0.05840653259118692
META,weekend,92,0.5512950832621331,0.19476768803953598,0.3039262688290022
SMH,full,111,0.2078742016611566,0.2506261646376931,0.0432116837162632
SMH,first,55,0.20898843555914345,0.4083618090630137,0.043676166197458254
SMH,second,56,0.25533927579218385,0.17335538835796802,0.06519814576207693
SMH,weekend,32,0.5253367817975126,0.6634083273356844,0.2759787343093674
CBRS,full,156,0.18433865343894223,0.6238933617270029,0.03398073915168245
CBRS,first,78,0.19519795949023003,0.8145693799114321,0.038102243389149484
CBRS,second,78,0.173234630146525,0.4604009081916647,0.030010237082003306
CBRS,weekend,46,0.2105867064801843,0.8293034990029609,0.04434676094617129
TSM,full,243,0.3328560998090345,0.3208401389357347,0.11079318318008195
TSM,first,121,0.4278221630310284,0.3543913700393888,0.18303180318054782
TSM,second,122,0.22930662727495654,0.2705304337559342,0.052581529312215845
TSM,weekend,70,0.4975178005946685,0.37812552895259144,0.24752396190855633
LLY,full,193,0.15731533974649062,0.13880664442858764,0.02474811611955377
LLY,first,96,0.2253415976098781,0.23110414139848637,0.050778835613372215
LLY,second,97,0.11500846392431195,0.08409282576365458,0.013226946774229763
LLY,weekend,56,0.252166415107592,0.12177115364834745,0.06358790090821441
EWZ,full,153,0.3041576635498575,0.22720654090957415,0.09251188429610832
EWZ,first,76,0.4252092074842569,0.367018328372663,0.18080287012938984
EWZ,second,77,0.1638113834761686,0.10696184698973651,0.026834169356376367
EWZ,weekend,44,0.04156921366883585,0.04772985094615671,0.001727999525045329
BE,full,104,0.08974957162647074,0.2980393380673436,0.008054985607135001
BE,first,52,0.16839365837688824,0.9322221332091175,0.028356424181552143
BE,second,52,0.006190051481934639,0.011694535849442052,3.831673734900122e-05
BE,weekend,30,0.29802872620237103,0.7914742593046032,0.08882112164180783
AVGO,full,123,0.20575991009962752,0.2271179133503728,0.0423371406042068
AVGO,first,61,0.3180819207662142,0.46373789127085463,0.10117610831832419
AVGO,second,62,0.10764097708567168,0.08905254860328667,0.011586579947958095
AVGO,weekend,36,0.6023311682881151,0.5211047955312555,0.3628028362913256
URNM,full,248,0.45140010957475535,0.5524114811022619,0.20376205892410112
URNM,first,124,0.4205372854299123,0.5045455270980553,0.17685160843675954
URNM,second,124,0.5139092864639013,0.6563503192756692,0.2641027547138362
URNM,weekend,72,0.1513071518463547,0.14332865284553822,0.022893854199855842
BIRD,full,171,0.08296911458412531,0.27050696751877107,0.006883873974873716
BIRD,first,85,-0.028307443524990757,-0.11652928897320387,0.0008013113589205412
BIRD,second,86,0.21150712581592104,0.5056059840809075,0.04473526427091185
BIRD,weekend,50,0.05579008723634144,0.11456231832844796,0.0031125338338385882
GME,full,153,0.1406846834558381,0.17170732636886735,0.019792180159069365
GME,first,76,0.17298370918839476,0.23420456178447618,0.029923363644575127
GME,second,77,0.09857540775089474,0.11136708326365959,0.009717111013255158
GME,weekend,44,0.0806705338748171,0.1271922065347717,0.006507735035648013
EBAY,full,152,0.015513416571693573,0.012585300297883385,0.00024066609372689677
EBAY,first,76,0.13028798051098567,0.10018597132152203,0.016974957865630982
EBAY,second,76,-0.05041366895067569,-0.04329589441396592,0.0025415380170683223
EBAY,weekend,44,0.04241748451604206,0.032131955822085924,0.0017992429926686681
JPY,full,285,-0.11545833877378363,-0.020634410426119153,0.013330627992401789
JPY,first,142,-0.0433593149621062,-0.007485441125786776,0.0018800301939831269
JPY,second,143,-0.22603316760983494,-0.04259870112393602,0.051090992859735736
JPY,weekend,82,-0.1182497904518263,-0.018615938950663637,0.013983012941900831
DKNG,full,193,0.07536137936499589,0.10808619764806045,0.0056793374997948275
DKNG,first,96,0.15631137835692444,0.23661103910154255,0.024433247003841585
DKNG,second,97,0.02075299326845262,0.02843071920189818,0.0004306867296004397
DKNG,weekend,56,0.15091985150769088,0.11477276172048723,0.022776801579103466
KR200,full,178,0.2763795654687842,0.5081367521001929,0.07638566420871398
KR200,first,89,0.23087621153567264,0.47496150017752525,0.05330382505306466
KR200,second,89,0.3504670679494671,0.5758560206374677,0.12282716571709637
KR200,weekend,52,0.643662471958187,0.8496310899148193,0.4143013778073239
IBM,full,125,-0.0016083837526553097,-0.0022901701595164324,2.5868982958055766e-06
IBM,first,62,-0.06307580545261435,-0.12660027302096516,0.003978557233496054
IBM,second,63,0.09937809269459755,0.06837243704886121,0.009876005307616023
IBM,weekend,36,0.2587316035532947,0.15219370035935528,0.06694204267725927
SKHX,full,227,0.3171178625262651,0.8179242119479899,0.10056373873322719
SKHX,first,113,0.3871558922760333,0.9197255596782606,0.1498896849240515
SKHX,second,114,0.2577051124707996,0.7264483613329749,0.06641192499358746
SKHX,weekend,66,0.5228604822450731,0.9547790601821815,0.27338308389355037
BOT,full,100,0.10421586313618537,0.24968403100312897,0.010860946129220122
BOT,first,50,0.17269707582708102,0.7293389516801867,0.029824279999224573
BOT,second,50,0.07633641419677939,0.10066053287450034,0.005827248132422262
BOT,weekend,30,0.4886553674175368,1.1619063738508366,0.2387840681059679
QCOM,full,104,0.1328463027791348,0.1998700810571479,0.01764814016208556
QCOM,first,52,0.14950528812951036,0.3417002238245205,0.02235183117868791
QCOM,second,52,0.10375349206627055,0.10951169310456411,0.010764787115945666
QCOM,weekend,30,0.44182695913447806,0.7346026145710818,0.19521106181801975
USAR,full,251,0.32176509251533475,0.6926126181760084,0.10353277476140194
USAR,first,125,0.33194953278936856,0.6927324025797906,0.11019049231908007
USAR,second,126,0.3174459203186058,0.7151551625071373,0.10077191232692663
USAR,weekend,72,0.36364542037960423,0.30176550489970727,0.1322379917630591
AMD,full,304,0.36261609717800675,0.585331109950342,0.13149043393260965
AMD,first,152,0.4684670149005721,0.6608901241332651,0.21946134404985282
AMD,second,152,0.24132612738235268,0.46061095301650845,0.05823829975736351
AMD,weekend,88,0.5306969390999395,0.42083297213756304,0.2816392411700449
DRAM,full,153,0.24964047020282198,0.673577812912605,0.06232036436308605
DRAM,first,76,0.22565307317646865,0.7400182831476806,0.05091930943398472
DRAM,second,77,0.3004904936022218,0.6609359755563837,0.0902945367453069
DRAM,weekend,44,0.4811636343453995,0.9243009713077968,0.2315184430164733
DELL,full,125,0.25238496954224865,0.46874047455116014,0.06369817285084178
DELL,first,62,0.4512395131306774,1.0016122158142822,0.20361709821041077
DELL,second,63,0.005787490288993131,0.00887298615298077,3.349504384518979e-05
DELL,weekend,36,0.42723371604239935,0.4220731544156116,0.18252864812339753
SNDK,full,265,0.23612065585421665,0.6236574462275065,0.05575296412102542
SNDK,first,132,0.29828000000879495,0.656166571349436,0.08897095840524671
SNDK,second,133,0.18073511696496222,0.5887242358002925,0.03266518250433858
SNDK,weekend,76,0.6117729201884029,0.5559351288642631,0.37426610587584597
BABA,full,262,0.18858108227661277,0.16766729340548722,0.03556282459261859
BABA,first,131,0.3273729981387561,0.2546458161603216,0.107173079910358
BABA,second,131,0.018017014729794965,0.018989792683416374,0.00032461281977364876
BABA,weekend,76,0.3315881656177034,0.17483157831945006,0.10995071157771348
BB,full,131,0.14945353240814416,0.31181454641048273,0.022336358349272195
BB,first,65,0.16579420978072182,0.4668868254554095,0.027487719996813993
BB,second,66,0.15549897357565495,0.20444755868285985,0.024179930783082237
BB,weekend,38,-0.08432678971127404,-0.18532165938412018,0.007111007463009433
STRC,full,104,0.31497585032408654,0.2673849973109258,0.09920978628738136
STRC,first,52,0.43900765721272555,0.6930233097891495,0.19272772309140596
STRC,second,52,0.5491584478573094,0.11432561527679808,0.30157500085304917
STRC,weekend,30,-0.20561218233181852,-0.1426080663873991,0.042276369523252984
SILVER,full,282,0.4529439142303331,0.7251515366913442,0.20515818943829534
SILVER,first,141,0.4235038591226109,0.7661892969770344,0.17935551869174426
SILVER,second,141,0.5685677124776534,0.6593787000778486,0.3232692436720715
SILVER,weekend,82,0.3578837061925292,0.3091235429189297,0.12808074715810056
MSTR,full,306,0.8565965117609232,1.672553985228406,0.7337575839609815
MSTR,first,153,0.8999740945048168,1.544710417775529,0.8099533707797649
MSTR,second,153,0.8233318815587469,1.8922040273158087,0.6778753871910664
MSTR,weekend,88,0.903453944016953,1.1703515274641778,0.8162290289597877
PALLADIUM,full,214,0.4464254120204989,0.4780854672139411,0.1992956484976722
PALLADIUM,first,107,0.4682191717748455,0.5110678482307709,0.2192291928175223
PALLADIUM,second,107,0.4190825869155086,0.44308013131295154,0.17563021465579481
PALLADIUM,weekend,62,0.3988412080583459,0.2762515380628838,0.15907430924544075
AMAT,full,97,0.19735955992205917,0.3644278835862942,0.03895079589262886
AMAT,first,48,0.22251467083524157,0.7317884372627628,0.049512778736915904
AMAT,second,49,0.22230671017400283,0.21782505076284173,0.04942027338838809
AMAT,weekend,28,0.3013724827887717,0.48822811684687806,0.0908253733822685
GOOGL,full,320,0.2759562958869618,0.19610515899088027,0.07615187723965242
GOOGL,first,160,0.35543351983511057,0.21999375449261274,0.12633298702237594
GOOGL,second,160,0.18337548443276303,0.15620531220925354,0.033626568290950516
GOOGL,weekend,92,0.438175447630358,0.1818634481546653,0.1919977229060646
