coin,n,start,end,median_daily_usd,p10_daily_usd,min_daily_usd,zero_volume,delisted
AAPL,320,2025-11-21 00:00:00+00:00,2026-10-06 00:00:00+00:00,3882030.76191,549368.7738840001,60827.889989999996,0,False
MRVL,156,2026-05-04 00:00:00+00:00,2026-10-06 00:00:00+00:00,10531617.269399999,931980.4876,49797.282600000006,0,False
TSLA,328,2025-11-13 00:00:00+00:00,2026-10-06 00:00:00+00:00,17236647.41652,2536564.990571,741562.52388,0,False
GBP,142,2026-05-18 00:00:00+00:00,2026-10-06 00:00:00+00:00,103793.28940000001,14154.975980000003,365.2144,0,False
BRENTOIL,217,2026-03-04 00:00:00+00:00,2026-10-06 00:00:00+00:00,146337522.61084002,34081944.21615,1360587.7447499998,0,False
EUR,288,2025-12-23 00:00:00+00:00,2026-10-06 00:00:00+00:00,2138844.3627000004,393873.47075400007,38481.1325,0,False
AMZN,323,2025-11-18 00:00:00+00:00,2026-10-06 00:00:00+00:00,4897533.6891,732587.6980999999,87542.61288,0,False
HIMS,196,2026-03-25 00:00:00+00:00,2026-10-06 00:00:00+00:00,1183523.19892,73148.496805,754.1015000000001,0,False
WDC,120,2026-06-09 00:00:00+00:00,2026-10-06 00:00:00+00:00,1507535.87794,120669.264979,30155.016059999998,0,False
SMSN,229,2026-02-20 00:00:00+00:00,2026-10-06 00:00:00+00:00,6789748.50816,379449.503456,30373.01068,0,False
PLTR,327,2025-11-14 00:00:00+00:00,2026-10-06 00:00:00+00:00,5224712.9244800005,633424.6144719999,50479.67976,0,False
BX,156,2026-05-04 00:00:00+00:00,2026-10-06 00:00:00+00:00,133457.09415,11291.939300000002,82.509,0,False
RIVN,266,2026-01-14 00:00:00+00:00,2026-10-06 00:00:00+00:00,453985.152,27070.65896,2163.564,0,False
KIOXIA,104,2026-06-25 00:00:00+00:00,2026-10-06 00:00:00+00:00,3975131.11472,383579.60756400006,171264.42256,0,False
XYZ100,359,2025-10-13 00:00:00+00:00,2026-10-06 00:00:00+00:00,198303333.0198,36075721.416839994,6244141.0705,0,False
PLATINUM,253,2026-01-27 00:00:00+00:00,2026-10-06 00:00:00+00:00,1755475.0807300003,285635.13821600005,54465.12752,0,False
XLE,156,2026-05-04 00:00:00+00:00,2026-10-06 00:00:00+00:00,326936.615325,46877.230874999994,8513.81156,0,False
COPPER,266,2026-01-14 00:00:00+00:00,2026-10-06 00:00:00+00:00,5462357.7360539995,1149652.459351,255992.90112,0,False
EWJ,219,2026-03-02 00:00:00+00:00,2026-10-06 00:00:00+00:00,597636.834421,106832.0786978,11676.368393,0,False
CRWV,253,2026-01-27 00:00:00+00:00,2026-10-06 00:00:00+00:00,2947820.3,271533.946118,1364.22252,0,False
PURRDAT,146,2026-05-14 00:00:00+00:00,2026-10-06 00:00:00+00:00,3589128.7868999997,486256.3641,38317.2332,0,False
MSFT,322,2025-11-19 00:00:00+00:00,2026-10-06 00:00:00+00:00,4221806.2522100005,561743.1872100001,32559.39216,0,False
NFLX,303,2025-12-08 00:00:00+00:00,2026-10-06 00:00:00+00:00,841522.209984,122069.64599920002,14116.03365,0,False
COST,196,2026-03-25 00:00:00+00:00,2026-10-06 00:00:00+00:00,102231.98923,5716.018201500001,215.57687199999998,0,False
NOW,125,2026-06-04 00:00:00+00:00,2026-10-06 00:00:00+00:00,433561.2833,46535.964570000004,5784.193,0,False
LITE,156,2026-05-04 00:00:00+00:00,2026-10-06 00:00:00+00:00,3678751.0499050003,402714.32281,75560.72088000001,0,False
EWT,139,2026-05-21 00:00:00+00:00,2026-10-06 00:00:00+00:00,150167.05255999998,31938.05544,594.3384000000001,0,False
NBIS,120,2026-06-09 00:00:00+00:00,2026-10-06 00:00:00+00:00,13387274.986949999,1409251.0847500002,386813.00899999996,0,False
HYUNDAI,229,2026-02-20 00:00:00+00:00,2026-10-06 00:00:00+00:00,604578.8801,50929.348988,3317.18868,0,False
SP500,203,2026-03-18 00:00:00+00:00,2026-10-06 00:00:00+00:00,215688449.70000002,40553433.488060005,15196908.8608,0,False
ZHIPU,107,2026-06-22 00:00:00+00:00,2026-10-06 00:00:00+00:00,4398452.34696,254204.851312,63008.336736,0,False
QNT,132,2026-05-28 00:00:00+00:00,2026-10-06 00:00:00+00:00,759824.84728,72786.206151,9676.13175,0,False
INTC,308,2025-12-03 00:00:00+00:00,2026-10-06 00:00:00+00:00,10887643.28883,933041.3239760004,34819.48416,0,False
ZM,155,2026-05-05 00:00:00+00:00,2026-10-06 00:00:00+00:00,145554.19412,18950.099484,1751.33406,0,False
RKLB,156,2026-05-04 00:00:00+00:00,2026-10-06 00:00:00+00:00,3410396.0706199994,350408.7289,11557.079550000002,0,False
SOFTBANK,103,2026-06-26 00:00:00+00:00,2026-10-06 00:00:00+00:00,309819.868862,25793.011486400002,3347.404655,0,False
ARM,139,2026-05-21 00:00:00+00:00,2026-10-06 00:00:00+00:00,2635386.5811,341456.79564,37741.9173,0,False
GOLD,289,2025-12-22 00:00:00+00:00,2026-10-06 00:00:00+00:00,42846209.03878,5973859.655282,969744.8899999999,0,False
CRCL,296,2025-12-15 00:00:00+00:00,2026-10-06 00:00:00+00:00,15960870.496974,959766.3962095,19646.047525,0,False
EWY,219,2026-03-02 00:00:00+00:00,2026-10-06 00:00:00+00:00,15164886.7264,2726678.0971680004,458379.78317999997,0,False
JP225,181,2026-04-09 00:00:00+00:00,2026-10-06 00:00:00+00:00,1001602.57707,121089.97194,22774.2972,0,False
ASML,131,2026-05-29 00:00:00+00:00,2026-10-06 00:00:00+00:00,557826.1528,125476.67880000001,23912.5999,0,False
CL,274,2026-01-06 00:00:00+00:00,2026-10-06 00:00:00+00:00,210707626.93189302,2253124.6283272,145992.27710399998,0,False
NOK,114,2026-06-15 00:00:00+00:00,2026-10-06 00:00:00+00:00,629878.1043125,47052.68051400001,8844.87615,0,False
MU,292,2025-12-19 00:00:00+00:00,2026-10-06 00:00:00+00:00,22797257.41376,860420.4299910002,4466.085,0,False
COIN,316,2025-11-25 00:00:00+00:00,2026-10-06 00:00:00+00:00,5886412.419950001,909414.549325,42084.82707,0,False
ORCL,306,2025-12-05 00:00:00+00:00,2026-10-06 00:00:00+00:00,3648171.414965,251373.79517,25853.603329999998,0,False
NVDA,329,2025-11-12 00:00:00+00:00,2026-10-06 00:00:00+00:00,22466852.97818,3302349.6265000007,345279.4992,0,False
MINIMAX,111,2026-06-18 00:00:00+00:00,2026-10-06 00:00:00+00:00,2209363.809,218347.57703999997,21261.424170000002,0,False
NATGAS,259,2026-01-21 00:00:00+00:00,2026-10-06 00:00:00+00:00,6394772.466000001,1141221.734768,323796.63936,0,False
SPCX,143,2026-05-17 00:00:00+00:00,2026-10-06 00:00:00+00:00,86576221.7131,8642782.9388,1768424.5683000002,0,False
HOOD,315,2025-11-26 00:00:00+00:00,2026-10-06 00:00:00+00:00,8028650.224854,837669.8682324,91617.1386,0,False
META,321,2025-11-20 00:00:00+00:00,2026-10-06 00:00:00+00:00,4252477.4749799995,628908.59144,62008.61060000001,0,False
SMH,114,2026-06-15 00:00:00+00:00,2026-10-06 00:00:00+00:00,651865.0765750001,88694.52705,13522.51155,0,False
CBRS,159,2026-05-01 00:00:00+00:00,2026-10-06 00:00:00+00:00,9554802.8928,774965.8426200001,187502.30099999998,0,False
TSM,246,2026-02-03 00:00:00+00:00,2026-10-06 00:00:00+00:00,1996826.3804249999,332636.84647,12702.835949999999,0,False
LLY,196,2026-03-25 00:00:00+00:00,2026-10-06 00:00:00+00:00,627717.8067399999,57567.1548705,94.135228,0,False
EWZ,156,2026-05-04 00:00:00+00:00,2026-10-06 00:00:00+00:00,103529.03932499999,15804.312804999998,944.3987000000001,0,False
BE,107,2026-06-22 00:00:00+00:00,2026-10-06 00:00:00+00:00,2909966.6079,269221.71072,27719.849499999997,0,False
AVGO,126,2026-06-03 00:00:00+00:00,2026-10-06 00:00:00+00:00,2066350.75305,371024.69895000005,187534.614,0,False
URNM,251,2026-01-29 00:00:00+00:00,2026-10-06 00:00:00+00:00,228040.59599999996,32344.110119999998,5529.0772799999995,0,False
BIRD,174,2026-04-16 00:00:00+00:00,2026-10-06 00:00:00+00:00,140192.73801,15217.944723000002,4329.51594,0,False
GME,156,2026-05-04 00:00:00+00:00,2026-10-06 00:00:00+00:00,485686.5303,81373.68038,7498.05762,0,False
EBAY,155,2026-05-05 00:00:00+00:00,2026-10-06 00:00:00+00:00,76580.5586,7165.587,1010.4065,0,False
JPY,288,2025-12-23 00:00:00+00:00,2026-10-06 00:00:00+00:00,3024438.7251500003,571190.3835,18224.156,0,False
DKNG,196,2026-03-25 00:00:00+00:00,2026-10-06 00:00:00+00:00,90481.38092,8048.670165,0.0,1,False
KR200,181,2026-04-09 00:00:00+00:00,2026-10-06 00:00:00+00:00,369702.18933,44838.638909999994,2232.506565,0,False
IBM,128,2026-06-01 00:00:00+00:00,2026-10-06 00:00:00+00:00,494380.21485,127796.12490000001,16240.0447,0,False
SKHX,230,2026-02-19 00:00:00+00:00,2026-10-06 00:00:00+00:00,35874002.04000001,1208481.239335,4084.8363999999997,0,False
BOT,103,2026-06-26 00:00:00+00:00,2026-10-06 00:00:00+00:00,631010.01501,80115.12795000001,16555.4314,0,False
QCOM,107,2026-06-22 00:00:00+00:00,2026-10-06 00:00:00+00:00,869038.6623000001,180622.06246,45872.08470000001,0,False
USAR,254,2026-01-26 00:00:00+00:00,2026-10-06 00:00:00+00:00,755300.8329700001,61654.098444,728.9105500000001,0,False
AMD,307,2025-12-04 00:00:00+00:00,2026-10-06 00:00:00+00:00,4249694.91947,467469.226206,23953.15692,0,False
DRAM,156,2026-05-04 00:00:00+00:00,2026-10-06 00:00:00+00:00,41182047.31805,8723119.062800001,505555.024,0,False
DELL,128,2026-06-01 00:00:00+00:00,2026-10-06 00:00:00+00:00,2009425.482,129948.95727999999,4848.216600000001,0,False
SNDK,268,2026-01-12 00:00:00+00:00,2026-10-06 00:00:00+00:00,26034225.68808,1572410.2003140002,81618.42528,0,False
BABA,265,2026-01-15 00:00:00+00:00,2026-10-06 00:00:00+00:00,1617612.46548,191646.44418400002,28645.89506,0,False
BB,134,2026-05-26 00:00:00+00:00,2026-10-06 00:00:00+00:00,3282811.8068399997,198965.14044000002,29877.920369999996,0,False
STRC,107,2026-06-22 00:00:00+00:00,2026-10-06 00:00:00+00:00,888150.722,103486.72522000001,6617.7369,0,False
SILVER,285,2025-12-26 00:00:00+00:00,2026-10-06 00:00:00+00:00,124610747.6396,11486900.487330003,3820375.10046,0,False
MSTR,309,2025-12-02 00:00:00+00:00,2026-10-06 00:00:00+00:00,8405129.831101,1809847.316416,46039.47776999999,0,False
PALLADIUM,217,2026-03-04 00:00:00+00:00,2026-10-06 00:00:00+00:00,349196.0364,45347.32069600001,6813.0625,0,False
AMAT,100,2026-06-29 00:00:00+00:00,2026-10-06 00:00:00+00:00,884134.4222200001,156252.40298199997,52974.21303,0,False
GOOGL,323,2025-11-18 00:00:00+00:00,2026-10-06 00:00:00+00:00,10028958.83093,1366166.8115200002,279407.12643999996,0,False
