candidate,part,days,events_per_path,sharpe_phase_mean,sharpe_phase_sd,sharpe_phase_min,sharpe_phase_max,sharpe_averaged_path,baseline_phase_sharpe_mean,blend_delta_sharpe_mean,blend_delta_sharpe_min,corr_baseline,net_ann,gross_ann,funding_ann,turn_ann,cost_ann,net_ann_slip10,net_ann_slip20,net_ann_current_fee,maker_fee_only_lower_bound_ann,capacity_min,capacity_p10,p_fwer_net_7,p_fwer_blend_7,p_fwer_net_14,p_fwer_blend_14
all16_daily_XYZ100_lb1_h1,full,324,323.0,-2.5925977282831236,0.0,-2.5925977282831236,-2.5925977282831236,-2.5925977282831236,2.2971839795129703,-0.15169677871573853,-0.15227801834826327,-0.022065361154319073,-0.3696907732201038,0.17261891846573438,0.003768307336441779,728.1039986963731,0.5460779990222799,-0.8793635723075649,-1.6074675710039383,-0.13886669295710766,-0.1512595736111918,2305.37646924,11551.172111472,1.0,1.0,1.0,1.0
all16_daily_XYZ100_lb1_h1,first,162,,-3.6510940620238825,0.0,-3.6510940620238825,-3.6510940620238825,-3.6510940620238825,3.0453829605252465,-0.23574281970294594,-0.24395021170044418,0.051196002396598383,-0.49642433749537207,0.0374261360716739,0.01041306396174413,725.6847167050535,0.5442635375287901,-1.0044036391889093,-1.7300883558939628,-0.26549131887868677,-0.27871892248385605,2305.37646924,11551.172111472,1.0,1.0,1.0,1.0
all16_daily_XYZ100_lb1_h1,second,162,,-1.6299788248436444,0.0,-1.6299788248436444,-1.6299788248436444,-1.6299788248436444,1.6816399924697383,-0.08615604000316175,-0.09125519887443112,-0.07606281230621036,-0.2429572089448356,0.3078117008597949,-0.002876449288860574,730.523280687693,0.5478924605157699,-0.7543235054262207,-1.4848467861139139,-0.012242067035528596,-0.02380022473852763,2305.37646924,11551.172111472,1.0,1.0,1.0,1.0
all16_daily_XYZ100_lb1_h3,full,324,107.0,-0.07968944796948874,0.7138236949400462,-0.9207771880964379,0.824326201252704,-0.1684661214946196,2.2971839795129703,-0.004728166819035688,-0.05786482369366275,-0.07463512417640823,-0.014273155519660605,0.16319848545194027,0.003608148937781762,241.4397198791768,0.1810797899093826,-0.18328095943508427,-0.4247206793142611,0.062293957404267374,0.05815876044409246,2305.37646924,11432.765393099999,1.0,1.0,1.0,1.0
all16_daily_XYZ100_lb1_h3,first,162,,-0.45612504139884097,0.714300407668034,-1.4648803485133577,0.09459003082089835,-0.6400390671127613,3.0453829605252465,-0.024675487831156608,-0.08251308196819584,-0.0606514021263721,-0.05791220759490502,0.11604280863042107,0.006430212688143677,240.513638551293,0.1803852289134698,-0.22627175458081009,-0.46678539313210315,0.018653702343005184,0.01424188397048289,2305.37646924,11432.765393099999,1.0,1.0,1.0,1.0
all16_daily_XYZ100_lb1_h3,second,162,,0.18905558801847264,0.9193664710609197,-0.531177731919541,1.4866155987051712,0.3728445933579901,1.6816399924697383,0.011811993231822335,-0.037059672793293696,-0.08853571004876366,0.029365896555583804,0.21035416227345938,0.0007860851874198452,242.36580120706054,0.1817743509052954,-0.14029016428935853,-0.38265596549641906,0.10593421246552953,0.102075636917702,2305.37646924,11432.765393099999,1.0,1.0,1.0,1.0
all16_daily_XYZ100_lb3_h1,full,322,321.0,-3.8580706101900346,0.0,-3.8580706101900346,-3.8580706101900346,-3.8580706101900346,2.14126830898124,-0.2387429066617608,-0.24907621651025558,0.03534175571886825,-0.5644023323312568,-0.025423094115211063,0.007072116135729121,728.0684724690333,0.5460513543517749,-1.07405026305958,-1.8021187355286132,-0.33485876834736794,-0.3459817905905469,2264.4377280000003,10465.114175200006,1.0,1.0,1.0,1.0
all16_daily_XYZ100_lb3_h1,first,161,,-4.699483460452624,0.0,-4.699483460452624,-4.699483460452624,-4.699483460452624,2.743923196693135,-0.2815565805813363,-0.2986592080827881,-0.026363268206600666,-0.6198699753434783,-0.09025998538947169,0.014569308562399462,725.5723980218748,0.5441792985164061,-1.1277706539587906,-1.8533430519806657,-0.3908456569611411,-0.40219825593691577,2264.4377280000003,10465.114175200006,1.0,1.0,1.0,1.0
all16_daily_XYZ100_lb3_h1,second,161,,-3.185758473210086,0.0,-3.185758473210086,-3.185758473210086,-3.185758473210086,1.6534120896532214,-0.20222140507697203,-0.22231341094359758,0.07816968373560994,-0.5089346893190354,0.03941379715904956,-0.0004250762909412188,730.5645469161915,0.5479234101871436,-1.0203298721603693,-1.750894419076561,-0.2788718797335948,-0.28976532524417786,2264.4377280000003,10465.114175200006,1.0,1.0,1.0,1.0
all16_daily_XYZ100_lb3_h3,full,322,106.33333333333333,-0.9956249940564122,0.6264713373333488,-1.8464980902100903,-0.3563877550739025,-1.2964660248756563,2.14126830898124,-0.06536458765080894,-0.12135223630022773,-0.016980827798824333,-0.15167973027655252,0.02372202545469124,0.0056623580196010406,241.41881833445973,0.18106411375084475,-0.3206729031106743,-0.5620917214451341,-0.07554273522565956,-0.07925408477621461,2264.4377280000003,10435.481539072005,1.0,1.0,1.0,1.0
all16_daily_XYZ100_lb3_h3,first,161,,-0.37374073353588927,0.8779299547528421,-1.4779984822448162,0.6699190416688772,-0.41961716377062425,2.743923196693135,-0.011979996361441734,-0.08811937613878085,-0.09908715052877115,-0.04355269144994478,0.12685829328638282,0.009960584807803334,240.4954260588413,0.180371569544131,-0.2118994896911337,-0.4523949157499751,0.03238191209599474,0.028595936367707592,2264.4377280000003,10435.481539072005,1.0,1.0,1.0,1.0
all16_daily_XYZ100_lb3_h3,second,161,,-1.5568826222160237,0.8222535991458723,-2.152644497808544,-0.39415932152617095,-2.015037966185685,1.6534120896532214,-0.10572293062091496,-0.15772160673395552,0.036011427369705695,-0.25980676910316014,-0.07941424237700036,0.0013641312313987478,242.34221061007813,0.18175665795755858,-0.4294463165302147,-0.671788527140293,-0.18346738254731382,-0.1871041059201368,2264.4377280000003,10435.481539072005,1.0,1.0,1.0,1.0
all16_daily_XYZ100_lb5_h1,full,320,319.0,-2.7859549852783903,0.0,-2.7859549852783903,-2.7859549852783903,-2.7859549852783903,2.166738423652615,-0.1611633014944102,-0.1703395389493314,-0.05621575219917679,-0.39934542414252044,0.14329433932464125,0.0034452008562714,728.1132857645774,0.5460849643234331,-0.9090247241777246,-1.6371380099423019,-0.16958710746205707,-0.18091143841314725,2264.4377280000003,11632.4035071,1.0,1.0,1.0,1.0
all16_daily_XYZ100_lb5_h1,first,160,,-2.717202961861554,0.0,-2.717202961861554,-2.717202961861554,-2.717202961861554,2.8057142928227705,-0.15830812261328395,-0.17486417646781338,-0.11151931719582933,-0.37155379447815573,0.16413071993129677,0.008594913238031028,725.7059035299781,0.5442794276474835,-0.8795479269491403,-1.6052538304791182,-0.14210198681122727,-0.15384202341916234,2264.4377280000003,11632.4035071,1.0,1.0,1.0,1.0
all16_daily_XYZ100_lb5_h1,second,160,,-2.8462607018802535,0.0,-2.8462607018802535,-2.8462607018802535,-2.8462607018802535,1.6584646847246052,-0.16204634119296688,-0.169501893563333,-0.015679013251281418,-0.42713705380688516,0.12245795871798572,-0.001704511525488228,730.520667999177,0.5478905009993827,-0.9385015214063089,-1.669022189405486,-0.19707222811288685,-0.2079808534071321,2264.4377280000003,11632.4035071,1.0,1.0,1.0,1.0
all16_daily_XYZ100_lb5_h3,full,320,105.66666666666667,-1.197363890573222,0.7313571390327022,-1.874455618672629,-0.18170282877230287,-1.485051815607003,2.166738423652615,-0.08289894720674959,-0.13974293012611572,-0.019074211482347007,-0.1950322177429506,-0.016030755022273094,0.00208358371681255,241.44672858332012,0.1810850464374901,-0.36404492775127467,-0.6054916563345947,-0.11883002102284747,-0.12259819916795456,2264.4377280000003,11582.4939786,1.0,1.0,1.0,1.0
all16_daily_XYZ100_lb5_h3,first,160,,-1.4847372670811394,1.3731854882277645,-3.3838119348251143,-0.18364036163013717,-1.8381374110550237,2.8057142928227705,-0.08588862534901863,-0.2327401235415818,-0.11046829836107057,-0.2070977870764268,-0.03244225515317409,0.005772991971458011,240.57136519294767,0.18042852389471076,-0.37549774271149017,-0.6160691079044378,-0.1309812811645144,-0.13492637751854247,2264.4377280000003,11582.4939786,1.0,1.0,1.0,1.0
all16_daily_XYZ100_lb5_h3,second,160,,-1.1098080369955603,1.3183068254305883,-2.8625752286102246,0.31680706278509524,-1.236118872607769,1.6584646847246052,-0.07681234964456014,-0.18933906647865495,0.037774545402771274,-0.18296664840947435,0.0003807451086279044,-0.0016058245378329104,242.32209197369255,0.1817415689802694,-0.3525921127910591,-0.5949142047647517,-0.10667876088118051,-0.11027002081736664,2264.4377280000003,11582.4939786,1.0,1.0,1.0,1.0
all16_daily_SP500_lb1_h1,full,198,198.0,-1.36640420596265,0.0,-1.36640420596265,-1.36640420596265,-1.36640420596265,1.64730679546028,-0.08167887095664102,-0.08669762153861926,-0.06587054023518052,-0.21669964024434699,0.33121077665945386,7.354402836956458e-05,730.6452812428938,0.5479839609321704,-0.7281513371143725,-1.4587966183572665,0.01592264159793698,0.002493944128521187,8124.486337680001,18860.010733674,1.0,1.0,1.0,1.0
all16_daily_SP500_lb1_h1,first,99,,-3.2385812006557844,0.0,-3.2385812006557844,-3.2385812006557844,-3.2385812006557844,2.835066470388455,-0.23176859096290028,-0.26899111718357815,-0.1478898543327515,-0.518835016587288,0.026634708105649437,0.0025227138668415267,730.6565847463721,0.547992438559779,-1.0302946259097485,-1.7609512106561203,-0.2856926295006069,-0.29963804116337645,8124.486337680001,18860.010733674,1.0,1.0,1.0,1.0
all16_daily_SP500_lb1_h1,second,99,,0.547078482659487,0.0,0.547078482659487,0.547078482659487,0.547078482659487,0.847047877635443,0.031492137467471405,0.029953857539218864,0.0008646054969549229,0.08543573609859412,0.6357868452132582,-0.0023756258101023963,730.6339777394157,0.5479754833045617,-0.42600804831899675,-1.1566420260584123,0.3175379126964809,0.30462592942041883,8124.486337680001,18860.010733674,1.0,1.0,1.0,1.0
all16_daily_SP500_lb1_h3,full,198,65.33333333333333,0.21556927959147262,0.5103891797927449,-0.3604712097481626,0.8802573995244742,0.42533642177616804,1.64730679546028,0.01837886174815674,-0.02618310825894432,-0.13859584047617768,0.037050817422578056,0.21677670520645936,0.0014412091808581379,241.55612928631928,0.18116709696473948,-0.13203847307784541,-0.37359460236416475,0.1139626799014525,0.10951765620847388,8124.486337680001,18825.31453671,1.0,0.997,1.0,0.998
all16_daily_SP500_lb1_h3,first,99,,-1.1707884432109221,1.2592255103352488,-2.4589476083337964,0.5381656872673372,-2.41851901771444,2.835066470388455,-0.07639136749522507,-0.2072859949380037,-0.23381213229031847,-0.18778633584187734,-0.009145605363637883,0.002597385243589058,241.6508209624381,0.18123811572182855,-0.356941910515584,-0.5985927314780219,-0.1106530304092572,-0.11529108955314595,8124.486337680001,18825.31453671,1.0,0.997,1.0,0.998
all16_daily_SP500_lb1_h3,second,99,,1.5219719818921515,0.3363078267923572,1.1826026860723635,1.9802320832518898,2.7690243668101173,0.847047877635443,0.09228113887371373,0.06722389041637422,-0.07464163588754649,0.2618879706870335,0.44269901577655657,0.0002850331181272177,241.46143761020053,0.18109607820765045,0.09286496435989312,-0.14859647325030748,0.338578390212162,0.33432640197009367,8124.486337680001,18825.31453671,1.0,0.997,1.0,0.998
all16_daily_SP500_lb3_h1,full,196,196.0,-2.933428896683681,0.0,-2.933428896683681,-2.933428896683681,-2.933428896683681,1.6971922681607292,-0.18834374235535725,-0.20406441377103723,0.04383701448261013,-0.45847436253249285,0.08721679522784882,0.002339650973892038,730.7077449789783,0.5480308087342336,-0.9699697840177776,-1.7006775289967557,-0.226706774639887,-0.2392620390387993,5416.324225120001,17436.056222339997,1.0,1.0,1.0,1.0
all16_daily_SP500_lb3_h1,first,98,,-4.982865815813233,0.0,-4.982865815813233,-4.982865815813233,-4.982865815813233,3.0020715393625026,-0.3363948393392597,-0.3442767462217029,-0.03514097320676281,-0.7288998694360691,-0.18645420099595877,0.00564421628294874,730.7865129640786,0.5480898847230591,-1.2404504285109244,-1.9712369414750026,-0.4972352165108419,-0.5096639155468454,5416.324225120001,17436.056222339997,1.0,1.0,1.0,1.0
all16_daily_SP500_lb3_h1,second,98,,-1.1380447457368605,0.0,-1.1380447457368605,-1.1380447457368605,-1.1380447457368605,0.8129162649266547,-0.07595381168540342,-0.09367425055400225,0.1023247268665961,-0.18804885562891657,0.3608877914516565,-0.0009649143351646622,730.6289769938778,0.5479717327454083,-0.699489139524631,-1.4301181165185088,0.04382166723106797,0.0311398374692468,5416.324225120001,17436.056222339997,1.0,1.0,1.0,1.0
all16_daily_SP500_lb3_h3,full,196,64.66666666666667,-1.2179390690700995,0.1695544394664201,-1.3915442093547512,-0.987891941040859,-1.572478030749857,1.6971922681607292,-0.08319025609596456,-0.11099434637844574,0.01528298492062554,-0.1960214479348262,-0.014479546976475346,-0.00034859611951479623,241.59107311844812,0.18119330483883606,-0.36513519911773984,-0.6067262722361879,-0.11940478554295272,-0.1235441259992917,5416.324225120001,17304.130521803996,1.0,1.0,1.0,1.0
all16_daily_SP500_lb3_h3,first,98,,-2.3635739259811532,0.13245376193946037,-2.544034479943517,-2.2298523863651556,-3.048470195165418,3.0020715393625026,-0.1848403739185436,-0.22424360174324542,0.005824641031595104,-0.3888331370789295,-0.2077128796108343,0.00015624357958764752,241.70200139691067,0.181276501047683,-0.558024538056767,-0.7997265394536778,-0.3121899665605286,-0.31632253665985627,5416.324225120001,17304.130521803996,1.0,1.0,1.0,1.0
all16_daily_SP500_lb3_h3,second,98,,-0.05969722359688793,0.3682263370153166,-0.39237571225649354,0.4535998283910605,-0.02641584566165852,0.8129162649266547,-0.007982317818758862,-0.05232088685665959,0.030321103160213164,-0.0032097587907228913,0.17875378565788366,-0.0008534358186172395,241.48014483998546,0.18111010862998908,-0.1722458601787126,-0.41372600501869833,0.07338039547462315,0.06923428466127288,5416.324225120001,17304.130521803996,1.0,1.0,1.0,1.0
all16_daily_SP500_lb5_h1,full,194,194.0,-3.334444827094823,0.0,-3.334444827094823,-3.334444827094823,-3.334444827094823,1.6213695284369418,-0.18825853883280963,-0.19792913765817843,-0.07204607695403648,-0.4848093822824476,0.06535470031945995,-0.002157726893686816,730.6751409442943,0.5480063557082206,-0.9962819809434535,-1.726957121887748,-0.253467246239217,-0.26560683999915924,5416.324225120001,17017.408876244,1.0,1.0,1.0,1.0
all16_daily_SP500_lb5_h1,first,97,,-5.313207606482872,0.0,-5.313207606482872,-5.313207606482872,-5.313207606482872,2.9024095886516665,-0.38406249747759796,-0.3955475955956729,0.0006666086972776865,-0.8217319873694147,-0.27614175477523567,0.0024782445230869,730.7579694896879,0.5480684771172659,-1.3332625660121962,-2.0640205355018844,-0.5903643674679661,-0.6025045965225084,5416.324225120001,17017.408876244,1.0,1.0,1.0,1.0
all16_daily_SP500_lb5_h1,second,97,,-1.103770089196769,0.0,-1.103770089196769,-1.103770089196769,-1.103770089196769,0.7548445357621896,-0.051110823655530324,-0.05393750004879849,-0.12567279152802607,-0.14788677719548046,0.4068511554141556,-0.006793698310460534,730.5923123989006,0.5479442342991755,-0.6593013958747107,-1.3898937082736116,0.0834298749895321,0.07129091652418981,5416.324225120001,17017.408876244,1.0,1.0,1.0,1.0
all16_daily_SP500_lb5_h3,full,194,64.0,-1.2019278330168124,0.5043241685205352,-1.8277122113662794,-0.59270857067592,-1.4642900986220577,1.6213695284369418,-0.08454588040483728,-0.13144066466085969,-0.006956513137222379,-0.2043134020830108,-0.020134632680857748,-0.0030486585729174362,241.5068144389809,0.1811301108292357,-0.37336817219029744,-0.6148749866292782,-0.12784545441604295,-0.13186135775131655,5416.324225120001,16992.027992028,1.0,1.0,1.0,1.0
all16_daily_SP500_lb5_h3,first,97,,-3.235663893490275,0.8511781273758271,-4.326666411676928,-2.2496612884656146,-3.8420746172626004,2.9024095886516665,-0.28762003188677504,-0.40563134975926607,0.11108151438777741,-0.5750907636560261,-0.39532471384309614,0.00144105162924178,241.60946858956234,0.18120710144217175,-0.7442173916687197,-0.9858268602582818,-0.49854905082086814,-0.5026079230791572,5416.324225120001,16992.027992028,1.0,1.0,1.0,1.0
all16_daily_SP500_lb5_h3,second,97,,0.9719728574262319,1.6286995429358813,-1.3304948492299826,2.177751615129326,1.317063955777924,0.7548445357621896,0.05664223071701772,-0.07509345011764967,-0.09438449218764144,0.16646395949000442,0.3550554484813806,-0.0075383687750766514,241.40416028839942,0.18105312021629952,-0.0025189527118751184,-0.24392311300027453,0.24285814198878225,0.2388852075765242,5416.324225120001,16992.027992028,1.0,1.0,1.0,1.0
all16_overnight_none_1h,full,100,55.0,-5.029424712163935,1.1068507153418456,-6.293814019252623,-3.598063293063756,-6.375883453136452,1.0625527626211315,-0.12761488168119037,-0.19114347603056947,-0.08095884380960086,-0.36178884715689147,-0.06084095183775409,0.00018599438249720268,401.51185293551265,0.3011338897016345,-0.6428471442117503,-1.0443589971472629,-0.2379425769148674,-0.24133529127623748,311.41123312,4737.73478432,1.0,1.0,1.0,1.0
all16_overnight_none_1h,first,50,,-4.297926328693779,1.4947322002033614,-5.996521525920962,-2.3589419436801995,-5.508466999031894,0.35269501031968287,-0.11945051902551203,-0.19583120620432104,-0.24912625489238796,-0.3399470976114297,-0.033510494110640686,0.00011109599647266131,408.730265996349,0.3065476994972618,-0.626058283808874,-1.034788549805223,-0.21367616803853048,-0.217328017812525,311.41123312,4737.73478432,1.0,1.0,1.0,1.0
all16_overnight_none_1h,second,50,,-5.840587674091151,0.7333673042695573,-6.593990026153065,-4.846610160924161,-7.391067451251769,1.7989173590141518,-0.1399792180066503,-0.18620805163239362,0.1270797399954125,-0.383630596702353,-0.0881714095648675,0.00026089276852174416,394.2934398746763,0.2957200799060073,-0.6596360046146263,-1.0539294444893028,-0.2622089857912043,-0.26534256473995016,311.41123312,4737.73478432,1.0,1.0,1.0,1.0
all16_overnight_none_3h,full,100,55.0,-2.881910565220872,0.32627663634286025,-3.2198646310551933,-2.440858262985908,-3.1482025843447055,1.0625527626211315,-0.09136425290608338,-0.1325844707740429,-0.06624792768380353,-0.2577557350944173,0.043189879033762445,0.00035037258539104103,401.727982284761,0.30129598671357083,-0.5389653226937499,-0.9406933049785107,-0.13384835728279912,-0.1372373404089889,311.41123312,4737.73478432,1.0,1.0,1.0,1.0
all16_overnight_none_3h,first,50,,-1.6880299029644235,0.5668690919779554,-2.1539264605174053,-0.8900894566271083,-1.8111204008090676,0.35269501031968287,-0.05797117915981947,-0.08247315707976499,-0.2015161985520003,-0.16204834174429666,0.14475899471981327,0.00013088679021715075,409.25096433910284,0.30693822325432707,-0.4485240167816686,-0.8577749811207712,-0.03561650305161953,-0.03927305244256581,311.41123312,4737.73478432,1.0,1.0,1.0,1.0
all16_overnight_none_3h,second,50,,-4.337310281758677,0.174700207653734,-4.522113650798368,-4.102901449795221,-4.771887264445939,1.7989173590141518,-0.13047472967502538,-0.19070907152709893,0.10796591148836412,-0.35346312844453787,-0.05837923665228835,0.0005698583805649315,394.2050002304193,0.2956537501728144,-0.6294066286058312,-1.0236116288362505,-0.23208021151397876,-0.2352016283754121,311.41123312,4737.73478432,1.0,1.0,1.0,1.0
all16_overnight_none_close,full,100,55.0,-3.9980079357355707,0.2815100056793597,-4.203888566063392,-3.5999715353921813,-4.289164687988838,1.0625527626211315,-0.13633349581567225,-0.181355394270045,-0.09878722085761607,-0.3913823440804653,-0.09088708480403779,0.0005719547004888684,401.4229519692218,0.3010672139769163,-0.6723784104589204,-1.0738013624281424,-0.26755255097776925,-0.2709554584896987,311.41123312,4737.73478432,1.0,1.0,1.0,1.0
all16_overnight_none_close,first,50,,-3.2232304222060137,0.36106241011606377,-3.6886103478661627,-2.8085645280205904,-3.524333715281866,0.35269501031968287,-0.1109802900011603,-0.15851218565815284,-0.2242219493811346,-0.31709079484431385,-0.01085468997190895,0.00033426025498402073,408.76048683651857,0.3065703651273889,-0.6032231356298768,-1.0119836224663954,-0.19078899130022786,-0.19446264879335826,311.41123312,4737.73478432,1.0,1.0,1.0,1.0
all16_overnight_none_close,second,50,,-4.733678738107682,0.34452436500160066,-5.18424075898742,-4.3478020984458166,-4.993430769133663,1.7989173590141518,-0.1669118116900291,-0.20841213039923856,0.029627433131340197,-0.46567389331661674,-0.17091947963616658,0.0008096491459937163,394.0854171019251,0.29556406282644376,-0.7415336852879642,-1.1356191023898892,-0.3443161106553106,-0.3474482681860392,311.41123312,4737.73478432,1.0,1.0,1.0,1.0
all16_overnight_XYZ100_1h,full,100,55.0,-7.303346506704699,0.472635950764341,-7.864995894423894,-6.708691306220333,-8.697917439496168,1.0625527626211315,-0.11803668125772965,-0.1626572319798849,-0.14266059407581838,-0.33807366959046387,-0.03694933065256426,-1.0321591222743773e-05,401.4853564622358,0.30111401734667687,-0.6191134191140288,-1.0205987755762649,-0.2104064341944467,-0.21762806265179313,506.04325382,5856.8975065600025,1.0,1.0,1.0,1.0
all16_overnight_XYZ100_1h,first,50,,-7.244354774547461,0.5983197643117604,-8.075096097863625,-6.689766833608741,-8.560838223426424,0.35269501031968287,-0.1324852002894171,-0.19170012995963637,-0.2930857424905892,-0.3802232660156634,-0.07353948377846098,-0.0001473914073704104,408.7151877731094,0.30653639082983203,-0.6663238974568401,-1.0750390852299494,-0.25025919576921735,-0.2576087096837306,506.04325382,5856.8975065600025,1.0,1.0,1.0,1.0
all16_overnight_XYZ100_1h,second,50,,-7.63984057331277,1.00615961609581,-8.837714060572111,-6.375802265270595,-9.047640686269238,1.7989173590141518,-0.10629695773335021,-0.13366512550263776,0.0582766371887854,-0.29592407316526426,-0.00035917752666754505,0.00012674822492492283,394.2555251513622,0.29569164386352165,-0.5719029407712177,-0.96615846592258,-0.1705536726196762,-0.17764741561985561,506.04325382,5856.8975065600025,1.0,1.0,1.0,1.0
all16_overnight_XYZ100_3h,full,100,55.0,-4.6372449477930004,0.4685083794170045,-5.106582771313214,-3.9975554712020402,-4.9766520805564936,1.0625527626211315,-0.09849919730379278,-0.13391213166281846,-0.1330747410789494,-0.2816705929507256,0.01967912172425531,-9.408169041948707e-05,401.6741773127486,0.3012556329845615,-0.5628425170696496,-0.9645166943823982,-0.1539475653538773,-0.16116833975690104,506.04325382,5856.8975065600025,1.0,1.0,1.0,1.0
all16_overnight_XYZ100_3h,first,50,,-4.056741361420731,0.7402940383213928,-4.7785437019566945,-3.039102853506338,-4.372293627931359,0.35269501031968287,-0.10199709387459016,-0.14582787653090112,-0.25227430510574717,-0.28888312762494783,0.018474568113689097,-0.000472870577492717,409.17976688152567,0.30688482516114424,-0.5753089644420158,-0.9844887313235414,-0.15877192102995077,-0.16612919756049013,506.04325382,5856.8975065600025,1.0,1.0,1.0,1.0
all16_overnight_XYZ100_3h,second,50,,-5.812771535462563,0.8045121130183087,-6.8044635115696,-4.833945342448773,-5.980021427845203,1.7989173590141518,-0.09888982487459377,-0.12766324341715363,0.03882266830352582,-0.2744580582765034,0.020883675334821526,0.0002847071966537429,394.16858774397144,0.2956264408079786,-0.5503760696972833,-0.9445446574412547,-0.14912320967780388,-0.1562074819533119,506.04325382,5856.8975065600025,1.0,1.0,1.0,1.0
all16_overnight_XYZ100_close,full,100,55.0,-5.321618357465003,0.2281940778441936,-5.640358591234463,-5.118518350605732,-5.544211766423476,1.0625527626211315,-0.12618800067028052,-0.16115509572584896,-0.14574110288962822,-0.3634063492371766,-0.06220102972076573,-0.00015103775528640302,401.40570901483255,0.3010542817611244,-0.6443903455475594,-1.0457960545623917,-0.2357546417967873,-0.24298463653272676,506.04325382,5856.8975065600025,1.0,1.0,1.0,1.0
all16_overnight_XYZ100_close,first,50,,-4.714302879219594,0.39573127772477185,-5.230133069477439,-4.268387046410105,-4.979104899221382,0.35269501031968287,-0.1318202916930716,-0.18374771090848774,-0.25114844101789024,-0.37755870676460895,-0.07027441788477906,-0.000739495537325512,408.72639112333917,0.30654479334250445,-0.6636671805509462,-1.0723935716742856,-0.24757394362485355,-0.2549407894276072,506.04325382,5856.8975065600025,1.0,1.0,1.0,1.0
all16_overnight_XYZ100_close,second,50,,-6.398348263270485,0.8949154859761106,-7.368457737301074,-5.209392754230569,-6.452863175848454,1.7989173590141518,-0.12463418202718841,-0.14374700606115542,0.0012721099074500173,-0.3492539917097442,-0.0541276415567524,0.0004374200267527061,394.08502690632594,0.2955637701797445,-0.6251135105441723,-1.0191985374504984,-0.22393533996872103,-0.23102848363784628,506.04325382,5856.8975065600025,1.0,1.0,1.0,1.0
all16_overnight_SP500_1h,full,100,55.0,-7.1895308535253895,0.4494250200496121,-7.8014776018200465,-6.7348458258044825,-8.844956634683674,1.0625527626211315,-0.11785755767431781,-0.16365196675051408,-0.13350561313543313,-0.33783456274554385,-0.03678616356420688,7.93947912211572e-05,401.5037252967442,0.3011277939725582,-0.6188871704532647,-1.0203908957500087,-0.20935464500027326,-0.21738344515652064,467.11684968000003,6178.66235216,1.0,1.0,1.0,1.0
all16_overnight_SP500_1h,first,50,,-6.9919346476578,0.7466155721379,-8.045443858331186,-6.404016522900133,-8.614833838129574,0.35269501031968287,-0.13249642279519047,-0.1934032829417387,-0.2810887032802188,-0.38066755188938567,-0.07406687878051635,-4.7745331146077394e-05,408.7372370369644,0.3065529277777233,-0.666783617815261,-1.0755208548522253,-0.25036757303149004,-0.2580463807782964,467.11684968000003,6178.66235216,1.0,1.0,1.0,1.0
all16_overnight_SP500_1h,second,50,,-7.7647679076190625,0.6841008487654696,-8.675831247265904,-7.027343261142956,-9.400844697852634,1.7989173590141518,-0.10593467599470668,-0.13425034676065017,0.07005010255265863,-0.295001573601702,0.0004945516521026054,0.0002065349135883918,394.27021355652397,0.295702660167393,-0.5709907230912687,-0.9652609366477929,-0.16834171696905656,-0.17672050953474477,467.11684968000003,6178.66235216,1.0,1.0,1.0,1.0
all16_overnight_SP500_3h,full,100,55.0,-4.613780175946787,0.5021355689468263,-5.135758394200785,-3.935820745149749,-5.006134341805137,1.0625527626211315,-0.0959864238897579,-0.12877982078946992,-0.1251975717593401,-0.2746720231751687,0.02643096968727579,0.00015969654071624928,401.68358587088096,0.30126268940316075,-0.5558505332847852,-0.9575341191556662,-0.14614046087727814,-0.15416694741390438,467.11684968000003,6178.66235216,1.0,1.0,1.0,1.0
all16_overnight_SP500_3h,first,50,,-3.851717052150336,0.8991645679411259,-4.776537157415752,-2.6334788378077216,-4.202765550459671,0.35269501031968287,-0.09624873960845748,-0.14185014556424358,-0.24411699226310407,-0.27314649759668974,0.033864581626351656,-0.00013183620731887694,409.17232402096334,0.30687924301572256,-0.559567124411364,-0.9687394484323277,-0.14271033478852008,-0.15039480039040076,467.11684968000003,6178.66235216,1.0,1.0,1.0,1.0
all16_overnight_SP500_3h,second,50,,-6.287937774701078,1.1444646929999969,-7.5175698919502105,-4.761692732305737,-6.407196255352778,1.7989173590141518,-0.09974414670422761,-0.12289861399649116,0.054519383222920506,-0.2761975487536476,0.018997357748199946,0.00045122928875137555,394.1948477207986,0.29564613579059895,-0.5521339421582065,-0.9463287898790051,-0.14957058696603615,-0.157939094437408,467.11684968000003,6178.66235216,1.0,1.0,1.0,1.0
all16_overnight_SP500_close,full,100,55.0,-5.324409376912356,0.09731824341414143,-5.422923874271225,-5.191920937508421,-5.638330833728072,1.0625527626211315,-0.12482925272920935,-0.16014605526178816,-0.13293341296321295,-0.35967090900791465,-0.058812436982382504,0.00020530700263809474,401.41837203756023,0.3010637790281702,-0.6406637694342067,-1.0420821414717671,-0.23120735746638865,-0.23924539739664658,467.11684968000003,6178.66235216,1.0,1.0,1.0,1.0
all16_overnight_SP500_close,first,50,,-4.331290031814288,0.5893352712077575,-5.147366593317983,-3.776662606998116,-4.642347108097405,0.35269501031968287,-0.11840939294614684,-0.17200220365429741,-0.22798054353802333,-0.3404109359471106,-0.033641813459341786,-0.00020756484552893298,408.74874352298644,0.3065615576422399,-0.6265350564132011,-1.0352837999361877,-0.21008770467799498,-0.21778631289021463,467.11684968000003,6178.66235216,1.0,1.0,1.0,1.0
all16_overnight_SP500_close,second,50,,-6.926654823526213,0.9202337241958917,-7.627843083139888,-5.6265890358189825,-7.107406202582615,1.7989173590141518,-0.13520425040265147,-0.15757580962129492,0.0003681375040776121,-0.3789308820687188,-0.08398306050542319,0.0006181788508051225,394.0880005521341,0.2955660004141005,-0.6547924824552125,-1.0488804830073464,-0.2523270102547822,-0.26070448190307843,467.11684968000003,6178.66235216,1.0,1.0,1.0,1.0
all16_weekend_none_1h,full,100,12.0,-2.9232068828992905,1.876731810159201,-4.486702949574745,-0.2840968848349961,-3.9367649517368912,1.0625527626211315,-0.02314150344287358,-0.044062563402676336,0.052241269431891196,-0.06460300329320787,0.0010676838607491638,9.03406251498331e-05,87.68137037214248,0.06576102777910686,-0.1259799625537076,-0.2136613329258501,-0.03752751795471966,-0.03829859218156512,5746.89691488,7624.468724639999,1.0,1.0,1.0,1.0
all16_weekend_none_1h,first,50,,-2.678850305094168,4.294792956228691,-6.260448047418345,3.360123234609827,-3.460066722097613,0.35269501031968287,-0.01794774140118031,-0.07341242249369695,0.1507339604091851,-0.05033901326377683,0.015248353736076126,0.00016930425841726868,87.67556167769362,0.06575667125827021,-0.11171190643816237,-0.199387468115856,-0.02325728369574302,-0.024036344760468745,5746.89691488,7624.468724639999,1.0,1.0,1.0,1.0
all16_weekend_none_1h,second,50,,-3.5470313779617353,0.8128647867432477,-4.628125955972342,-2.66803227948015,-4.333056386721186,1.7989173590141518,-0.027657004416070958,-0.052499794612618,-0.024394115421628892,-0.0788669933226389,-0.01311298601457779,1.1376991882397503e-05,87.68717906659134,0.0657653842999435,-0.14024801866925282,-0.22793519773584414,-0.05179775221369631,-0.0525608396026615,5746.89691488,7624.468724639999,1.0,1.0,1.0,1.0
all16_weekend_none_3h,full,100,12.0,-3.0150597190113255,0.8090300994487517,-3.9601222269644247,-1.9840150858153212,-3.560642253905541,1.0625527626211315,-0.03739885510493976,-0.05961129951231792,0.06846523324244685,-0.10318745179643359,-0.03757079820423565,0.00021230269167013844,87.7719417118241,0.06582895628386808,-0.16462781099471044,-0.25239975270653453,-0.07609193312500734,-0.07685586928288633,5746.89691488,7624.468724639999,1.0,1.0,1.0,1.0
all16_weekend_none_3h,first,50,,-4.147764973928126,2.1630817583243176,-6.047473936014671,-1.1214439185525866,-4.990473146450451,0.35269501031968287,-0.062166972760139966,-0.11497401508708904,0.18453121864169067,-0.17406201803047036,-0.10870619837275429,0.0004728271182517501,87.77152903462373,0.06582864677596781,-0.23550208835470696,-0.32327361738933064,-0.14696728688086277,-0.14773055932008322,5746.89691488,7624.468724639999,1.0,1.0,1.0,1.0
all16_weekend_none_3h,second,50,,-1.0945023798271174,1.369071625402157,-3.0248573047532576,0.0004174083512061227,-1.5195330790567803,1.7989173590141518,-0.010013906160875207,-0.03244504756480415,-0.13791615549608727,-0.03231288556239684,0.03356460196428297,-4.8221734911473295e-05,87.77235438902446,0.06582926579176833,-0.09375353363471393,-0.18152588802373842,-0.005216579369151922,-0.005981179245689495,5746.89691488,7624.468724639999,1.0,1.0,1.0,1.0
all16_weekend_none_close,full,100,12.0,-3.651716227410146,0.5592064088903727,-4.359098791958094,-2.991797673087656,-4.002997150699558,1.0625527626211315,-0.05159718753456402,-0.07106556307619272,0.06443585045572081,-0.1429810282024262,-0.07746547369721155,0.0002761794782670711,87.72231197797566,0.06579173398348175,-0.20438664658700917,-0.29210895856498487,-0.11590806047676154,-0.11666433460903353,5746.89691488,7624.468724639999,1.0,1.0,1.0,1.0
all16_weekend_none_close,first,50,,-4.173301321387514,1.2898399411038006,-5.591576196295559,-2.4707340198246004,-4.695080109072755,0.35269501031968287,-0.07084692035591049,-0.11400672738138651,0.09281811638617651,-0.1999783737894115,-0.13487268846969278,0.0006959076448650907,87.73545728611175,0.06580159296458384,-0.26139319388968973,-0.3491286511758015,-0.17289730274252332,-0.173657736603578,5746.89691488,7624.468724639999,1.0,1.0,1.0,1.0
all16_weekend_none_close,second,50,,-2.9067346283780355,0.4561942458253886,-3.537179329720601,-2.4728767273935977,-3.1495315410542597,1.7989173590141518,-0.031004714384228842,-0.04963955431472433,0.012809675869717665,-0.08598368261544091,-0.020058258924730298,-0.0001435486883309485,87.70916666983958,0.06578187500237968,-0.14738009928432863,-0.23508926595416815,-0.05891881821099978,-0.05967093261448906,5746.89691488,7624.468724639999,1.0,1.0,1.0,1.0
all16_weekend_XYZ100_1h,full,100,12.0,-1.3057579890022322,1.695224238324945,-3.4771327870374638,0.6600012492135695,-1.6600319941289767,1.0625527626211315,-0.006538327735219402,-0.023686387495164496,-0.0716987157123192,-0.019549535359590597,0.046220840618064536,-1.2670782506218004e-05,87.67694026019856,0.06575770519514892,-0.08092339354172959,-0.16860033380192813,0.008308541710391543,0.0067535467184689744,7183.621143599999,9287.22697633,1.0,1.0,1.0,1.0
all16_weekend_XYZ100_1h,first,50,,0.4120789198498212,3.2187059652444088,-3.9507160411667672,3.718028414337954,1.572082148424947,0.35269501031968287,0.007676028680334247,-0.03517480314928112,-0.13338384001468281,0.020632048076079677,0.0864052506949629,-1.948883494464921e-05,87.67161837858474,0.06575371378393856,-0.04073808478892962,-0.12840970316751435,0.048382306724493986,0.046933533589655116,7183.621143599999,9287.22697633,1.0,1.0,1.0,1.0
all16_weekend_XYZ100_1h,second,50,,-5.122930625366403,1.2943161044929719,-6.569632209223589,-3.4284093216461757,-6.00503740940098,1.7989173590141518,-0.021341288172864077,-0.03231805353310557,0.02759028842267843,-0.05973111879526088,0.006036430541166193,-5.852730067786798e-06,87.68226214181237,0.06576169660635928,-0.12110870229452954,-0.20879096443634187,-0.0317652233037109,-0.03342644015271716,7183.621143599999,9287.22697633,1.0,1.0,1.0,1.0
all16_weekend_XYZ100_3h,full,100,12.0,-0.2739540177448212,1.3404679295596071,-2.1684864439430473,0.7311185084120129,-0.09716403972516464,1.0625527626211315,0.0004536591197437841,-0.01761302152718791,-0.12706165177382137,-0.0024588618691481247,0.063401719302338,-3.866932966431112e-05,87.76254912242908,0.0658219118418218,-0.06389264625484849,-0.15165519537727754,0.02541958730671827,0.023869902867580596,7183.621143599999,9287.22697633,1.0,1.0,1.0,1.0
all16_weekend_XYZ100_3h,first,50,,1.0645613005425716,2.101009789812535,-1.8492620727337352,3.0250484207988504,1.388894428145033,0.35269501031968287,0.01676615975037896,-0.02084974561410191,-0.11283782439390791,0.04539017692648791,0.11120663794763479,2.487489708185245e-07,87.75561302682361,0.0658167097701177,-0.016038752192288622,-0.10379436521911221,0.0731530591579117,0.07171686083453498,7183.621143599999,9287.22697633,1.0,1.0,1.0,1.0
all16_weekend_XYZ100_3h,second,50,,-3.4293934287440986,1.203471756743154,-4.817194848606849,-1.8822507729451516,-3.446629436920392,1.7989173590141518,-0.0164492890102695,-0.02497161884760235,-0.1739129878953912,-0.05030790066478417,0.015596800657041181,-7.758740829944077e-05,87.76948521803455,0.0658271139135259,-0.11174654031740834,-0.1995160255354429,-0.022313884544475155,-0.023977055099373805,7183.621143599999,9287.22697633,1.0,1.0,1.0,1.0
all16_weekend_XYZ100_close,full,100,12.0,0.46994878800323603,1.035735934160809,-0.9700006910202824,1.4223724710765189,0.6053933531492713,1.0625527626211315,0.007981075274329353,-0.011997991222791438,-0.10924515217575079,0.019273482587788326,0.08512643768707194,-6.459160876572875e-05,87.7178179873572,0.06578836349051789,-0.04212899000336171,-0.1298468079907189,0.04713216428191681,0.04558882798399547,7183.621143599999,9287.22697633,1.0,0.9985,1.0,0.99925
all16_weekend_XYZ100_close,first,50,,1.6841295261956362,1.608292229219602,-0.5609048510992432,3.122512707671334,1.954571618265855,0.35269501031968287,0.029213884005644373,-0.010523319020724786,-0.08326762139259783,0.08185587364058017,0.14765826316603436,-1.1525808214364063e-05,87.72115162298644,0.06579086371723984,0.020451067504489658,-0.06727008411849678,0.10960673326879596,0.10817221912747609,7183.621143599999,9287.22697633,1.0,0.9985,1.0,0.99925
all16_weekend_XYZ100_close,second,50,,-2.646524637307372,0.5836953112271167,-3.4646493125287097,-2.142308023028407,-2.6258951095286336,1.7989173590141518,-0.013733372559568536,-0.01699223029887642,-0.19475637705143262,-0.04330890846500353,0.022594612208109505,-0.00011765740931709343,87.71448435172795,0.06578586326379594,-0.10470904751121307,-0.192423531862941,-0.01534240470496234,-0.01699456315948516,7183.621143599999,9287.22697633,1.0,0.9985,1.0,0.99925
all16_weekend_SP500_1h,full,100,12.0,-1.9454375416030043,1.888423099070605,-3.9813585449955204,0.5693469152109055,-2.8088342220389433,1.0625527626211315,-0.010397044020130222,-0.028699040445560264,-0.027674262753075635,-0.029727708187933327,0.03602441289874675,3.67790919651038e-06,87.6743986611688,0.06575579899587661,-0.09109978725075149,-0.17877418591192026,-0.0019152295677149155,-0.003425388589582689,8063.374019999999,8929.25084208,1.0,1.0,1.0,1.0
all16_weekend_SP500_1h,first,50,,-0.5014847855095005,3.5555694505295445,-4.73537086957191,3.964664004576876,0.2450483360577681,0.35269501031968287,0.0007177500258999597,-0.044979528942672875,0.019985698626597492,0.0020359976932845304,0.06780255341451726,-1.7012267143557817e-05,87.66605793878556,0.06574954345408918,-0.05933024286386536,-0.14699630080265094,0.029909660649273608,0.028335815074920206,8063.374019999999,8929.25084208,1.0,1.0,1.0,1.0
all16_weekend_SP500_1h,second,50,,-4.551896472406276,0.8310996093883601,-5.7214110853360935,-3.8658153351021105,-4.9935322351789955,1.7989173590141518,-0.021441931857219057,-0.03604432165570781,-0.050230016946406615,-0.06149141406915119,0.0042462723829762485,2.436808553657858e-05,87.68273938355202,0.06576205453766401,-0.12286933163763762,-0.2105520710211896,-0.03374011978470344,-0.03518659225408558,8063.374019999999,8929.25084208,1.0,1.0,1.0,1.0
all16_weekend_SP500_3h,full,100,12.0,-0.958703038356307,1.3916355697070746,-2.86693780216522,0.41249275698410837,-0.9986025384685461,1.0625527626211315,-0.0071522017942220835,-0.026316608173227785,-0.09076119168325464,-0.02248086877666253,0.043361336830242764,-2.8527253192466267e-05,87.75157113828378,0.06581367835371284,-0.08390696857346115,-0.17165853971174494,0.005351066261644327,0.003844602564822605,8063.374019999999,8929.25084208,1.0,1.0,1.0,1.0
all16_weekend_SP500_3h,first,50,,-0.05926136618786574,2.481257599355422,-3.164009392322814,2.9092212875554946,-0.09214430694186655,0.35269501031968287,-0.0006825205129473587,-0.03954438605785193,-0.02327472069833279,-0.0026083339657110498,0.06323739463492303,-4.3229606216589476e-05,87.73666532589,0.06580249899441748,-0.06402399969383403,-0.151760665019724,0.025275579416748167,0.02371266563205595,8063.374019999999,8929.25084208,1.0,1.0,1.0,1.0
all16_weekend_SP500_3h,second,50,,-2.900221567202335,1.3033074984842405,-4.138306499108812,-1.098692344685847,-2.852515030231867,1.7989173590141518,-0.013244842459400009,-0.023579990939502582,-0.22930916344172114,-0.042353403587614025,0.023485279025562494,-1.3824900168343062e-05,87.76647695067757,0.06582485771300818,-0.10378993745308832,-0.19155641440376586,-0.014573446893459513,-0.016023460502410745,8063.374019999999,8929.25084208,1.0,1.0,1.0,1.0
all16_weekend_SP500_close,full,100,12.0,-1.3884229506560644,1.022061081568407,-2.7522479365265453,-0.29190300768921956,-1.4851878427752139,1.0625527626211315,-0.016828851773924656,-0.03914206425034461,-0.001733952496147552,-0.0470619550403328,0.018771396642333415,-5.8101470890151956e-05,87.70033361570141,0.06577525021177606,-0.10845218857132381,-0.1961525221870252,-0.019252008403782956,-0.020751854955622377,8063.374019999999,8929.25084208,1.0,1.0,1.0,1.0
all16_weekend_SP500_close,first,50,,0.03507464053481687,1.871536693697083,-2.313375147496443,2.2664476266377673,-0.0006558244346694562,0.35269501031968287,-0.0005554955727333036,-0.04278864432074747,0.043550309536069726,-2.6158637913623745e-05,0.06581092535369282,-6.49280867536759e-05,87.69620787313701,0.06577215590485275,-0.06141350414910953,-0.14910971202224652,0.027844391251441863,0.026282703724027485,8063.374019999999,8929.25084208,1.0,1.0,1.0,1.0
all16_weekend_SP500_close,second,50,,-4.471906828686243,0.8744802971367097,-5.615655922416863,-3.4926599790520148,-4.5623821576758425,1.7989173590141518,-0.03275203190606629,-0.041320172846527115,-0.08156245415925799,-0.09409775144275198,-0.028268132069025967,-5.127485502662802e-05,87.70445935826584,0.06577834451869936,-0.15549087299353806,-0.24319533235180393,-0.06634840805900778,-0.06778641363527223,8063.374019999999,8929.25084208,1.0,1.0,1.0,1.0
all16_external_weekend_none_1h,full,100,12.0,-2.2668922022472118,0.31686150219262216,-2.713575224447568,-2.0126067803386882,-2.9959681289853997,1.0625527626211315,-0.013558875729387817,-0.023482845595556245,0.14317492081601021,-0.0361712407513464,0.02918672132428163,0.00031424518853142224,87.56294301887928,0.06567220726415947,-0.0974653008645619,-0.1850282438834412,-0.009604422072663411,-0.009902357845682622,663.2103014999999,1806.1876293,1.0,1.0,1.0,1.0
all16_external_weekend_none_1h,first,50,,-4.005376717936426,1.4468148056991286,-5.14190186454216,-1.9636343971192194,-5.088199482475932,0.35269501031968287,-0.02400842879708752,-0.042726219542415844,0.233742925705668,-0.0664447028459011,-0.0012686762536979485,0.0005024202118182297,87.57126240536184,0.06567844680402138,-0.1277445865296544,-0.2153158489350162,-0.03981555993388597,-0.040173324124292545,663.2103014999999,1806.1876293,1.0,1.0,1.0,1.0
all16_external_weekend_none_1h,second,50,,-0.06168465556062067,2.5332209714630802,-3.556259788598134,2.3688094793233785,-0.5409822710107961,1.7989173590141518,-0.0022534448500426654,-0.026287645535784332,0.021730196622320973,-0.005897778656791722,0.059642118902261204,0.00012607016524461475,87.55462363239671,0.06566596772429754,-0.0671860151994694,-0.15474063883186615,0.020606715788559143,0.020368608432927295,663.2103014999999,1806.1876293,1.0,1.0,1.0,1.0
all16_external_weekend_none_3h,full,100,12.0,-2.180943181862749,0.7795865072414079,-2.9272262983912194,-1.1050009293062402,-2.2959991098789736,1.0625527626211315,-0.018303453924097712,-0.02785897315005581,0.07720788075985754,-0.049771768110990315,0.014958936188969324,0.0009480823224972041,87.57171549660912,0.06567878662245683,-0.11107196895861667,-0.1986436844552258,-0.023205991101630668,-0.02350025346200757,663.2103014999999,1806.1876293,1.0,1.0,1.0,1.0
all16_external_weekend_none_3h,first,50,,-5.748986812619715,0.9437516994729622,-6.491729264242062,-4.417276509552141,-6.549844325937431,0.35269501031968287,-0.04825032520319393,-0.07028449020799732,0.24743586574571366,-0.13507728242916942,-0.07082636544205324,0.0014687285991050012,87.62619411496155,0.06571964558622118,-0.1964156183096425,-0.284041812424604,-0.1084357491228702,-0.10878942419468095,663.2103014999999,1806.1876293,1.0,1.0,1.0,1.0
all16_external_weekend_none_3h,second,50,,1.5955513608738983,0.40890562329145586,1.119722858796794,2.118063820967524,1.6161180355768419,1.7989173590141518,0.01388521946291927,0.008241608470768158,-0.10274551081828875,0.03553374620718879,0.10074423781999191,0.0004274360458894071,87.51723687825667,0.06563792765869252,-0.025728319607590876,-0.11324555648584755,0.062023766919608855,0.061788917270665815,663.2103014999999,1806.1876293,1.0,1.0,1.0,1.0
all16_external_weekend_XYZ100_1h,full,100,12.0,-4.686922534226025,0.531375869535582,-5.428674092615392,-4.2116727098512605,-5.509907317521578,1.0625527626211315,-0.015291661929234344,-0.018832817527206558,0.2439333543941771,-0.04114926533388476,0.024328307614657974,0.00019941833123070143,87.56932170636456,0.06567699127977342,-0.10244779052833994,-0.19001711223470452,-0.013463346133460029,-0.014878468821975382,795.8523617999999,2453.8304024999998,1.0,1.0,1.0,1.0
all16_external_weekend_XYZ100_1h,first,50,,-5.578484911918994,0.7424326918799659,-6.363926121927333,-4.582339885654236,-6.57677129745946,0.35269501031968287,-0.01865506483583928,-0.028525017410901965,0.2972085958207959,-0.05181571874697385,0.013577299410297458,0.0002888091166646678,87.5757696985813,0.06568182727393598,-0.11311875753598076,-0.20069452723456208,-0.024212332255849695,-0.025542987837399455,795.8523617999999,2453.8304024999998,1.0,1.0,1.0,1.0
all16_external_weekend_XYZ100_1h,second,50,,-3.6543551826622447,0.7648196661153477,-4.484746710327179,-2.6389418619373535,-4.311833563625991,1.7989173590141518,-0.011606736786212114,-0.016019625005445626,0.17770614405904198,-0.030482811920795664,0.035079315819018485,0.00011002754579673507,87.56287371414784,0.06567215528561089,-0.09177682352069913,-0.179339697234847,-0.0027143600110703546,-0.004213949806551303,795.8523617999999,2453.8304024999998,1.0,1.0,1.0,1.0
all16_external_weekend_XYZ100_3h,full,100,12.0,-2.0872568544441275,1.4600138967076235,-3.4002056096608877,-0.050715434080165156,-2.18340256884194,1.0625527626211315,-0.00901911587137336,-0.01745013356750258,0.1409350558529927,-0.023843437107722146,0.04131457083509414,0.0005252334818253465,87.57765523285552,0.06568324142464163,-0.08514779577072099,-0.1727254510035765,0.003841669848353039,0.002429859462134508,795.8523617999999,2453.8304024999998,1.0,1.0,1.0,1.0
all16_external_weekend_XYZ100_3h,first,50,,-4.986884193464556,0.7087370752596899,-5.65137247071312,-4.004790949415857,-5.529408052384945,0.35269501031968287,-0.021184110023565413,-0.03402575755508086,0.2423520516291705,-0.0591781135795671,0.005867046348724808,0.0006741682490734812,87.62577090315384,0.0657193281773654,-0.12051615321177474,-0.2081419241149286,-0.03156285868474765,-0.03289038230862094,795.8523617999999,2453.8304024999998,1.0,1.0,1.0,1.0
all16_external_weekend_XYZ100_3h,second,50,,0.7027679992582535,1.0905592989949735,-0.11080394364977161,2.2442587328514128,1.0515585503506641,1.7989173590141518,0.0038966647924384115,-0.0006712930821606289,0.027341112022065135,0.011491239364122802,0.07676209532146347,0.0003762987145772116,87.52953956255718,0.06564715467191788,-0.049779438329667205,-0.1373089778922244,0.039246198381453726,0.03775010123288996,795.8523617999999,2453.8304024999998,1.0,1.0,1.0,1.0
all16_external_weekend_SP500_1h,full,100,12.0,-4.743468535722221,0.5632535491628844,-5.5399818578401945,-4.3376794956684455,-5.482345749369022,1.0625527626211315,-0.01627727695387092,-0.01993804065879079,0.19576558845973027,-0.044216714087183896,0.021148184723563133,0.00031723522424466035,87.57617871332225,0.06568213403499168,-0.10552003918650946,-0.1930962178998317,-0.015950143456044657,-0.017943860473187218,795.8523617999999,2839.323004,1.0,1.0,1.0,1.0
all16_external_weekend_SP500_1h,first,50,,-5.666179209436788,0.7382529011121594,-6.2878475807430165,-4.628934433216002,-6.682906147425364,0.35269501031968287,-0.02117882837047369,-0.03235755491140124,0.26139631620200865,-0.05907462789302347,0.00609206530878992,0.0005193751051126101,87.58142440923467,0.065686068306926,-0.12038162497948773,-0.20796304938872237,-0.03068414623670353,-0.03280020057025307,795.8523617999999,2839.323004,1.0,1.0,1.0,1.0
all16_external_weekend_SP500_1h,second,50,,-3.5507198609177877,1.1684438083577602,-4.655205349797361,-1.9340640136014828,-4.069320951343641,1.7989173590141518,-0.010931546077125253,-0.018901010893331627,0.10689724259196993,-0.029358800281344317,0.036204304138336356,0.00011509534337671067,87.57093301740984,0.06567819976305739,-0.0906584533935312,-0.17822938641094105,-0.0012161406753857878,-0.003087520376121368,795.8523617999999,2839.323004,1.0,1.0,1.0,1.0
all16_external_weekend_SP500_3h,full,100,12.0,-2.667592065772066,1.0610024787403598,-3.7384348697463947,-1.2219173162370445,-2.81746827910851,1.0625527626211315,-0.012101426975916171,-0.019698008366745956,0.09427589948516765,-0.033008372830092815,0.03186385529395621,0.0008151420276926499,87.58316020232225,0.06568737015174168,-0.09431658497171837,-0.18189974517404064,-0.004741943138810918,-0.006733424769396146,795.8523617999999,2839.323004,1.0,1.0,1.0,1.0
all16_external_weekend_SP500_3h,first,50,,-6.0876919180668,0.05695827019378038,-6.132781791322041,-6.007340889090957,-6.755716687578638,0.35269501031968287,-0.024392358433710532,-0.035896166971044696,0.23678141406888178,-0.06846840301632989,-0.004073473772450318,0.0013206723675721797,87.62080214860234,0.06571560161145175,-0.1298029645203515,-0.2174237666689539,-0.04006827060764635,-0.04218216237174919,795.8523617999999,2839.323004,1.0,1.0,1.0,1.0
all16_external_weekend_SP500_3h,second,50,,-0.012077444711124855,0.860943476488462,-0.7878704567068524,1.1884963689962664,0.18939427840730358,1.7989173590141518,0.001043220868137234,-0.0030002771423902064,-0.030168511347912066,0.0024516573561442637,0.06780118436036274,0.0003096116878131201,87.54551825604214,0.0656591386920316,-0.05883020542308523,-0.14637572367912735,0.030584384330024517,0.028715312832956905,795.8523617999999,2839.323004,1.0,1.0,1.0,1.0
cross9_daily_XYZ100_lb1_h1,full,324,323.0,-2.304648090120054,0.0,-2.304648090120054,-2.304648090120054,-2.304648090120054,2.2971839795129703,-0.13409097792785332,-0.1380262072659999,-0.021121866165715694,-0.324365464282846,0.21950859109292745,0.0022642465463258116,728.184402562799,0.5461383019220993,-0.8340945460768052,-1.5622789486396043,-0.06221907936023835,-0.10591014351400627,2102.75027376,8272.464413088,1.0,1.0,1.0,1.0
cross9_daily_XYZ100_lb1_h1,first,162,,-4.320837811381102,0.0,-4.320837811381102,-4.320837811381102,-4.320837811381102,3.0453829605252465,-0.24297009354048402,-0.2490738108420718,0.11928710041867967,-0.4966546563341337,0.04062360562913086,0.007097243372797635,725.8340071147494,0.5443755053360622,-1.004738461314458,-1.7305724684292076,-0.2353544137728238,-0.2789044541997088,2102.75027376,8272.464413088,1.0,1.0,1.0,1.0
cross9_daily_XYZ100_lb1_h1,second,162,,-0.9365857345218283,0.0,-0.9365857345218283,-0.9365857345218283,-0.9365857345218283,1.6816399924697383,-0.05021603352875026,-0.05630605242515285,-0.10205801483886343,-0.15207627223155845,0.3983935765567241,-0.002568750280146012,730.5347980108487,0.5479010985081365,-0.6634506308391525,-1.3939854288500009,0.11091625505234713,0.06708416717169621,2102.75027376,8272.464413088,1.0,1.0,1.0,1.0
cross9_daily_XYZ100_lb1_h3,full,324,107.0,0.22427432516308185,0.8636274202350106,-0.8236386471393956,1.2915422168018271,0.3506535249273909,2.2971839795129703,0.011349022075429982,-0.07101146703480454,-0.06971171451220647,0.028084892593092783,0.20752394446577166,0.0017034258710704748,241.52330365833248,0.18114247774374936,-0.14098141996773994,-0.38250472362607246,0.11503328191009249,0.10054188369059253,2102.75027376,8258.51673366,1.0,0.9985,1.0,0.99925
cross9_daily_XYZ100_lb1_h3,first,162,,0.4059749210314823,0.5997407959663458,-0.4366916830391974,0.9107844430789319,0.6936614057758856,3.0453829605252465,0.015050390837103923,-0.025334734918312396,0.006941195635733521,0.04646678966842712,0.2248284966240675,0.002134855421295554,240.66208316924798,0.18049656237693595,-0.12199666855004644,-0.3626587517192944,0.13310513960935635,0.11866541461920149,2102.75027376,8258.51673366,1.0,0.9985,1.0,0.99925
cross9_daily_XYZ100_lb1_h3,second,162,,0.19145946573407788,1.400957269194349,-1.7188226499332204,1.6017253241268539,0.10599205993821768,1.6816399924697383,0.0057916995636399455,-0.14367909328635076,-0.11776494489707241,0.009702995517758441,0.19021939230747584,0.0012719963208453955,242.3845241474171,0.18178839311056277,-0.15996617138543345,-0.4023506955328506,0.09696142421082861,0.08241835276198356,2102.75027376,8258.51673366,1.0,0.9985,1.0,0.99925
cross9_daily_XYZ100_lb3_h1,full,322,321.0,-3.236045817025277,0.0,-3.236045817025277,-3.236045817025277,-3.236045817025277,2.14126830898124,-0.20542640347154895,-0.21644270168785917,0.02572499308039648,-0.4837385892235589,0.05889984439542581,0.0034889767975456367,728.1698805553739,0.5461274104165303,-0.9934575056123204,-1.7216273861676943,-0.22159743222362427,-0.2652876250569467,2102.75027376,7898.425327799998,1.0,1.0,1.0,1.0
cross9_daily_XYZ100_lb3_h1,first,161,,-3.6981238202707587,0.0,-3.6981238202707587,-3.6981238202707587,-3.6981238202707587,2.743923196693135,-0.2082068722204907,-0.21521013967812963,0.010630945199547822,-0.44535933809625866,0.08902179748453994,0.009983169678130392,725.8190736785718,0.544364305258929,-0.9534326896712589,-1.679251763349831,-0.18406447157197275,-0.22761361599268706,2102.75027376,7898.425327799998,1.0,1.0,1.0,1.0
cross9_daily_XYZ100_lb3_h1,second,161,,-2.998512113318089,0.0,-2.998512113318089,-2.998512113318089,-2.998512113318089,1.6534120896532214,-0.20364428413500826,-0.21995326777780733,0.03409240167547581,-0.5221178403508592,0.02877789130631173,-0.0030052160830391196,730.5206874321757,0.5478905155741318,-1.0334823215533822,-1.7640030089855576,-0.25913039287527584,-0.3029616341212064,2102.75027376,7898.425327799998,1.0,1.0,1.0,1.0
cross9_daily_XYZ100_lb3_h3,full,322,106.33333333333333,-1.5447471047753945,0.18729451974076386,-1.7476786066684165,-1.2958603246574423,-1.9170286715699196,2.14126830898124,-0.10779596422220042,-0.12870589802507082,-0.010091513752096107,-0.25057890999661486,-0.07144947269587132,0.0020016132202911943,241.50806736137957,0.18113105052103468,-0.4196345571495806,-0.6611426245109603,-0.16363600574651815,-0.17812648978820095,2102.75027376,7893.030092387999,1.0,1.0,1.0,1.0
cross9_daily_XYZ100_lb3_h3,first,161,,-0.44466083597117373,0.7056082012904282,-1.0744362427270024,0.5405712590269123,-0.6229229054768068,2.743923196693135,-0.034056270860992735,-0.07313776915984738,0.018957368812387927,-0.05890817737893606,0.11773436009236625,0.0038562747396096975,240.66508294788272,0.18049881221091202,-0.22737373544245393,-0.4680388183903367,0.02773125248230174,0.013291347505428739,2102.75027376,7893.030092387999,1.0,1.0,1.0,1.0
cross9_daily_XYZ100_lb3_h3,second,161,,-2.317100050952756,0.5445908773327172,-3.0111685229527168,-1.6809800964491495,-2.7896460386561017,1.6534120896532214,-0.17036093208954206,-0.24155194139126035,-0.026990152369388478,-0.4422496426142936,-0.2606333054841089,0.00014695170097269174,242.35105177487648,0.18176328883115736,-0.6118953788567072,-0.8542464306315836,-0.355003263975338,-0.36954432708183066,2102.75027376,7893.030092387999,1.0,1.0,1.0,1.0
cross9_daily_XYZ100_lb5_h1,full,320,319.0,-3.579599005102282,0.0,-3.579599005102282,-3.579599005102282,-3.579599005102282,2.166738423652615,-0.2277435838803319,-0.23624631077685265,-0.029073120759106615,-0.5514039550379476,-0.006749688858153221,0.0014902723883526098,728.1927180908626,0.5461445385681469,-1.0611388577015515,-1.7893315757924138,-0.289254576525237,-0.3329461396106888,2102.75027376,8281.007753087999,1.0,1.0,1.0,1.0
cross9_daily_XYZ100_lb5_h1,first,160,,-2.927006970976175,0.0,-2.927006970976175,-2.927006970976175,-2.927006970976175,2.8057142928227705,-0.16478596197383086,-0.1688440924933432,-0.020683671006678256,-0.3537631934595725,0.18439157522761732,0.006220150051833027,725.8332249853638,0.5443749187390228,-0.8618464509493271,-1.587679675934691,-0.09246323246484153,-0.13601322596396334,2102.75027376,8281.007753087999,1.0,1.0,1.0,1.0
cross9_daily_XYZ100_lb5_h1,second,160,,-4.136956644025467,0.0,-4.136956644025467,-4.136956644025467,-4.136956644025467,1.6584646847246052,-0.2819604615999514,-0.29654439362756646,-0.03612400574701049,-0.7490447166163225,-0.19789095294392375,-0.0032396052751278077,730.5522111963614,0.547914158397271,-1.2604312644537758,-1.9909834756501368,-0.48604592058563245,-0.5298790532574141,2102.75027376,8281.007753087999,1.0,1.0,1.0,1.0
cross9_daily_XYZ100_lb5_h3,full,320,105.66666666666667,-1.9395561550465727,0.11674649834681029,-2.0988764286466504,-1.8223806196832777,-2.28004652160781,2.166738423652615,-0.13760646529574905,-0.15409646067108485,-0.007509942271690218,-0.32261702545309,-0.14182764807153844,0.0003440611071207174,241.5112513182297,0.18113343848867228,-0.49167490137585074,-0.7331861526940806,-0.23567297497852732,-0.2501636500576211,2102.75027376,8255.997511775999,1.0,1.0,1.0,1.0
cross9_daily_XYZ100_lb5_h3,first,160,,-1.446798466200739,0.43034705010681484,-1.9453357528762107,-0.8952165653813803,-1.938711493636208,2.8057142928227705,-0.0961944905126772,-0.13971550527712973,0.023375840175416,-0.1907237759546047,-0.013944475405888416,0.0037335274864636605,240.68377071357324,0.18051282803517993,-0.35920241545410586,-0.5998861861676792,-0.10407761849771835,-0.1185186447405327,2102.75027376,8255.997511775999,1.0,1.0,1.0,1.0
cross9_daily_XYZ100_lb5_h3,second,160,,-2.3300561959411663,0.22557263934045577,-2.6334791619847526,-2.093048750608643,-2.607044833295298,1.6584646847246052,-0.17409184260319555,-0.2147767049934819,-0.02339701592392619,-0.4545102749515754,-0.2697108207371885,-0.0030454052722222254,242.33873192288615,0.18175404894216463,-0.6241473872975957,-0.866486119220482,-0.36726833145933635,-0.38180865537470954,2102.75027376,8255.997511775999,1.0,1.0,1.0,1.0
cross9_daily_SP500_lb1_h1,full,198,198.0,-2.082463101337732,0.0,-2.082463101337732,-2.082463101337732,-2.082463101337732,1.64730679546028,-0.12489675904869017,-0.13008818360744767,-0.07467635730804392,-0.32459422324757276,0.2228181391737647,0.0005845654602728349,730.6625705088136,0.5479969278816103,-0.8360580226037421,-1.566720593112556,-0.06155569786439976,-0.10539545209492865,8047.393544959999,13379.325882740002,1.0,1.0,1.0,1.0
cross9_daily_SP500_lb1_h1,first,99,,-4.020688428518481,0.0,-4.020688428518481,-4.020688428518481,-4.020688428518481,2.835066470388455,-0.2872463218314183,-0.329894492741158,-0.11312044149678471,-0.625909207903048,-0.07973133465243605,0.001974378567525066,730.8696690908492,0.5481522518181369,-1.1375179762666423,-1.8683876453574915,-0.36279612703034214,-0.40664830717579314,8047.393544959999,13379.325882740002,1.0,1.0,1.0,1.0
cross9_daily_SP500_lb1_h1,second,99,,-0.14994648485453224,0.0,-0.14994648485453224,-0.14994648485453224,-0.14994648485453224,0.847047877635443,-0.008334263554359326,-0.013512174815107691,-0.04107490586945132,-0.02327923859209751,0.5253676129999655,-0.0008052476469793962,730.455471926778,0.5478416039450834,-0.5345980689408419,-1.2650535408676198,0.23968473130154264,0.19585740298593587,8047.393544959999,13379.325882740002,1.0,1.0,1.0,1.0
cross9_daily_SP500_lb1_h3,full,198,65.33333333333333,-0.06502958699636478,0.20402473366392088,-0.34963876631980045,0.11835235900167418,-0.14340511063753617,1.64730679546028,-0.001726437965627609,-0.022877520716201305,-0.13388978326360876,-0.013606317580218378,0.16576554477856914,0.001808984409265741,241.5744623574044,0.1811808467680533,-0.18270844123040147,-0.4242829035878059,0.0733604888684472,0.05886602112700296,8047.393544959999,13353.704641900003,1.0,1.0,1.0,1.0
cross9_daily_SP500_lb1_h3,first,99,,-1.3943374182016532,1.0250086931297135,-2.6197121478996603,-0.1109736706237087,-2.9887574395684444,2.835066470388455,-0.09688123367187779,-0.24457789941091113,-0.24782070312796342,-0.23645477041293103,-0.05711649478783478,0.0020676741286646074,241.87459967168112,0.18140594975376087,-0.40576699018310786,-0.647641589854789,-0.14937991453112578,-0.16389239051142673,8047.393544959999,13353.704641900003,1.0,1.0,1.0,1.0
cross9_daily_SP500_lb1_h3,second,99,,1.2922420696267707,1.2970027572068523,0.16080558257394473,3.1082454146910035,1.945924115051652,0.847047877635443,0.07227353727092821,0.004129705422271535,-0.06621062463149234,0.2092421352524943,0.38864758434497304,0.0015502946898668744,241.27432504312765,0.18095574378234572,0.040350107722304976,-0.20092421732082275,0.2961008922680202,0.28162443276543264,8047.393544959999,13353.704641900003,1.0,1.0,1.0,1.0
cross9_daily_SP500_lb3_h1,full,196,196.0,-2.9672325994443285,0.0,-2.9672325994443285,-2.9672325994443285,-2.9672325994443285,1.6971922681607292,-0.1931205495814138,-0.20503490327967677,0.0048260104372119215,-0.48000118546081105,0.06778970048196827,0.0002063329929847684,730.662958581019,0.5479972189357643,-0.9914652564675243,-1.722128215048543,-0.21696252037164435,-0.26080229788650544,5416.324225120001,11648.064428560003,1.0,1.0,1.0,1.0
cross9_daily_SP500_lb3_h1,first,98,,-3.8582830603089504,0.0,-3.8582830603089504,-3.8582830603089504,-3.8582830603089504,3.0020715393625026,-0.26287156511037835,-0.27123733157561314,-0.0960827362592611,-0.5923897779430105,-0.04760037753420615,0.003422796669556736,730.9495961044815,0.5482121970783611,-1.1040544952161473,-1.8350040913206291,-0.3292479233453973,-0.3731048991116661,5416.324225120001,11648.064428560003,1.0,1.0,1.0,1.0
cross9_daily_SP500_lb3_h1,second,98,,-2.1600547733726136,0.0,-2.1600547733726136,-2.1600547733726136,-2.1600547733726136,0.8129162649266547,-0.13600346005322436,-0.15710097395091238,0.07327372802771913,-0.3676125929786117,0.18317977849814265,-0.0030101306835871983,730.3763210575563,0.5477822407931674,-0.8788760177189011,-1.6092523387764572,-0.1046771173978914,-0.1484996966613448,5416.324225120001,11648.064428560003,1.0,1.0,1.0,1.0
cross9_daily_SP500_lb3_h3,full,196,64.66666666666667,-2.052595463192837,0.342503516649917,-2.521172702954444,-1.7120547084657862,-2.470412691922843,1.6971922681607292,-0.13771923646974338,-0.17078730147139431,-0.04514930693734722,-0.3446433213708033,-0.16206272437107808,-0.0013895170819245117,241.5881065570676,0.18119107991780073,-0.5137549959607506,-0.7553431025178182,-0.257671603010259,-0.272166889403683,5416.324225120001,11636.064475536003,1.0,1.0,1.0,1.0
cross9_daily_SP500_lb3_h3,first,98,,-3.0610435699577963,0.7089697827399156,-3.8498917623197286,-2.130665999757948,-3.617039399908478,3.0020715393625026,-0.2380419766829624,-0.28303502682827886,-0.06953038455693057,-0.5277927143195597,-0.3458413939805319,-0.0005239346510167313,241.90318091734807,0.18142738568801103,-0.6971249409617034,-0.9390281218790515,-0.4407075691893144,-0.45522176004435516,5416.324225120001,11636.064475536003,1.0,1.0,1.0,1.0
cross9_daily_SP500_lb3_h3,second,98,,-0.9407082537372649,0.7592884678960393,-1.7061123691337772,0.09421759325453881,-1.215651502344046,0.8129162649266547,-0.061943621409919145,-0.1184717682424401,-0.021686415950205644,-0.16149392842204696,0.021715945238375695,-0.0022550995128322922,241.2730321967871,0.18095477414759034,-0.3303850509597978,-0.5716580831565851,-0.07463563683120356,-0.08911201876301075,5416.324225120001,11636.064475536003,1.0,1.0,1.0,1.0
cross9_daily_SP500_lb5_h1,full,194,194.0,-3.6944121355275312,0.0,-3.6944121355275312,-3.6944121355275312,-3.6944121355275312,1.6213695284369418,-0.2429042765105556,-0.25375030533151577,-0.10462295435499741,-0.6305715195226763,-0.08064750478705777,-0.0018670749071056935,730.7425864380173,0.5480569398285129,-1.1420913300292883,-1.8728339164673056,-0.3675041884049902,-0.41134874359127116,5416.324225120001,11931.858058783999,1.0,1.0,1.0,1.0
cross9_daily_SP500_lb5_h1,first,97,,-4.7332688996193895,0.0,-4.7332688996193895,-4.7332688996193895,-4.7332688996193895,2.9024095886516665,-0.37889797335396674,-0.3861178896235975,-0.05751287388328773,-0.8299472304982519,-0.2838857142697128,0.0021985035884608383,731.0133597559999,0.548260019817,-1.3416565823274518,-2.072669942083452,-0.5667824209860922,-0.610643222571452,5416.324225120001,11931.858058783999,1.0,1.0,1.0,1.0
cross9_daily_SP500_lb5_h1,second,97,,-2.5953467204760003,0.0,-2.5953467204760003,-2.5953467204760003,-2.5953467204760003,0.7548445357621896,-0.1503905198786674,-0.15714794096482443,-0.13876993796578233,-0.4311958085471008,0.12259070469559724,-0.005932653402672224,730.4718131200343,0.5478538598400259,-0.9425260777311247,-1.672997890851159,-0.1682259558238884,-0.21205426461109045,5416.324225120001,11931.858058783999,1.0,1.0,1.0,1.0
cross9_daily_SP500_lb5_h3,full,194,64.0,-2.3286505788145067,0.3628719848817083,-2.5852738071433587,-1.81547209789023,-2.6623976278181867,1.6213695284369418,-0.1679142490573857,-0.2057190254901835,-0.046939803337696935,-0.42415289045627513,-0.24025854104839056,-0.00273772178794138,241.54217015992415,0.1811566276199431,-0.593232409568222,-0.8347745797281462,-0.33719770919870234,-0.3516902394082978,5416.324225120001,11903.810272928,1.0,1.0,1.0,1.0
cross9_daily_SP500_lb5_h3,first,97,,-3.876319908131459,0.9491644061481544,-4.568436903804622,-2.5342191656721234,-4.3976081557080064,2.9024095886516665,-0.3451854287373414,-0.4571829456238734,0.03402405284655467,-0.7224016936948818,-0.5424024598118694,0.0013870496650205998,241.84837806404408,0.18138628354803304,-0.8916955583397127,-1.1335439364037567,-0.635336277591826,-0.6498471802756687,5416.324225120001,11903.810272928,1.0,1.0,1.0,1.0
cross9_daily_SP500_lb5_h3,second,97,,-0.7068831696070327,0.29200206695497183,-1.1015806091899645,-0.40437619265535985,-0.820476617506636,0.7548445357621896,-0.04581855556316047,-0.08168459617383728,-0.10239468619004442,-0.1259040872176683,0.061885377715088265,-0.00686249324090336,241.23596225580422,0.1809269716918532,-0.2947692607967312,-0.5360052230525356,-0.03905914080557874,-0.05353329854092703,5416.324225120001,11903.810272928,1.0,1.0,1.0,1.0
cross9_overnight_none_1h,full,100,55.0,-5.312510330201239,0.8950835015491058,-6.315499291276325,-4.142232199976257,-7.618089363490543,1.0625527626211315,-0.11710336581252127,-0.1575013969120569,-0.02917038928879656,-0.331238479926969,-0.030240497748288464,0.00014075868816685382,401.5183211557965,0.3011387408668474,-0.6123013047360267,-1.0138196258918235,-0.18669188431088227,-0.21078298358023004,4726.376487000002,18270.54314964001,1.0,1.0,1.0,1.0
cross9_overnight_none_1h,first,50,,-4.698062857864642,1.0669250760078162,-6.05026424929858,-3.442171489167745,-6.824848040850237,0.35269501031968287,-0.12315173656255335,-0.16851888643766189,-0.10483035673373499,-0.34852244878202654,-0.04206073572236189,0.00011680555311732616,408.7713581503759,0.3065785186127819,-0.6346623994872896,-1.0434337576376655,-0.2013647598478912,-0.22589104133691373,4726.376487000002,18270.54314964001,1.0,1.0,1.0,1.0
cross9_overnight_none_1h,second,50,,-6.5520222820035885,0.7978076567536077,-7.372919225493504,-5.471244233193207,-9.02475226854382,1.7989173590141518,-0.11223468784959796,-0.14802352841077715,0.08206977500181772,-0.3139545110719116,-0.018420259774215037,0.00016471182321638146,394.26528416121715,0.2956989631209129,-0.5899402099847635,-0.9842054941459806,-0.17201900877387333,-0.19567492582354637,4726.376487000002,18270.54314964001,1.0,1.0,1.0,1.0
cross9_overnight_none_3h,full,100,55.0,-2.754601316123376,0.4497970134583256,-3.328941911990227,-2.2306279567052503,-3.0421805473499703,1.0625527626211315,-0.06941855223181131,-0.09074168148246997,-0.020819090575353378,-0.1923374586044904,0.10863831647177809,0.0002665849108441232,401.6564799828168,0.30124235998711263,-0.47349699459246203,-0.875153474575279,-0.04774112581067636,-0.07184051460964541,4726.376487000002,18270.54314964001,1.0,1.0,1.0,1.0
cross9_overnight_none_3h,first,50,,-2.3323217025339513,0.7875499349301853,-3.438822073447339,-1.669094033521713,-2.5094679185012754,0.35269501031968287,-0.07148927668751567,-0.10212768340895773,-0.09237616716090531,-0.19543808779029387,0.11128849830435619,9.821587172845194e-05,409.09973595517147,0.3068248019663785,-0.4818079029589139,-0.8909076389140853,-0.048162182846432165,-0.07270816700374251,4726.376487000002,18270.54314964001,1.0,1.0,1.0,1.0
cross9_overnight_none_3h,second,50,,-3.6407984785321634,0.4876290416009938,-4.27951261865879,-3.096260794914345,-4.220276703071419,1.7989173590141518,-0.069876125685972,-0.10241451551702951,0.10544075779251726,-0.18923682941868694,0.10598813463919989,0.00043495394995979466,394.2132240104623,0.29565991800784674,-0.46518608622601054,-0.8593993102364728,-0.04732006877492058,-0.0709728622155483,4726.376487000002,18270.54314964001,1.0,1.0,1.0,1.0
cross9_overnight_none_close,full,100,55.0,-2.8799968202157893,0.11094199759629768,-3.0016054493138036,-2.7333397465808824,-3.141916406279501,1.0625527626211315,-0.08048163946721296,-0.10930954933679349,-0.06848788799270643,-0.23041169920598273,0.0701637992305928,0.0005291908436837261,401.47291904034574,0.30110468928025924,-0.5114427425342246,-0.9129156615745704,-0.08588144835145832,-0.109969823493879,4726.376487000002,18270.54314964001,1.0,1.0,1.0,1.0
cross9_overnight_none_close,first,50,,-3.16187636867242,0.14323678278669524,-3.361469680510598,-3.0321289812643455,-3.4499648115147257,0.35269501031968287,-0.10100005063815837,-0.13367963054063536,-0.10080089045841126,-0.28470404896487705,0.02147344794891253,0.0003480305086018811,408.7007032298554,0.3065255274223916,-0.5707945412257758,-0.9794952444556311,-0.13757179580212922,-0.16209383799592048,4726.376487000002,18270.54314964001,1.0,1.0,1.0,1.0
cross9_overnight_none_close,second,50,,-2.5830752692613337,0.3614464728799903,-3.092723267767793,-2.294199583561642,-2.7711874403622865,1.7989173590141518,-0.06126950424246396,-0.08270331840452849,-0.03052406750290459,-0.1761193494470884,0.11885415051227302,0.0007103511787655718,394.245134850836,0.295683851138127,-0.45209094384267356,-0.8463360786935096,-0.03419110090078741,-0.05784580899183758,4726.376487000002,18270.54314964001,1.0,1.0,1.0,1.0
cross9_overnight_XYZ100_1h,full,100,55.0,-6.90868966356754,0.8368774838324748,-8.050757887904401,-6.068757777814615,-9.339682413627918,1.0625527626211315,-0.10982658416913317,-0.15224702565162085,-0.07704840674864846,-0.31207568711689493,-0.010894351398226714,-4.877224906387773e-05,401.510084626139,0.30113256346960426,-0.5931327463551921,-0.9946428309813314,-0.16753205665148482,-0.19162266172905312,7352.1412020000025,20708.702301600013,1.0,1.0,1.0,1.0
cross9_overnight_XYZ100_1h,first,50,,-6.687523202609512,1.1623444336663256,-8.018134636279024,-5.186351597516591,-8.582698893970653,0.35269501031968287,-0.12579939404250748,-0.15610587803807374,-0.12764610754780759,-0.35812738420254814,-0.051450562120128114,-0.00010274332214461453,408.765438347034,0.3065740787602755,-0.6442631910454721,-1.053028629392506,-0.21097182639761597,-0.23549775269843806,7352.1412020000025,20708.702301600013,1.0,1.0,1.0,1.0
cross9_overnight_XYZ100_1h,second,50,,-7.886550877041476,1.8712709070490996,-9.610485595096835,-5.285756606770161,-11.863810696225833,1.7989173590141518,-0.09467212388380489,-0.1519622378916079,0.0007228313920660824,-0.2660239900312415,0.02966185932367469,5.198824016859102e-06,394.254730905244,0.2956910481789331,-0.5420023016649124,-0.9362570325701562,-0.12409228690535362,-0.1477475707596683,7352.1412020000025,20708.702301600013,1.0,1.0,1.0,1.0
cross9_overnight_XYZ100_3h,full,100,55.0,-3.205095663542585,0.5068532203025896,-3.739634045573083,-2.5242423589557177,-3.4843997736014978,1.0625527626211315,-0.06732441938886238,-0.09627603969182363,-0.054987899221075116,-0.1874750542427345,0.11394205520572302,-0.00018617644093342332,401.64124401003204,0.3012309330075241,-0.4686239250497569,-0.8702651690597891,-0.042884206399122896,-0.06698268103972481,7352.1412020000025,20708.702301600013,1.0,1.0,1.0,1.0
cross9_overnight_XYZ100_3h,first,50,,-3.3750580173525875,0.9124966984837227,-4.663439386148899,-2.6673817163200497,-3.495385139788671,0.35269501031968287,-0.08854627026174107,-0.11418917048373678,-0.09513064613336585,-0.24565648131771936,0.061549961938723766,-0.0004010397659335824,409.0738713206794,0.30680540349050955,-0.532008191242195,-0.9410820625628743,-0.09838988764227477,-0.1229343199215155,7352.1412020000025,20708.702301600013,1.0,1.0,1.0,1.0
cross9_overnight_XYZ100_3h,second,50,,-3.408399512971997,1.1702068354477568,-5.062741015932736,-2.5432590330335096,-4.332454348953651,1.7989173590141518,-0.04729362512595916,-0.08839421864699215,0.019345679343843437,-0.12929362716774956,0.16633414847272227,2.868688406673583e-05,394.20861669938483,0.2956564625245386,-0.40523965885731883,-0.7994482755567036,0.01262147484402895,-0.011031042157934136,7352.1412020000025,20708.702301600013,1.0,1.0,1.0,1.0
cross9_overnight_XYZ100_close,full,100,55.0,-2.530737716212066,0.2031701515335807,-2.7679668074186456,-2.271734658168326,-2.6901671903568873,1.0625527626211315,-0.06295902462712404,-0.09298915335014968,-0.06090767075032534,-0.1771177086464001,0.12413975470949626,-0.000159012192250536,401.4646015515278,0.3010984511636458,-0.4581429297324694,-0.8596075312839973,-0.03259045208785013,-0.056678328180941734,7352.1412020000025,20708.702301600013,1.0,1.0,1.0,1.0
cross9_overnight_XYZ100_close,first,50,,-2.946051766384637,0.21519367556899455,-3.2403822542969483,-2.7318816724449464,-3.0903008521316475,0.35269501031968287,-0.08976821405040449,-0.11827558085485523,-0.06489525078054614,-0.2518748045905557,0.055041450084474794,-0.000398409475676644,408.69046026580514,0.30651784519935393,-0.5379581267766192,-0.9466485870424247,-0.10474623889486587,-0.12926766651081414,7352.1412020000025,20708.702301600013,1.0,1.0,1.0,1.0
cross9_overnight_XYZ100_close,second,50,,-2.043518702044016,0.5876281414234419,-2.8730118044612514,-1.584998372487796,-2.2424177145109834,1.7989173590141518,-0.03659509850684959,-0.06711596606217718,-0.0678558812429906,-0.10236061270224447,0.1932380593345177,8.038509117557181e-05,394.23874283725024,0.29567905712793774,-0.37832773268831965,-0.7725664755255701,0.039565334719165644,0.015911010148930628,7352.1412020000025,20708.702301600013,1.0,1.0,1.0,1.0
cross9_overnight_SP500_1h,full,100,55.0,-6.8262156979421755,0.3804812352214902,-7.364084717849264,-6.544179905545765,-9.465820165159847,1.0625527626211315,-0.10502163330485086,-0.13573486059076734,-0.1275755870433203,-0.30054346157081524,0.0005524233468551826,4.7242864808455444e-05,401.5241703766385,0.3011431277824788,-0.5816103808344621,-0.9831345512111005,-0.15599476023522538,-0.18008621045782366,8402.447088000003,23272.96198464001,1.0,1.0,1.0,1.0
cross9_overnight_SP500_1h,first,50,,-6.030688518338864,0.8381365189457841,-6.826734059091922,-4.87211143736301,-8.185926282548524,0.35269501031968287,-0.1138713223743644,-0.13747953619659592,-0.21308961673887528,-0.3255064792668007,-0.018846421455014906,-6.276282411080275e-05,408.79639331690004,0.306597294987675,-0.6116639545886307,-1.0204603479055308,-0.1783397776727167,-0.20286756127173075,8402.447088000003,23272.96198464001,1.0,1.0,1.0,1.0
cross9_overnight_SP500_1h,second,50,,-9.016785046109703,0.9981037012494367,-10.133508471726467,-7.710751553252878,-12.961140499047971,1.7989173590141518,-0.09789442927517815,-0.14284884380910423,0.01645458164312242,-0.2755804438748298,0.019951268148725266,0.0001572485537277137,394.251947436377,0.29568896057728283,-0.5515568070802935,-0.9458087545166708,-0.13364974279773406,-0.15730485964391666,8402.447088000003,23272.96198464001,1.0,1.0,1.0,1.0
cross9_overnight_SP500_3h,full,100,55.0,-3.576079032074276,0.7503787133608084,-4.485445649225129,-2.6476958323164217,-3.8968954131966376,1.0625527626211315,-0.07106651679488062,-0.0877390559275959,-0.09587961106344144,-0.2010497153204155,0.10003495623954771,0.00014089694160083715,401.63409133541876,0.3012255685015641,-0.4821935792552086,-0.8838276705906274,-0.05646144243966475,-0.08055948791978987,8402.447088000003,23272.96198464001,1.0,1.0,1.0,1.0
cross9_overnight_SP500_3h,first,50,,-3.00329042637084,1.0561415810267425,-4.435296067532604,-1.9196295560736951,-3.192135573302907,0.35269501031968287,-0.0784797955224003,-0.1144802016318196,-0.15911820795706577,-0.21895192320762025,0.08798032903183205,-0.0001354740295780799,409.06237094649896,0.3067967782098742,-0.5052955828701694,-0.9143579538166683,-0.07168946966688061,-0.09623321192367057,8402.447088000003,23272.96198464001,1.0,1.0,1.0,1.0
cross9_overnight_SP500_3h,second,50,,-5.874131962931224,0.7386804482119953,-6.697841328594527,-4.9058598400916855,-7.068622414968755,1.7989173590141518,-0.06627770519899392,-0.09284473591399234,0.0414115077879068,-0.18314750743321082,0.11208958344726343,0.00041726791277975437,394.2058117243386,0.295654358793254,-0.4590915756402477,-0.8532973873645866,-0.0412334152124489,-0.0648857639159092,8402.447088000003,23272.96198464001,1.0,1.0,1.0,1.0
cross9_overnight_SP500_close,full,100,55.0,-3.733155683680501,0.3715244348482805,-4.164901044080173,-3.2579712868845587,-3.982434553419818,1.0625527626211315,-0.08099849762836009,-0.10363701094078825,-0.10683654772919123,-0.2320283723610438,0.06880871731963342,0.00025832422377451914,401.46055187260225,0.3010954139044517,-0.5130507586718652,-0.9145113105444678,-0.08750257368690696,-0.11159020679926307,8402.447088000003,23272.96198464001,1.0,1.0,1.0,1.0
cross9_overnight_SP500_close,first,50,,-3.530585254987854,0.5026212988760753,-4.22550722857118,-3.0536837679688644,-3.7417861885578776,0.35269501031968287,-0.0959491268465689,-0.11502029333445196,-0.14167541991984853,-0.27262438399502353,0.03401719391962164,-0.00011231067848054417,408.70568964821956,0.30652926723616464,-0.5587183667487771,-0.9674240563969966,-0.12549033572166451,-0.15001267710055768,8402.447088000003,23272.96198464001,1.0,1.0,1.0,1.0
cross9_overnight_SP500_close,second,50,,-4.550821596332684,0.5201280332891587,-5.188245363422093,-3.9141978344599866,-4.877026203108549,1.7989173590141518,-0.06819266724925427,-0.09475215673193249,-0.05764439733209446,-0.191432360727064,0.10360024071964519,0.0006289591260295825,394.215414096985,0.2956615605727387,-0.4673831505949534,-0.8615985646919384,-0.04951481165214938,-0.07316773649796847,8402.447088000003,23272.96198464001,1.0,1.0,1.0,1.0
cross9_weekend_none_1h,full,100,12.0,-2.7813937064207814,2.0470614644115668,-4.881917113849665,-0.005866220355470319,-3.8820687206799045,1.0625527626211315,-0.019743359028971605,-0.0361571479958287,0.06356492698907902,-0.055019376669938655,0.01066711514903202,6.209230347199421e-05,87.66477882992355,0.06574858412244267,-0.11638472185088515,-0.2040495006808087,-0.023460056291166174,-0.028719943020961588,8599.915912500002,14533.379040600004,1.0,1.0,1.0,1.0
cross9_weekend_none_1h,first,50,,-2.283438668566872,3.4482062567940757,-5.364295888895243,2.530585621435254,-3.4291045861820693,0.35269501031968287,-0.013309221507970105,-0.052531687399965055,0.13074923920186043,-0.03739247570868965,0.028182816271392703,0.00017335851214800752,87.66486732297382,0.06574865049223036,-0.09875788283477131,-0.18642275015774515,-0.005833123472419076,-0.011093015511797505,8599.915912500002,14533.379040600004,1.0,1.0,1.0,1.0
cross9_weekend_none_1h,second,50,,-3.753024522241105,0.6165231883336896,-4.444849258742137,-2.9475632848769053,-4.301792564312567,1.7989173590141518,-0.02585905873925495,-0.03530496225676005,0.026906136791364926,-0.07264627763118767,-0.006848585973328667,-4.917390520401911e-05,87.6646903368733,0.06574851775265499,-0.13401156086699895,-0.22167625120387227,-0.04108698910991328,-0.046346870530125664,8599.915912500002,14533.379040600004,1.0,1.0,1.0,1.0
cross9_weekend_none_3h,full,100,12.0,-1.5217050157540866,0.6522772909864559,-2.298777963395878,-0.7026842541392948,-1.6429447364536431,1.0625527626211315,-0.015597525103773102,-0.028503329794796084,0.10536382705633031,-0.04067353294884293,0.025073836571784136,3.8408571931151265e-05,87.71437079007764,0.06578577809255823,-0.10207359250189726,-0.1897879632919749,-0.009096359464414979,-0.014359221711819645,8599.915912500002,14533.379040600004,1.0,1.0,1.0,1.0
cross9_weekend_none_3h,first,50,,-1.2061825450404164,1.6046405529403214,-3.1057141105179857,0.8188235968863412,-1.1140222598135836,0.35269501031968287,-0.011447014782579935,-0.0386152036332259,0.1746493321576297,-0.02939770572342066,0.03603231059225051,0.00032874060658421276,87.67834256300716,0.06575875692225537,-0.09077254551752566,-0.1784508880805328,0.0021664975992619234,-0.003094202954518503,8599.915912500002,14533.379040600004,1.0,1.0,1.0,1.0
cross9_weekend_none_3h,second,50,,-1.9987119438150571,0.610778261831969,-2.831386502161934,-1.3834652943216232,-2.2330744848844843,1.7989173590141518,-0.018768901022342164,-0.02855116205447228,0.026992749849719656,-0.05194936017426521,0.014115362551317777,-0.0002519234627219103,87.75039901714808,0.06581279926286107,-0.1133746394862689,-0.20112503850341698,-0.020359216528091882,-0.025624240469120783,8599.915912500002,14533.379040600004,1.0,1.0,1.0,1.0
cross9_weekend_none_close,full,100,12.0,-2.152300167732923,1.0566758141523152,-3.4049389996307644,-0.82027710864625,-2.1916342638894974,1.0625527626211315,-0.026203262515897146,-0.044074874758352145,0.01727664648875781,-0.07281107149870837,-0.007006512388767427,-3.8109164307440846e-05,87.68859992751133,0.06576644994563352,-0.1341930914479663,-0.22188169137547764,-0.04124317552480429,-0.04650449152045497,8599.915912500002,14533.379040600004,1.0,1.0,1.0,1.0
cross9_weekend_none_close,first,50,,-1.172720979639575,1.833229120210724,-3.3360855448485243,1.1462906161558535,-0.997741502597975,0.35269501031968287,-0.012147162415374687,-0.04521138602576058,-0.04351493403079856,-0.03492309165684773,0.030476980778830546,0.00035585037397718554,87.67456374620728,0.06575592280965546,-0.0962952862791928,-0.18396985002540006,-0.0033602487082130986,-0.008620722532985535,8599.915912500002,14533.379040600004,1.0,1.0,1.0,1.0
cross9_weekend_none_close,second,50,,-3.3803758135283,0.06050231295495259,-3.4623267977713,-3.3180972243185543,-3.506248056432922,1.7989173590141518,-0.04111129668040838,-0.04960590126027409,0.09282635626415027,-0.11069905134056902,-0.04449000555636541,-0.0004320687025920671,87.70263610881541,0.06577697708161157,-0.1720908966167398,-0.2597935327255552,-0.07912610234139547,-0.0843882605079244,8599.915912500002,14533.379040600004,1.0,1.0,1.0,1.0
cross9_weekend_XYZ100_1h,full,100,12.0,-1.8193977215569355,1.7102383797795193,-3.4246552873583798,0.5499901634664546,-2.2592075339690227,1.0625527626211315,-0.0121411929490559,-0.02924134256719313,0.015733441270895702,-0.03426599265897764,0.031533729039316,-5.311786550856421e-05,87.66213844371343,0.06574660383278506,-0.09562948956957704,-0.18329162801329046,-0.0027076228192408026,-0.007967351125863607,10399.397778000004,17659.70982200001,1.0,1.0,1.0,1.0
cross9_weekend_XYZ100_1h,first,50,,-0.005517593115812976,2.5437972789104695,-3.135890228007389,3.0948990879334133,0.63985494943343,0.35269501031968287,0.003887273671493737,-0.03549810549664034,-0.056438011068685755,0.010323126997949758,0.07613720220180832,-6.749400550706761e-05,87.66210826446866,0.0657465811983515,-0.0510403487871783,-0.13870245705164697,0.041881485973158473,0.03662175947729035,10399.397778000004,17659.70982200001,1.0,1.0,1.0,1.0
cross9_weekend_XYZ100_1h,second,50,,-5.274859422377379,0.5288334449320149,-5.990596426314606,-4.729140914781364,-5.670553487489263,1.7989173590141518,-0.028832437882352808,-0.04066618952982326,0.11818523547702316,-0.07885511231590504,-0.013069744123176316,-3.874172551006082e-05,87.66216862295819,0.06574662646721867,-0.1402186303519758,-0.227880798974934,-0.04729673161164008,-0.05255646172901756,10399.397778000004,17659.70982200001,1.0,1.0,1.0,1.0
cross9_weekend_XYZ100_3h,full,100,12.0,0.9273200602034652,0.4539690919880458,0.29406838681414144,1.335467169468454,1.0415657878223583,1.0625527626211315,0.01368480252049626,0.0025125799111613834,-0.03869745073419169,0.03713445499649823,0.1030852560574307,-0.00016744383306039123,87.71114297049607,0.06578335722787206,-0.024263345082848983,-0.11197448805334508,0.06871046646587683,0.06344779788764708,10399.397778000004,17659.70982200001,1.0,0.996,0.99975,0.9985
cross9_weekend_XYZ100_3h,first,50,,2.475445139327282,1.005649471988108,1.0989737310808527,3.47350520897879,2.667748461841751,0.35269501031968287,0.0456367862259264,0.014233497152342789,-0.047723945111020294,0.12871810336732697,0.1946414978710277,-0.00016711256617115783,87.67504258337277,0.06575628193752957,0.06734557355896606,-0.02032946902440669,0.16028111869734118,0.1550206161423388,10399.397778000004,17659.70982200001,1.0,0.996,0.99975,0.9985
cross9_weekend_XYZ100_3h,second,50,,-3.401462427066866,0.29213785860008123,-3.718025106955071,-3.013272746870262,-3.9171637279922162,1.7989173590141518,-0.019283067802510656,-0.03096482249177246,-0.000254217991675542,-0.05444919337433049,0.011529014243833692,-0.0001677750999496246,87.74724335761938,0.06581043251821454,-0.11587226372466404,-0.2036195070822834,-0.022860185765587498,-0.028125020367044656,10399.397778000004,17659.70982200001,1.0,0.996,0.99975,0.9985
cross9_weekend_XYZ100_close,full,100,12.0,1.8560667117245913,0.47354216785854913,1.2123610634534898,2.337905647439155,1.9760359342364735,1.0625527626211315,0.035596245564581276,0.016006097653462503,-0.08699347891539448,0.09679545356142336,0.1628256968212176,-0.0002632511978723768,87.68932274922918,0.06576699206192187,0.03541292763696297,-0.05227639511226619,0.12836360975114586,0.12310225038619212,10399.397778000004,17659.70982200001,0.995,0.9445,0.9985,0.9745
cross9_weekend_XYZ100_close,first,50,,3.080622293544503,0.755522221126072,2.0279303597500746,3.765399662998219,3.263746878685167,0.35269501031968287,0.07862757042351642,0.03455972972786392,-0.08727717620910046,0.22153600458135717,0.28756882967694625,-0.00027946035012390154,87.67115299395356,0.06575336474546517,0.1601661974855897,0.07249504449163614,0.2530976196591805,0.24783735047954322,10399.397778000004,17659.70982200001,0.995,0.9445,0.9985,0.9745
cross9_weekend_XYZ100_close,second,50,,-1.9447053861559163,0.5036895157266187,-2.436413704158748,-1.252508433010254,-2.255070435077322,1.7989173590141518,-0.008880947374020318,-0.01323136109729739,-0.16122000314278712,-0.027945097458510454,0.03808256396548899,-0.00024704204562085193,87.70749250450476,0.06578061937837859,-0.08934034221166377,-0.17704783471616856,0.0036295998431112664,-0.0016328497071590072,10399.397778000004,17659.70982200001,0.995,0.9445,0.9985,0.9745
cross9_weekend_SP500_1h,full,100,12.0,-1.8746121449422164,1.9992827954525239,-3.334092958007729,0.9523012066546592,-2.7067021238951376,1.0625527626211315,-0.011755964659376918,-0.03040367079195283,0.07280643786694391,-0.03239059629476719,0.033405969680622684,-5.424612328413794e-05,87.65642646947433,0.06574231985210573,-0.0937500948233992,-0.18140652129287355,-0.0008342827657564414,-0.0060936683539249,9555.462125000004,17863.59042400001,1.0,1.0,1.0,1.0
cross9_weekend_SP500_1h,first,50,,-0.9757334942509713,2.667194011673548,-3.5957694509976936,2.6842726825771326,-1.2747837069863133,0.35269501031968287,-0.005890942629271725,-0.043913061420250976,0.06411086340534365,-0.016434258927035192,0.049380963687887566,-7.445166666505706e-05,87.65436126434359,0.06574077094825768,-0.0777923118120757,-0.16544667307641928,0.015121311128128498,0.009862049452267882,9555.462125000004,17863.59042400001,1.0,1.0,1.0,1.0
cross9_weekend_SP500_1h,second,50,,-4.166937602272548,0.89089186116796,-5.419554945648314,-3.42339068704338,-4.3823442268540855,1.7989173590141518,-0.017620429235634186,-0.026742082812279744,0.09110933530658838,-0.04834693366249919,0.01743097567335781,-3.4040579903218814e-05,87.65849167460505,0.06574386875595377,-0.1097078778347227,-0.19736636950932776,-0.01678987665964138,-0.022049386160117684,9555.462125000004,17863.59042400001,1.0,1.0,1.0,1.0
cross9_weekend_SP500_3h,full,100,12.0,0.5961652825553166,0.8122001195276648,-0.5209933279802781,1.3859826262613522,0.6724351483712515,1.0625527626211315,0.007251470964256897,-0.007602593276312408,0.00791039797299185,0.020758495011967238,0.0867472105349095,-0.0002115023799206949,87.70295085736207,0.06577721314302155,-0.04063357058818619,-0.12833652144554827,0.05233155732061758,0.047069380269175856,9555.462125000004,17863.59042400001,1.0,0.99925,1.0,0.9995
cross9_weekend_SP500_3h,first,50,,1.5792636953543138,1.1373300349608573,0.06881813403169863,2.8132296925176465,1.6843298244476368,0.35269501031968287,0.02522934837292443,-0.0006195683803307261,0.00017430683115899392,0.07195870741126488,0.1379416892240819,-0.00023980868562413775,87.65756416959053,0.06574317312719291,0.010598412492551508,-0.07705915167703904,0.10351543051231749,0.09825597666214204,9555.462125000004,17863.59042400001,1.0,0.99925,1.0,0.9995
cross9_weekend_SP500_3h,second,50,,-3.0009816500290825,0.7494047456559798,-3.6259128454664005,-1.9472286856674195,-3.2907641215547825,1.7989173590141518,-0.011164163893612404,-0.01489909573575865,0.0797497911639309,-0.030441717387330404,0.03555273184573704,-0.00018319607421725197,87.74833754513358,0.06581125315885018,-0.0918655536689239,-0.17961389121405746,0.0011476841289176825,-0.004117216123790332,9555.462125000004,17863.59042400001,1.0,0.99925,1.0,0.9995
cross9_weekend_SP500_close,full,100,12.0,0.6400827583555396,0.8384937522874263,-0.46131941574117125,1.5713000699053619,0.7447264155336294,1.0625527626211315,0.010765428069108093,-0.009708236637911316,-0.012006659900421055,0.030933541893867166,0.0970319479693882,-0.0003418386711322545,87.67542320585173,0.0657565674043888,-0.03043925435022904,-0.11811467755608075,0.062496694247973786,0.057236168855622695,9555.462125000004,17863.59042400001,1.0,0.9985,1.0,0.99925
cross9_weekend_SP500_close,first,50,,2.288970954555959,0.9323087592496122,1.0275299392015818,3.2519178270006286,2.4701975866693946,0.35269501031968287,0.048980230262185516,0.015922901828812508,-0.024332739622447967,0.14012644669070545,0.20625217078072952,-0.00038801655946196393,87.65027670741618,0.06573770753056216,0.07877125299551412,-0.008879023711902054,0.17168054630537527,0.1664215297029303,9555.462125000004,17863.59042400001,1.0,0.9985,1.0,0.99925
cross9_weekend_SP500_close,second,50,,-5.117671410295154,0.25827936480089564,-5.397090196961477,-4.774231308264528,-5.51693818357554,1.7989173590141518,-0.0285160525278349,-0.03549486879535779,0.06558084764809113,-0.07825936290297111,-0.01218827484195312,-0.00029566078280254506,87.70056970428728,0.06577542727821546,-0.13964976169597218,-0.2273503314002595,-0.0466871578094277,-0.051949191991684934,9555.462125000004,17863.59042400001,1.0,0.9985,1.0,0.99925
cross9_external_weekend_none_1h,full,100,12.0,-2.933187720761982,0.6272643673747206,-3.4208445918620503,-2.047616375692348,-3.992149695911611,1.0625527626211315,-0.017940161055672407,-0.030933817034060507,0.1329286228960647,-0.04864394421823273,0.016729639903480354,0.00031188067183142166,87.58061972472602,0.06568546479354452,-0.10995037802554095,-0.19753099775026695,-0.01711492111733137,-0.02236975830081493,397.92618090000013,3020.2157389500007,1.0,1.0,1.0,1.0
cross9_external_weekend_none_1h,first,50,,-4.4231119594030055,1.1568861392115735,-5.521988456588703,-2.823944630714031,-5.218998225148973,0.35269501031968287,-0.028042204960995187,-0.04637920217075142,0.23883288093153252,-0.07766876718327968,-0.012437583992857411,0.0004558914566829601,87.5827661961403,0.06568707464710523,-0.1389767035205779,-0.22655946971671823,-0.04613897135266917,-0.05139393732443759,397.92618090000013,3020.2157389500007,1.0,1.0,1.0,1.0
cross9_external_weekend_none_1h,second,50,,-1.006780336133211,2.28350024424846,-4.235596133101009,0.658827759250423,-2.2838972138929305,1.7989173590141518,-0.00672080738611867,-0.031299327366550056,-0.0580567143728226,-0.01961912125318579,0.04589686379981812,0.00016786988697988327,87.57847325331173,0.0656838549399838,-0.08092405253050397,-0.16850252578381575,0.011909129118006432,0.006654420722807729,397.92618090000013,3020.2157389500007,1.0,1.0,1.0,1.0
cross9_external_weekend_none_3h,full,100,12.0,-2.875850051203623,0.3935596118366562,-3.4312646452165954,-2.5670023676937044,-3.1537972805995547,1.0625527626211315,-0.024428204864799748,-0.03194425114189192,0.03893163886145047,-0.0677921897531115,-0.002983255325313973,0.0008759367925445161,87.5798282937894,0.06568487122034206,-0.12909806955876404,-0.21667789785255348,-0.036263451567347324,-0.04151824126497469,397.92618090000013,3020.2157389500007,1.0,1.0,1.0,1.0
cross9_external_weekend_none_3h,first,50,,-5.855702573200619,0.8944111680580952,-6.737433691841893,-4.629426495657012,-6.337445962045947,0.35269501031968287,-0.05353458208057946,-0.06888888189273423,0.27765447205782773,-0.14928459912008665,-0.08491171602812775,0.0013421877188060753,87.62009441435329,0.06571507081076497,-0.21061866521013392,-0.2982387596244872,-0.11774136513091944,-0.12299857079578067,397.92618090000013,3020.2157389500007,1.0,1.0,1.0,1.0
cross9_external_weekend_none_3h,second,50,,0.670801722712584,0.4077260305909947,0.2857194869911145,1.2350208300091328,0.7413425900175579,1.7989173590141518,0.007827702434925969,0.0028102402868993015,-0.294318862430377,0.013700219613863628,0.0789452053774998,0.0004096858662829567,87.5395621732255,0.06565467162991914,-0.04757747390739423,-0.13511703608061976,0.04521446199622481,0.03996208826583128,397.92618090000013,3020.2157389500007,1.0,1.0,1.0,1.0
cross9_external_weekend_XYZ100_1h,full,100,12.0,-5.192394471399753,0.39635447559222214,-5.6296234400052985,-4.6700228024213315,-5.788088963419673,1.0625527626211315,-0.018908535194430684,-0.023845448686254933,0.21071805462951368,-0.05124121377532961,0.014218260688155945,0.00022718145102507286,87.58220788601416,0.06568665591451062,-0.11254875929553952,-0.20013096718155368,-0.019711618936364517,-0.02496655140952536,530.5682412000001,3917.857982000001,1.0,1.0,1.0,1.0
cross9_external_weekend_XYZ100_1h,first,50,,-5.329623241955401,0.43955822509995135,-5.847287839707718,-4.772739482665142,-6.1858444608672,0.35269501031968287,-0.021349837764898922,-0.032177941677097754,0.29229075127730914,-0.05917962655497151,0.006205128458388296,0.000304050142601241,87.5850735412814,0.06568880515596105,-0.1204891780338685,-0.2080742515751499,-0.027649000080110214,-0.032904104492587086,530.5682412000001,3917.857982000001,1.0,1.0,1.0,1.0
cross9_external_weekend_XYZ100_1h,second,50,,-5.061778304767867,0.5810578298900704,-5.867046259452728,-4.517370058310472,-5.311432523658987,1.7989173590141518,-0.015992871290376007,-0.0200029761065581,0.10901850389230458,-0.04330280099568771,0.022231392917923594,0.00015031275944890483,87.57934223074693,0.06568450667306022,-0.10460834055721056,-0.1921876827879575,-0.01177423779261881,-0.017028998326463627,530.5682412000001,3917.857982000001,1.0,1.0,1.0,1.0
cross9_external_weekend_XYZ100_3h,full,100,12.0,-4.051866013877675,0.9361550516806673,-5.183073081656561,-2.8905634380751444,-4.52619209379837,1.0625527626211315,-0.0182504814800756,-0.02763281855963129,0.10623816375787537,-0.050181082862296375,0.014909784217408904,0.0005954212918859063,87.58171782878824,0.06568628837159118,-0.11148828534244813,-0.19907000317123638,-0.0186516644439326,-0.0239065675136599,530.5682412000001,3917.857982000001,1.0,1.0,1.0,1.0
cross9_external_weekend_XYZ100_3h,first,50,,-5.903702028909048,0.3005831293000242,-6.3266661982052605,-5.655459774941879,-6.677535110993303,0.35269501031968287,-0.028917679964874068,-0.0414948428609605,0.27967676717931333,-0.08076696266546649,-0.01580569689031687,0.0007546016185679201,87.62115652495675,0.06571586739371753,-0.14210177223293619,-0.2297229287578929,-0.04922334631648208,-0.05448061570797948,530.5682412000001,3917.857982000001,1.0,1.0,1.0,1.0
cross9_external_weekend_XYZ100_3h,second,50,,-2.0532715024107895,1.4318834596292866,-3.761512074851801,-0.2574129441955075,-1.9914789818496677,1.7989173590141518,-0.006421249868994672,-0.012442639153731339,-0.12532575799751577,-0.019595203059126255,0.045625265325134674,0.00043624096520389257,87.54227913261975,0.06565670934946483,-0.08087479845196009,-0.16841707758457983,0.011920017428616866,0.006667480680659677,530.5682412000001,3917.857982000001,1.0,1.0,1.0,1.0
cross9_external_weekend_SP500_1h,full,100,12.0,-5.433795555670674,0.3381042371296485,-5.90147852106083,-5.1137786956312805,-6.179036555404838,1.0625527626211315,-0.01945994174741588,-0.024600071369475618,0.18071109480169328,-0.05321826557515304,0.012118342181813959,0.00035577792472412,87.58984757558814,0.0656923856816911,-0.11453115887806474,-0.20212100645365286,-0.0216859204479413,-0.026941311302476588,442.14020100000016,5069.951538400001,1.0,1.0,1.0,1.0
cross9_external_weekend_SP500_1h,first,50,,-5.836026364304556,0.623688451724096,-6.289401803896335,-4.954114285756474,-6.610247714385642,0.35269501031968287,-0.023233888088500035,-0.03474257131309444,0.2522186012914451,-0.06480768960420721,0.0003561107015366966,0.0005293069026237695,87.5908096111569,0.06569310720836767,-0.12612125633201704,-0.2137120659431739,-0.03327499814419073,-0.03853044672086014,442.14020100000016,5069.951538400001,1.0,1.0,1.0,1.0
cross9_external_weekend_SP500_1h,second,50,,-4.940850433983162,0.6056319469599942,-5.492582419413868,-4.097640678671137,-5.71818028648928,1.7989173590141518,-0.015174464308759869,-0.023833764390174483,0.07874967948575635,-0.04162884154609886,0.023880573662091217,0.00018224894682447072,87.58888554001939,0.06569166415501455,-0.10294106142411243,-0.19052994696413184,-0.010096842751691872,-0.015352175884093038,442.14020100000016,5069.951538400001,1.0,1.0,1.0,1.0
cross9_external_weekend_SP500_3h,full,100,12.0,-4.258927580908277,0.5265853903428683,-4.86756935951686,-3.5829823530805758,-4.6228579381670425,1.0625527626211315,-0.01923940531688706,-0.026040135621080207,0.08569177637351783,-0.05324055629018161,0.011569304925689585,0.0008841224454965504,87.59197821515698,0.06569398366136774,-0.11455494104079149,-0.2021469192559485,-0.02170744413272509,-0.026962962825634505,442.14020100000016,5069.951538400001,1.0,1.0,1.0,1.0
cross9_external_weekend_SP500_3h,first,50,,-6.284431395302076,0.2641613050536468,-6.6575371248821105,-6.081572747875774,-6.923491751931582,0.35269501031968287,-0.028778326114328574,-0.03710238311667524,0.2707512293290615,-0.08049090264739064,-0.016081618274600664,0.0013055513471415718,87.61978095990874,0.06571483571993154,-0.14182474931932673,-0.22944453027923548,-0.048947781501823495,-0.05420496835941802,442.14020100000016,5069.951538400001,1.0,1.0,1.0,1.0
cross9_external_weekend_SP500_3h,second,50,,-2.218344741882896,0.8820512066587012,-3.3818620722831096,-1.2471094237934583,-2.2912424106493186,1.7989173590141518,-0.008552491220405935,-0.013570576020383585,-0.12032455640319713,-0.025990209932972578,0.039220228125979834,0.00046269354385152894,87.56417547040525,0.06567313160280394,-0.08728513276225625,-0.17484930823266145,0.005532893236373317,0.00027904270814900245,442.14020100000016,5069.951538400001,1.0,1.0,1.0,1.0
