a,b,formation_coint_t,p_raw,p_fwer_bonferroni,p_fwer_global
ARB,AVAX,-1.9297058019017257,0.5648681143872215,1,1
ARB,BLUR,-1.8147058558794151,0.6225518051128229,1,1
ARB,BTC,-1.6263458631378913,0.7096425409955085,1,1
ARB,ETH,-1.8609466160328643,0.5996744639059278,1,1
ARB,INJ,-1.6917782025494945,0.680649654511033,1,1
ARB,LINK,-1.2967147942296193,0.8307247485435039,1,1
ARB,OP,-2.42972264674324,0.3109099320973916,1,1
ARB,SOL,-1.5659463112400775,0.7350467248838606,1,1
ARB,SUI,-1.6710512304502965,0.6899918167482163,1,1
AVAX,BLUR,-2.8941955074226535,0.13754397674545965,1,1
AVAX,BTC,-2.300450285069599,0.3733281171931747,1,1
AVAX,ETH,-3.372756414926922,0.04546778478393951,1,1
AVAX,INJ,-2.2538263547278894,0.39680485208143823,1,1
AVAX,LINK,-1.9979087596361074,0.5296649729637476,1,1
AVAX,OP,-2.471978984719469,0.29156498611018405,1,1
AVAX,SOL,-2.201189971186838,0.42374995233071466,1,1
AVAX,SUI,-1.4330051150375638,0.7859762874354235,1,1
BLUR,BTC,-2.889473916229745,0.13886804484135246,1,1
BLUR,ETH,-3.600463250070129,0.024469281683054466,1,1
BLUR,INJ,-2.33826544146051,0.35462211351640727,1,1
BLUR,LINK,-2.1215685612509,0.46509893123061474,1,1
BLUR,OP,-2.186988379538294,0.4310831339125289,1,1
BLUR,SOL,-2.9584900167985273,0.12040507528979838,1,1
BLUR,SUI,-1.2152974041411246,0.853849649259308,1,1
BTC,ETH,-2.8647882664513094,0.14593827583540647,1,1
BTC,INJ,-2.403552177072258,0.32317443100158605,1,1
BTC,LINK,-2.874323719007427,0.1431777647524179,1,1
BTC,OP,-2.1490868693767835,0.4507522704908971,1,1
BTC,SOL,-3.3104710366709758,0.05331296227090746,1,1
BTC,SUI,-1.8221549871109601,0.618899507264294,1,1
ETH,INJ,-2.9832226475138683,0.11424751343239442,1,1
ETH,LINK,-1.762611926867393,0.6476985926918477,1,1
ETH,OP,-2.4186998596261775,0.3160501868335608,1,1
ETH,SOL,-3.5382008002501824,0.029155916277075936,1,1
ETH,SUI,-1.6403219044983706,0.7035743422832609,1,1
INJ,LINK,-1.937419744853844,0.5609149566960241,1,1
INJ,OP,-2.6114739086759,0.23223244458226383,1,1
INJ,SOL,-3.2028300617494003,0.06945579614407396,1,1
INJ,SUI,-1.454425742266098,0.7782499905294489,1,1
LINK,OP,-1.8762773965722108,0.591988414596436,1,1
LINK,SOL,-2.201634120261622,0.42352098910766484,1,1
LINK,SUI,-1.8200808010567198,0.6199178155842305,1,1
OP,SOL,-1.6940552987231718,0.679614683643791,1,1
OP,SUI,-1.5130959240946475,0.7561361517202487,1,1
SOL,SUI,-1.3373438517365335,0.8181826013529409,1,1
