candidate,next_hour_residual_gross_annual_diagnostic,sharpe_phase_mean,phase_sd,phase_min,phase_max,annual_net,annual_cost,daily_turnover_equity,correlation_baseline_daily,baseline_overlap_days,p_fwer_global
btc_hourly_lag1_hold1,0.023292369506774935,-20.64690514851691,0.0,-20.64690514851691,-20.64690514851691,-17.32411244400224,17.50856045804686,63.95821171889263,-0.059249953058871416,176,1
btc_hourly_lag1_hold4,0.023292369506774935,-5.0150107463880005,0.9412120614492813,-6.020257854240207,-3.599616433359039,-3.8756021920862205,4.3706421540874265,15.9658160879906,-0.04872298956282076,176,1
btc_hourly_lag1_hold12,0.023292369506774935,-1.8762322940550966,1.1146362309538458,-4.363309439842909,-0.6811964865338724,-1.3691360857919654,1.4844874222845634,5.422785104235849,-0.09531655749451792,176,1
btc_hourly_lag4_hold1,-0.15192094219437982,-11.724650277536615,0.0,-11.724650277536615,-11.724650277536615,-9.336268029947599,9.002703848628073,32.88658940138109,-0.12127610560803398,176,1
btc_hourly_lag4_hold4,-0.15192094219437982,-5.765065182404905,1.8288825769825574,-8.735832314267185,-4.010720406020008,-4.304718650636805,4.529341184976362,16.545538575256117,-0.10575639857897712,176,1
btc_hourly_lag4_hold12,-0.15192094219437982,-1.9653815089535387,1.0780346316891405,-3.5894742131329513,-0.1894090464448374,-1.4102059855334126,1.4962065889075749,5.465594845324474,-0.06655814487683251,176,1
btc_hourly_lag12_hold1,0.23582058008319265,-6.915965632946867,0.0,-6.915965632946867,-6.915965632946867,-5.028325994832863,5.731702198600082,20.937724926392992,0.007229384004668938,176,1
btc_hourly_lag12_hold4,0.23582058008319265,-2.7200119579499447,1.3004073964350238,-4.361961592469259,-1.0300612783678853,-1.9028162754817084,2.691585352831482,9.832275261484867,0.006938745869762752,176,1
btc_hourly_lag12_hold12,0.23582058008319265,-1.115673726004114,1.0920886027479813,-3.541988555047584,0.6892367864461207,-0.7633802379877195,1.5092912542690744,5.513392709658719,0.00629136517145386,176,1
btc_hourly_lag24_hold1,0.8490376570781422,-2.6292643953017927,0.0,-2.6292643953017927,-2.6292643953017927,-2.0062271669288987,4.0490049120772404,14.790885523569827,0.014581387676117571,176,1
btc_hourly_lag24_hold4,0.8490376570781422,-0.4761013313907497,0.44783643412069385,-0.8594433266380267,0.2722990736672569,-0.35678936013136303,1.942421990293802,7.095605443995624,0.028220796464395168,176,1
btc_hourly_lag24_hold12,0.8490376570781422,0.3725610704724653,0.5674661824054816,-0.5035430679142682,1.860049266043331,0.28439006662259647,1.0239124004803597,3.7403192711611313,0.05433397434132633,176,1
