candidate,kind,full_sharpe,full_phase_sd,full_phase_min,full_phase_max,full_net_annual,full_cagr,full_turnover,full_annual_cost,full_corr,2023-24_sharpe,2023-24_phase_sd,2023-24_phase_min,2023-24_phase_max,2023-24_net_annual,2023-24_cagr,2023-24_turnover,2023-24_annual_cost,2023-24_corr,2025-26_sharpe,2025-26_phase_sd,2025-26_phase_min,2025-26_phase_max,2025-26_net_annual,2025-26_cagr,2025-26_turnover,2025-26_annual_cost,2025-26_corr,missing_max,p_fwer_L15,delta_ci_low_L15,delta_ci_high_L15,p_fwer_L30,delta_ci_low_L30,delta_ci_high_L30,p_fwer_L60,delta_ci_low_L60,delta_ci_high_L60,p_fwer_global,passes
btc_daily_w60_lag1,blend20,1.2566865791939934,0.24106339970624432,0.9371745186363546,1.5194055949848773,0.9518984255352888,0.9704559714066278,0.7762013688558346,0.2124851247242847,0.9580462075809929,0.09356200009483084,0.6611487053038667,-0.7926268564784593,0.794878036020074,0.047789011785870104,-0.09510646214040304,0.6559543763784386,0.17956751053359754,0.9509041987425412,2.107065007897646,0.09590275880849583,1.9950756186292136,2.229315202221197,1.6655947802267177,2.865321919000623,0.8711233317163063,0.23847001205733886,0.9623142506407576,0.1668111182344671,1.0,-0.4502119974074687,-0.13110325260576777,1.0,-0.45045679620155177,-0.1330726290556042,1.0,-0.4645118304336382,-0.12816645984593383,1.0,False
btc_daily_w60_lag3,blend20,1.2033999918967624,0.28179374016743286,0.8177799771751035,1.483298868700688,0.9197752269382476,0.9089887031080536,0.7794593756304996,0.21337700407884927,0.9598382677925884,0.11256316919931741,0.5126724910081752,-0.6117642505466938,0.5023306162804534,0.07270177245708463,-0.11404091374857879,0.6501427154330733,0.17797656834980383,0.9567230500205466,1.9944305129889377,0.1673008401373852,1.8746438032431907,2.231023372083607,1.5884478758734557,2.5716796960800505,0.8815408577832259,0.2413218098181581,0.9619280467917922,0.19237564251563458,1.0,-0.5442703306352039,-0.14630838882630248,1.0,-0.5454173896336589,-0.158053151575077,1.0,-0.5481364158223909,-0.1680700451020472,1.0,False
btc_daily_w120_lag1,blend20,1.3852059277114372,0.32015049967492054,0.9331023268256046,1.632382694727102,1.0472557670253029,1.1898805032553288,0.7712915491815759,0.2111410615884564,0.9596381642385666,0.2746875855875603,0.6101658527441971,-0.5427041214970845,0.9228759226748101,0.18147901026205362,0.016012717010346678,0.6494639082042623,0.17779074487091678,0.9535753162230948,2.21078748132069,0.1614860851719207,2.0706245051555383,2.4370175801579714,1.7306926452190694,3.159755223537448,0.8674612626519672,0.23746752065097604,0.9640459580044025,0.16636157888457576,1.0,-0.3099311887976272,-0.010843184854792909,1.0,-0.29927120192765216,-0.025873708417237948,1.0,-0.2923184790797451,-0.024984994373582228,1.0,False
btc_daily_w120_lag3,blend20,1.4012983132565295,0.26658496249520086,1.0243745080858493,1.5966629084029542,1.062665612563802,1.2043584406224819,0.7749647305599866,0.21214659499079633,0.9644549192983615,0.5245174062470386,0.6021595905765066,-0.2558447791607137,1.2099448426609205,0.36370846246085115,0.20897943088162485,0.6469267405796324,0.17709619523367437,0.957303626662329,2.064057453151024,0.21945109643628105,1.8386515815701927,2.3615097336853204,1.614416498604509,2.7178340596582786,0.8760368412153053,0.23981508528268983,0.9700148167528866,0.20117670674302393,1.0,-0.3235829718178125,0.03734690999194757,1.0,-0.31352551932183137,0.023677403557963276,1.0,-0.33282333518537444,0.03441547083458741,1.0,False
cluster_w60_g4_h3_momentum,blend20,1.6190770218083195,0.3656852657688674,1.103073661976071,1.9069780308480913,1.2074177954145036,1.614837050839606,0.7234435941233621,0.1980426838912704,0.9676083049473275,0.6193327758381146,0.703233783992739,-0.3751449137004713,1.124770777918761,0.44234881689933964,0.34242879984508906,0.6386134983090936,0.1748204451621144,0.9579203203396068,2.3883007867876156,0.1083931041115699,2.265762562312348,2.5293313257003605,1.8113568018554906,3.583299921398657,0.790407757121833,0.21637412351210178,0.9761646595426869,0.15544440966548642,0.978,-0.13930585692549455,0.2985331222857543,0.984,-0.1533200198075949,0.3193081273893023,0.9785,-0.14733820700550657,0.3079414316598896,1.0,False
cluster_w60_g4_h3_rotation,blend20,1.6566762546403204,0.31637431756211004,1.214945301291295,1.9391403259364406,1.2256300619949188,1.640571863422684,0.7212349808995366,0.19743807602124816,0.9676340628963745,0.49342642781315327,0.750576755837916,-0.5563885901305715,1.1542181547101238,0.3276361702587353,0.22926540010932342,0.6348137781042085,0.1737802717560271,0.9553607334385473,2.5275763981747192,0.06642029319865649,2.448158194512756,2.6107256279776974,1.934498875128318,4.139632482937906,0.7894551503448349,0.21611334740689855,0.9759639268914543,0.11696209777358696,0.914,-0.10305215385325245,0.34480064949576017,0.9145,-0.09289725274100145,0.3549735973130571,0.8915,-0.08557522719067812,0.34281380399887584,1.0,False
cluster_w60_g4_h14_momentum,blend20,1.6864125369666716,0.3146007322548577,1.242010504128472,1.9270677130766325,1.2740605396939433,1.7483592405205837,0.7056339479192889,0.19316729324290532,0.9680709924443809,0.5346681144781247,0.6759609826240572,-0.42127637298555365,1.0161727385654142,0.38432931635567263,0.24874589225589375,0.6181516295845996,0.16921900859878414,0.9597094149998134,2.583172886049447,0.052684592322308176,2.5209186997753896,2.64975151823301,1.976406872001533,4.3620638216436065,0.7746917530321639,0.21207186739255487,0.9760804021370593,0.15347555838457524,0.8645,-0.10378350675133566,0.3983550918088648,0.835,-0.08764617433857322,0.37184908886826923,0.8235,-0.0883052432142889,0.3810609507408545,1.0,False
cluster_w60_g4_h14_rotation,blend20,1.5970117631176037,0.3613823373030711,1.0862954820011994,1.8688759850980667,1.1693594022297382,1.5324113699389532,0.7141108832433387,0.19548785428786397,0.9659185186197035,0.5873196061701895,0.7708731504867843,-0.5027620891262917,1.144991542322292,0.3908240665081773,0.31822259676848874,0.6279645514364282,0.1719052959557222,0.9509174769405448,2.344118992579769,0.053130849881234336,2.303454119456795,2.4191698619045643,1.783928637604325,3.4393322118289387,0.7821140718459857,0.2141037271678386,0.975598076137221,0.11694501626790375,0.9925,-0.16056187589657192,0.2708178375643979,0.9925,-0.1610333719010466,0.28515883986624657,0.9915,-0.1412029859037255,0.2802470052002479,1.0,False
cluster_w60_g8_h3_momentum,blend20,1.6281868320324104,0.3527392913984606,1.1567987085360765,2.0052401499840036,1.233716208863536,1.6615980144722613,0.7521659054533458,0.20590541661785342,0.965753837673601,0.7336252775863366,0.7210261059536773,-0.2302343162147391,1.5037372751487206,0.5298065489594688,0.4672233104905256,0.6528589646617835,0.17872014157616326,0.9674694780562816,2.3283173030979327,0.04246978362161511,2.2684159645103277,2.3620621795368524,1.7893765644196329,3.444169613517918,0.8305579679190722,0.22736524371784603,0.9669211394816687,0.15793250910208861,0.9675,-0.13432548414403112,0.31227217976246946,0.9655,-0.13051763330778474,0.30307153716561325,0.952,-0.12235064348904295,0.2937250120076232,1.0,False
cluster_w60_g8_h3_rotation,blend20,1.511842947069206,0.3040364976465627,1.0890049471604366,1.7908142025495615,1.118836348215354,1.3680820192926098,0.7495926620514212,0.20520099123657656,0.9638908663256901,0.13903205282330547,0.6818728731864203,-0.8226131543043622,0.6819416476779463,0.07302242545695738,-0.057603950040244246,0.653193022105333,0.1788115898013349,0.9572305933707566,2.511226222267699,0.08835497198481534,2.3869633422882375,2.5847134584014126,1.9443930485519354,4.157247964153088,0.8256897257218121,0.2260325624163461,0.9681492059776132,0.15370787368147598,1.0,-0.2704429356442032,0.21142895907060272,1.0,-0.25642819493697544,0.20357049492169946,1.0,-0.24474945712466784,0.2126021725858633,1.0,False
cluster_w60_g8_h14_momentum,blend20,1.6123836814891577,0.2671852787104934,1.2712512204115891,1.923674617530483,1.2275504062817226,1.59740143027783,0.7238478291964463,0.19815334324252717,0.9711875378586999,0.5431521959126646,0.5927030545733131,-0.2735360685427744,1.1149300314465747,0.3945507214170632,0.22745090729010944,0.6319153714155374,0.1729868329250034,0.971766172607002,2.440576831457354,0.07666695656522136,2.3321891598470263,2.4971826841839264,1.88511334004384,3.8835598762193064,0.7964185368986924,0.21801957447601703,0.9733460874815751,0.15423250774327166,0.9855,-0.15095060265901716,0.28871691835877544,0.976,-0.13058340821468556,0.2688477250972307,0.9775,-0.13905562168297958,0.274893034098337,1.0,False
cluster_w60_g8_h14_rotation,blend20,1.5612206076724837,0.3527263435582997,1.0839856610081555,1.9255715865699239,1.1430551723709634,1.459241696774163,0.739208080559151,0.20235821205306756,0.9629340404961332,0.34332492067830883,0.772111747117476,-0.7444423228694922,0.9697109239542977,0.2115028645164652,0.11213718272168949,0.6477582081254705,0.17732380947434756,0.9522991521267073,2.4549510364280196,0.14966603267360837,2.253981027285738,2.6129527652921856,1.8784147164807543,3.8712128976599907,0.811397839453757,0.22212015855046596,0.9695128926588467,0.15849874364294456,0.9995,-0.22138213280103222,0.28163182801521663,0.9995,-0.22662033883609542,0.2720640986607175,0.999,-0.2005786562600051,0.2614146975532866,1.0,False
cluster_w120_g4_h3_momentum,blend20,1.4954862613464226,0.30275764536795075,1.0678373212282206,1.7274924737574677,1.1111299725629122,1.3530991215434671,0.720968804296254,0.1973652101760995,0.9706180659678658,0.5051041814442517,0.6819483560163964,-0.459246481970894,0.9973387819261809,0.3442133678781571,0.218939588798851,0.6257205505674204,0.17129100071783132,0.9671933992644757,2.2500010805331976,0.026408018968433974,2.228088726458968,2.2871481291279743,1.7165274795371497,3.143700169655037,0.7961569733864096,0.21794797146452963,0.9740247200417823,0.15339304370776896,1.0,-0.28140209850206516,0.19324075835968726,1.0,-0.2744192768293971,0.2082974501932506,1.0,-0.2666087258475495,0.2010700646075913,1.0,False
cluster_w120_g4_h3_rotation,blend20,1.598552090727499,0.37824597481744665,1.0664523144413953,1.9121140537106323,1.174145179037087,1.5429471793463059,0.716269377446802,0.19607874207606205,0.9725981012763149,0.475544132035892,0.7027713784098316,-0.5182744067104993,0.9811107393990681,0.3184378964820523,0.1980844652880861,0.6221244446889712,0.17030656673360586,0.9703724754396822,2.4400158126985154,0.1394142370883396,2.2909340650229835,2.6262950802820857,1.8496332991195323,3.765385705509704,0.790586594257196,0.21642308017790743,0.9752155699828956,0.1532930651581494,0.9925,-0.161914842012134,0.2811634911391792,0.9905,-0.15666039863635503,0.2785199355165813,0.9915,-0.1597128009246735,0.304650103125882,1.0,False
cluster_w120_g4_h14_momentum,blend20,1.648579596223272,0.3378026523842048,1.1878113064101483,1.9882129299768125,1.2245939434841064,1.6506925760107716,0.7019152765481286,0.1921493069550502,0.9733143479538509,0.5417845690286254,0.7205102811466435,-0.4434643068676803,1.2595002934936546,0.3825830159410651,0.2835867378430433,0.6088201790237457,0.16666452400775042,0.9680728081347069,2.4896042768040627,0.05209257640049147,2.439379383517676,2.561391661527985,1.8892702763027944,3.938541650166531,0.7754037622694044,0.21226677992124948,0.9784813742632851,0.1532930650623609,0.914,-0.0971009293517573,0.31462791250440597,0.8985,-0.09065457365315006,0.3080859501360709,0.9045,-0.0916462271803045,0.32281930705566647,1.0,False
cluster_w120_g4_h14_rotation,blend20,1.4792859150428501,0.3894647616799169,0.9437219953955944,1.858435136055046,1.091253643055868,1.3437021640083586,0.7109625945873423,0.19462601026828497,0.9722513750229925,0.4668101374132916,0.7745894912468781,-0.5973205359180506,1.2240481910801226,0.3066184890761754,0.21120433103693104,0.6214808188298002,0.17013037415465782,0.966565189932698,2.241560565520001,0.06740411791834948,2.1464850883904973,2.2950533779696047,1.710638023576499,3.1245623614449642,0.7815987545457141,0.21396265905688927,0.9766809870771977,0.15339304378212912,1.0,-0.31051202500384034,0.21457044206024184,1.0,-0.2954333514091676,0.20169369368233933,1.0,-0.2826172925616222,0.18176285084173602,1.0,False
cluster_w120_g8_h3_momentum,blend20,1.4930793090432883,0.3397392475386101,1.0160861386939062,1.7814985449607585,1.121174982369203,1.3807710293583175,0.7463940475363575,0.2043253705130779,0.9728765734222877,0.5403352840552804,0.6366945679172845,-0.35158366212927467,1.0932078260439326,0.38146786177494657,0.2359569765408203,0.6488152593595066,0.17761317724966494,0.9764949023791326,2.2356422629602695,0.07909410371203363,2.1280737085046435,2.315989115971695,1.7050935518242634,3.1123851538672738,0.8234219208865704,0.22541175084269863,0.9726949874822458,0.1559547156669449,1.0,-0.2731259136347569,0.17167575174687974,1.0,-0.2532873649687065,0.1767768180791816,1.0,-0.2437917121972111,0.1622825831885193,1.0,False
cluster_w120_g8_h3_rotation,blend20,1.6453818282431083,0.3228873201415478,1.199743167512179,1.9544506241648494,1.2166860337351733,1.6222571178857246,0.7408117231805988,0.20279720922068892,0.9740981704540389,0.45629272900344686,0.718204192382061,-0.5559752184613406,1.0346146160892715,0.3039597112114938,0.1886512318224125,0.6423400246656256,0.175840581752215,0.9756285565590793,2.5327210433915854,0.10684627253387564,2.3908272709064704,2.648654671336912,1.9371845036212603,4.163554931294816,0.8185444524295481,0.2240765438525888,0.9738694514495666,0.15581459121887525,0.8725,-0.07024940125661037,0.2863580911192142,0.837,-0.057172672453958163,0.2808332509106136,0.82,-0.05118807758035681,0.2847715050840931,1.0,False
cluster_w120_g8_h14_momentum,blend20,1.5427148058797948,0.3481801288731111,1.054226322670359,1.8406093461039341,1.1658495780275542,1.4840326197967706,0.7192301973805177,0.19688926653291672,0.9756024370560533,0.461073067509203,0.6091503992235788,-0.38945299970520136,1.004870357991652,0.3342515153060271,0.16803520258628876,0.6250754822057646,0.17111441325382806,0.9779119361548515,2.386299648551996,0.12207498357011123,2.2239687550542246,2.5183567761792514,1.8223060830776205,3.625501369263615,0.7935551363484196,0.21723571857537985,0.9772861211618001,0.15581442618565103,1.0,-0.1984254795484797,0.19813919814787623,0.9995,-0.17295435944961446,0.16766418528370944,1.0,-0.16763400136787915,0.16472392800429625,1.0,False
cluster_w120_g8_h14_rotation,blend20,1.5789891775582297,0.3424977227134841,1.096725517412218,1.859151209690833,1.1601405709151902,1.4928616463967643,0.7303283565731888,0.19992738761191042,0.9726815440670077,0.5119132331214309,0.7639802307914745,-0.5681341760580406,1.0768745599680114,0.3329804590178911,0.2422373649324039,0.6383262793566313,0.17474181897387783,0.9699349371421624,2.3867242255061085,0.09702151768409414,2.254455094347488,2.4844565765694564,1.8130937949714045,3.572948951028635,0.8029540212714387,0.21980866332305635,0.9751019516545639,0.15595509278614778,0.999,-0.18098441542950044,0.2713007229883104,0.9965,-0.14898708989742834,0.24685970861309844,0.994,-0.12106931903669399,0.22328701772123846,1.0,False
pair_ARB_ETH_w30_ratio,blend20,1.3828057406138694,0.28087327073822793,0.9859478895911722,1.5958146484304139,1.0525812428635526,1.178502147583431,0.7372377498628744,0.20181883402496187,0.9850162163258394,0.1482741890930992,0.7381549021515743,-0.8930471329556391,0.732546307737942,0.07947578956011757,-0.04099960127457044,0.6259608406755908,0.17135678013494296,0.9889896850727844,2.275876549659087,0.1049554505011128,2.1652808761839575,2.4169060470668744,1.820742489933035,3.4701625213057468,0.8250788045411355,0.22586532274313584,0.9828798619275306,0.19103417695521174,1.0,-0.2876389478199448,-0.023392721857784817,1.0,-0.2923108046812189,-0.026401642430341935,1.0,-0.2970226990010266,-0.03338482021951565,1.0,False
pair_ARB_ETH_w30_ols,blend20,1.3587880796519596,0.27846009657213344,0.9655189330292366,1.5731588253356008,1.0548018148587406,1.1609730707093575,0.7489174874721103,0.20501616219549018,0.9891011203579634,0.15959416066529522,0.7238982850287193,-0.8628583684007465,0.7153873406864084,0.09534127395444005,-0.03533466149721313,0.6363791219055499,0.17420878462164427,0.9922659748989755,2.216030961543492,0.08418314019387792,2.1307607957404264,2.3306170747176442,1.812191883029686,3.3650626152326395,0.837754325189239,0.22933524652055418,0.9873631350821434,0.19103417695521174,1.0,-0.31414862250708236,-0.06781714415946169,1.0,-0.3064569357422088,-0.07063760624536544,1.0,-0.304813552547958,-0.07524187893994085,1.0,False
pair_ARB_ETH_w60_ratio,blend20,1.3288831281365596,0.28506943869375895,0.926411544476003,1.5503512103731398,1.0039255142254586,1.086452346770555,0.7242967683610607,0.19827624033884036,0.9827012033727524,0.15344729533488835,0.7154258351427407,-0.8583119651573375,0.6622573676466628,0.08566059857835286,-0.04239117926610988,0.6233216659689547,0.17063430605900134,0.9894704202781117,2.188907697247231,0.09196425469320008,2.078983388945003,2.304066371606088,1.7287961028642034,3.1106489179273544,0.8040056635411007,0.2200965503943763,0.9790690501268836,0.19103417695521174,1.0,-0.3610734938769907,-0.06750337715787369,1.0,-0.37350505901599135,-0.06836833796928839,1.0,-0.38095242507951255,-0.0766778726659223,1.0,False
pair_ARB_ETH_w60_ols,blend20,1.4032117391084256,0.28802043125562365,0.9960473175479898,1.6166175740940925,1.0775562754619972,1.2265089482624045,0.7420918088992147,0.20314763268616,0.9863593696186123,0.2364871952853478,0.7503658547301088,-0.8246895326183706,0.768232293406386,0.1486055300397741,0.024579840935111747,0.6339573222903564,0.17354581697698507,0.9927299310615617,2.2564382517942234,0.09417496057371996,2.184317412787648,2.389464248871892,1.8108621681041892,3.4159802390838774,0.827452261666894,0.22651505663131222,0.9829041400252395,0.19103417695521174,1.0,-0.2637712565501584,-0.011225166078282408,1.0,-0.2575437864300552,-0.022518081835994894,1.0,-0.25864411576610696,-0.027063316132100817,1.0,False
pair_ARB_OP_w30_ratio,blend20,1.5516957679851082,0.31049879754992926,1.1130690759829902,1.7888759468724718,1.2300280472461618,1.5591297339726227,0.740081041828998,0.20259718520068823,0.9973050045880886,0.42724818425545075,0.7434766265106793,-0.624165295833037,0.9587438506000854,0.2857899679584644,0.17168124297694118,0.6297022419579408,0.17238098873598628,0.9943920302763868,2.328816763261756,0.050085817778824294,2.2590888155875803,2.3744693282358265,1.9754016324561068,4.007603894980211,0.8272131365790059,0.22644959613850285,0.998997114492392,0.19103417695521174,0.999,-0.05445310330231737,0.0685533577872651,0.997,-0.040227465646346536,0.05679309552322232,0.995,-0.029368729703604768,0.048896345285692984,1.0,False
pair_ARB_OP_w30_ols,blend20,1.548545171576124,0.3171337711924466,1.1006540024196259,1.7926369391634043,1.229416356568611,1.5578846615056392,0.7394371872726486,0.20242093001588757,0.9976268215621373,0.4277631484962629,0.7577250071913072,-0.6437898504719869,0.9707095563628325,0.286325516623773,0.17696578297166077,0.6282899329011699,0.17199436913169525,0.9952297931990922,2.326972435529587,0.046737977849271445,2.2611550820455335,2.3651456013659917,1.9738843207060335,3.999954733341672,0.8271758935315693,0.22643940085426711,0.9990142445842204,0.19103417695521174,1.0,-0.0708989121158756,0.07131133855948411,0.9995,-0.05495658029325952,0.056504625610771714,0.9985,-0.04798703900857297,0.05292009114367965,1.0,False
pair_ARB_OP_w60_ratio,blend20,1.5501291381393505,0.3117329024126728,1.1098460770124428,1.7897443235596417,1.2246867427575592,1.5500024702925126,0.737972136167977,0.2020198722759837,0.9965994447864704,0.4406282372650672,0.7513676140465817,-0.6218003261190741,0.9880936092655348,0.29010673953350713,0.18335704905498815,0.6237316698249078,0.1707465446145685,0.9921592901295587,2.3084752378065434,0.05283524674430964,2.2352531285897266,2.357979584825291,1.9624363240857499,3.9352967540807158,0.8281525978990114,0.22670677367485437,0.9992935809327443,0.19103417695521174,0.999,-0.05505067030844985,0.07351889634981348,0.9985,-0.045990505567113496,0.059243031965466604,0.9975,-0.03610227797770034,0.053877872959133724,1.0,False
pair_ARB_OP_w60_ols,blend20,1.5621029977302185,0.33183556832802014,1.093397070366536,1.8166631841797498,1.242129774999408,1.5958138465813783,0.738475181736037,0.20215758100024012,0.9977536448627782,0.47870673283484466,0.7880822017035686,-0.6357656947835088,1.044530205913257,0.32508507992803276,0.23279488511811666,0.6240010804709873,0.1708202957789328,0.9952941035810964,2.316878654150272,0.042854097142246673,2.257783580530121,2.358068341457029,1.9660371317952203,3.96057421083254,0.8288400729062634,0.2268949699580896,0.9991375287303651,0.19103417695521174,0.991,-0.05798667887183719,0.08670597952427363,0.99,-0.048968758700997955,0.082647577550366,0.983,-0.03995854187853297,0.08416351142709642,1.0,False
pair_BTC_ETH_w30_ratio,blend20,1.5069896343685636,0.3151283654801409,1.0615067578336528,1.740574740415607,1.1395918932032432,1.4016291921168424,0.7370799013964318,0.2017756230072732,0.9864797525150087,0.5930927013482283,0.7254758734907177,-0.4213225768415849,1.2333195009313622,0.40393032168554016,0.3107441357671498,0.6335389774579095,0.17343129507910274,0.9865342839527518,2.171319660279252,0.10998726494642411,2.0455702534106255,2.3134793728876444,1.7203169402983411,3.069370479412918,0.8188142344898673,0.2241503966916012,0.9866800962822365,0.16595014232541486,1.0,-0.1861530409211793,0.10914576354520134,1.0,-0.19136257126821807,0.1260050216718301,1.0,-0.20448344902648177,0.14361679229166915,1.0,False
pair_BTC_ETH_w30_ols,blend20,1.5379576125178103,0.27849841227868455,1.1523854787061427,1.8003327998632679,1.179754857981995,1.4686038821095106,0.751351675873703,0.2056825212704262,0.9852790892373059,0.42498459558957064,0.6882082346512255,-0.5195834920486605,1.1004660981138223,0.2875978436873849,0.15477738202921407,0.6340978568575157,0.17358428831474496,0.9874740740780327,2.328085899521559,0.044003949276899955,2.2659016598764903,2.3612664596160293,1.8840160892348388,3.723374014860345,0.8439108528193984,0.2310205959593103,0.9838550779224668,0.1673038038644137,1.0,-0.11379147507107697,0.10667163187298233,1.0,-0.1246015374030225,0.10864167499379446,1.0,-0.10749667303505667,0.1077471889032499,1.0,False
pair_BTC_ETH_w60_ratio,blend20,1.4585619355889667,0.31926568125429244,1.0071037506703249,1.6902065409275893,1.081403001685592,1.292573181343793,0.7163006899916567,0.19608731388521602,0.985156165429153,0.4935838996378836,0.6967022475728905,-0.4874547172081572,1.063245212409297,0.3349786225254479,0.21520468974509444,0.6230426388553127,0.17055792238664186,0.987565087679989,2.174489448723869,0.0773274350576435,2.098263440091954,2.2805104424440676,1.6706241184641144,2.9431961777383826,0.7899178099214385,0.2162400004659938,0.9844516777681528,0.1659501423255688,1.0,-0.24587266797284907,0.07309319429132678,1.0,-0.24789319951111194,0.07159036314361825,1.0,-0.24265210910995216,0.07899234741629214,1.0,False
pair_BTC_ETH_w60_ols,blend20,1.5844510027212622,0.28610355211729654,1.181197181598683,1.8147594511376097,1.1969279906281507,1.534735564182686,0.7381635693082483,0.202072277098133,0.9868721516370176,0.5206582050124867,0.6869524322898536,-0.450721635495532,1.0194389783472129,0.3470496597046962,0.23225768112924403,0.6231305072630445,0.17058197636325845,0.9875161746416316,2.3349642617671647,0.026194746583329306,2.3051528293928474,2.368914819715044,1.8678147853976794,3.6826257726468987,0.8289696994094546,0.2269304552133382,0.986418573346726,0.19103419829435536,0.986,-0.09551699149660293,0.17733564630241547,0.989,-0.10383173154606713,0.18600881451212237,0.9815,-0.08713183903840219,0.17599243544717472,1.0,False
btc_daily_w60_lag1,standalone,-0.7856742270958793,0.21994548443753859,-1.0446900165786428,-0.5070115812211164,-0.7834579837037654,-0.7157149450136444,0.976322056583057,0.26726816298961187,0.00551963313167892,-0.7130621483057671,0.3536706950227957,-1.177016647290142,-0.31926985646281636,-0.7358908304241002,-0.6880702359421882,0.7543865998284875,0.2065133317030485,-0.009251636855053886,-0.8440125912607236,0.32881058044378214,-1.1968506179783749,-0.4052891900351279,-0.821007093781005,-0.7188741523161895,1.15151603648604,0.31522751498805346,0.013487549530186013,0.32142844055868786,,,,,,,,,,,
btc_daily_w60_lag3,standalone,-0.9397667389471301,0.35797772275204315,-1.4453989276136443,-0.6651758353531471,-0.9101949536137249,-0.7379598772591033,0.9890513737131291,0.27075281355396913,0.052754384527394164,-0.8466405254556951,0.6132229657351385,-1.3519873872498742,0.01638691789120148,-0.8261065419449651,-0.6587698719647336,0.7289306194138522,0.19954475706454203,0.0945990007261675,-0.9827082516046163,0.516347123772718,-1.5153780825792735,-0.28380118407833554,-0.9765736373959286,-0.7299101860793709,1.1943885058120907,0.32696385346605983,0.022740410888126342,0.2847621163123343,,,,,,,,,,,
btc_daily_w120_lag1,standalone,-0.26635687359827487,0.158738608912219,-0.4812621203941562,-0.10270175814010064,-0.25645578303153044,-0.5102379434026877,0.8993732033303359,0.24620341441167942,0.03578970321515308,-0.3232539358870297,0.7543113702642773,-1.3778657256997462,0.3430625505437572,-0.31907265280835045,-0.44565040980320547,0.6292778445962971,0.17226480995823634,0.03582970456972043,-0.218816478485674,0.35351730474222937,-0.49851472161144883,0.2799036459773942,-0.20702655353532004,-0.44425654952528476,1.112584204140669,0.3045699258835081,0.03679842059404536,0.41154908778554694,,,,,,,,,,,
btc_daily_w120_lag3,standalone,-0.12828237792397326,0.13952170312852685,-0.2738296566298623,0.05986652182655329,-0.11824586290792029,-0.4134847598054461,0.9045307391381149,0.24761528983905895,0.06026854851334585,0.6388975123285258,0.7516047137187201,-0.4185134777581007,1.2612831389863606,0.5841248392828632,0.42964953859393445,0.5909999060608914,0.161786224284169,0.104055876649873,-0.7812984383931774,0.6288552155016977,-1.4662168581574304,0.0524380779017926,-0.672691378209849,-0.6048571270496758,1.1520293374798856,0.3153680311351187,0.031233857011221226,0.28890185763303494,,,,,,,,,,,
cluster_w60_g4_h3_momentum,standalone,0.43142930296830045,0.14028478161342103,0.23511115569676203,0.554369795397003,0.36631578221696365,0.0257967324876384,0.5352476865026433,0.14652405418009862,0.017904509062349992,0.7825485801011062,0.06734766979903638,0.704175377729463,0.8686051482545943,0.7486577387889493,0.35485044935779525,0.5998313106334483,0.16420382128590646,0.12326822788987489,0.09425083222401119,0.3120822549764677,-0.3469634160886962,0.3243706385039801,0.06449826267651958,-0.16085722365461694,0.4842659176879985,0.1325677949670896,-0.07165796426413963,0.2831047124729475,,,,,,,,,,,
cluster_w60_g4_h3_rotation,standalone,0.5432558854257201,0.09997779933366453,0.401936848803927,0.6177932840364658,0.4516218042139572,0.10766472047774782,0.5287284603583068,0.1447394160230865,-0.0937281574762302,0.1864354377298434,0.41393503400878556,-0.17710921978030872,0.7655612364164797,0.16494345210724556,-0.1919168719180223,0.5889931194107537,0.16123686643869384,-0.11263873322446605,0.9362691939999657,0.42216171614389364,0.47986006838621503,1.4977886295753762,0.677923280291954,0.5848894685813216,0.4811560461921005,0.13171646764508751,-0.08353725405606584,0.2770854512749586,,,,,,,,,,,
cluster_w60_g4_h14_momentum,standalone,0.9428166138574118,0.09035098649048749,0.8767513494628721,1.0705671787288382,0.8096539308282052,0.5652983855764215,0.4022169709094461,0.11010689578646086,0.08791948303379475,0.6588472697140729,0.015419945127874701,0.6431966006663447,0.6798238201660883,0.6568578237810745,0.18552711333726335,0.4393033725547693,0.12025929823686811,0.228868072908649,1.266010684657991,0.1560028240716196,1.1426570294832694,1.4860959352971514,0.9302698905253163,0.952922824421174,0.3729412778789724,0.10209267481936869,-0.037385812701607235,0.0,,,,,,,,,,,
cluster_w60_g4_h14_rotation,standalone,0.2365533650251769,0.18785275029090046,-0.0024764493174928718,0.45647516727481163,0.19817730362329092,-0.13539398603295516,0.4131953853383579,0.1131122367363755,-0.1723578985480827,0.6395742316214906,0.22463949276133285,0.32287408335975176,0.81960643273169,0.6073838159044692,0.18094617458783724,0.4512243821731918,0.12352267461991126,-0.23911679437213987,-0.16961205577114713,0.189111152825516,-0.3455836597017196,0.09278715778301264,-0.12484686987792004,-0.32023667719644355,0.3831756156060242,0.10489432477214912,-0.11610165904745699,0.2926252748930043,,,,,,,,,,,
cluster_w60_g8_h3_momentum,standalone,0.6486245956937684,0.5898130716882105,0.011652906586888294,1.4335002876481455,0.5768729577916452,0.4120135024033198,0.689325186949325,0.18870276992737772,0.07667723888049775,1.3179033085191447,0.8697702295952575,0.16054039608116158,2.2573252464144824,1.1581128737068245,1.919219809473996,0.5505775483063546,0.15072060384886457,0.2318123569069498,0.13572174440644816,0.4264754206577266,-0.21894174195925203,0.7355251259473925,0.11804706472911669,-0.1692944109527872,0.7988514040372235,0.21868557185518994,-0.024807795001870775,0.0,,,,,,,,,,,
cluster_w60_g8_h3_rotation,standalone,-0.31068029205562103,0.41448423539584994,-0.8778874901167679,0.10099659825084921,-0.296132804206414,-0.5044831786169245,0.7037360005968692,0.19264773016339296,-0.1625076125884666,-1.0768452679319076,0.5573757361067795,-1.7392361816291024,-0.3756089013322289,-1.1288837201809778,-0.7854392432159818,0.5831249969701705,0.1596304679205842,-0.23611536902579733,0.432674350439664,0.34775442636419096,-0.01680307846495829,0.8302634113272628,0.36123375348957537,0.048913181087204806,0.7989453107920479,0.21871127882932312,-0.115351775134122,0.0,,,,,,,,,,,
cluster_w60_g8_h14_momentum,standalone,0.8504026454498966,0.6357834303034146,-0.043376916487376495,1.3821418599462674,0.6898748190935008,0.6140937027766813,0.5225677574897775,0.1430529236128266,0.15809415334840404,0.7780168930672037,0.7468836756140883,-0.27206825582173993,1.4017697628733048,0.6157484672220431,0.5744872024239416,0.43808980364140676,0.1199270837468351,0.2907610779107866,0.9234232271439294,0.5250272266516837,0.18578384629454855,1.3657037299344268,0.7483895367954627,0.6631526788435165,0.5892539425869312,0.16130826678317242,0.058844738931792484,0.0,,,,,,,,,,,
cluster_w60_g8_h14_rotation,standalone,-0.3098168097654283,0.3428696050802029,-0.7470059952396436,0.09040531725565179,-0.2858205911297935,-0.4998188406839407,0.5322085755348154,0.1456920975526557,-0.2476459958290147,-0.5316780761744845,0.4282356274164235,-1.0160546379806124,0.025332596979770264,-0.5348692369958755,-0.6491193430714096,0.4606811083345343,0.12611145340657876,-0.3054307557525222,-0.1033770781772847,0.2793920590241706,-0.490507105022262,0.15865428248896896,-0.08922368815282411,-0.32975262117554854,0.5886717555712307,0.16114889308762442,-0.20776925136580368,0.0,,,,,,,,,,,
cluster_w120_g4_h3_momentum,standalone,0.3004293262557171,0.18277965020582596,0.09512058821056515,0.5390941447142703,0.24186628103075744,-0.062134416595993315,0.45149589338679746,0.1235970008146358,0.0068866393647942946,0.7546263453567117,0.13197797746505288,0.5784482276228343,0.896084242766943,0.6450200961655279,0.34490257187398804,0.412297039062334,0.11286631444331394,0.12397484081593606,-0.10328082458737325,0.3176340710086206,-0.5291865055210908,0.23332624269585422,-0.07637994433303946,-0.2855308619844561,0.4824391387661711,0.13206771423723934,-0.08001140312389873,0.0,,,,,,,,,,,
cluster_w120_g4_h3_rotation,standalone,0.2958656319662114,0.24718092687573812,-0.0037449575663526472,0.601628410992421,0.221316053462545,-0.041254817421568,0.4466173522504102,0.12226150017854981,-0.09905939244973005,0.3045738131464068,0.20073054916408176,0.021681045667708284,0.4664625948065735,0.22611399160125648,-0.0409626270176463,0.40382675438485055,0.11054757401285285,-0.08556522338423167,0.29072316748757404,0.30813235618185225,-0.02405753013251145,0.709079333395621,0.21752860151529374,-0.035712447165799764,0.48039588972306735,0.1315083748116897,-0.1054653953222469,0.0,,,,,,,,,,,
cluster_w120_g4_h14_momentum,standalone,0.9843309375143684,0.31334406250160346,0.5728251289525849,1.3324705665888579,0.7717514394541266,0.6535514390773837,0.33802622942076016,0.09253468030393311,0.06661163669122422,1.076495337716236,0.7617745541748642,0.20429571753875758,2.0602278477089953,0.9355504485089301,1.215158277800749,0.3121329268367678,0.08544638872156518,0.1763111156774695,0.9093317619659395,0.20234436999518404,0.6425154578263169,1.1323036398798458,0.6424498816043128,0.5034683330764859,0.35846618434665745,0.09813011796489747,-0.021404460024486986,0.0,,,,,,,,,,,
cluster_w120_g4_h14_rotation,standalone,-0.16405395137653053,0.4300845481466028,-0.5047124760466093,0.4426500409886806,-0.11781499034365583,-0.2873164285255541,0.3389475084267705,0.09278688043182844,-0.14195108058139322,0.21347880110791362,0.7030678794806914,-0.3771729718281635,1.201483925810949,0.1617421918340268,0.022420804574147152,0.3108230156276391,0.0850878005280662,-0.14017071424071284,-0.48190444994505843,0.2397562885222472,-0.7763477601995514,-0.1890738335079844,-0.3384950748708125,-0.4379205440756226,0.3611487461122003,0.09886446924821483,-0.1427453755591315,0.0,,,,,,,,,,,
cluster_w120_g8_h3_momentum,standalone,0.2671105716285558,0.2807878423650243,-0.03332559028148689,0.642198177180799,0.21174611316219286,-0.0656639015922637,0.6039777550013549,0.1653389104316209,0.07027847479225402,0.871985754695393,0.4645001466152392,0.21775362516344351,1.250344573333851,0.673391035108294,0.5617078399080287,0.45559187034022824,0.12471827450563748,0.2178698956239278,-0.18045259265308608,0.302348391082869,-0.5287442657423518,0.20849898689696394,-0.1526724991696748,-0.35521530687863495,0.7211123223001535,0.19740449822966705,-0.021736567177342476,0.0,,,,,,,,,,,
cluster_w120_g8_h3_rotation,standalone,0.42538798597006716,0.3928782889492414,-0.07563185890893878,0.8838987766038834,0.31259487661819624,0.0861432608644808,0.6060082711214246,0.16589476421949,-0.10593248656748583,0.10764097209722374,0.5420643818811857,-0.3843061116994664,0.8627723885436279,0.07617929411225001,-0.07206857218336811,0.44956220482109227,0.12306765356977402,-0.1370394812716681,0.6302939705518211,0.35230117624609164,0.13269221848411916,0.9007408723394792,0.49921934580385746,0.2506807072810154,0.7295054779045262,0.19970212457636405,-0.0905671803726887,0.0,,,,,,,,,,,
cluster_w120_g8_h14_momentum,standalone,0.5999722015091513,0.07343807540836497,0.4982765379447091,0.6690743584957695,0.46745433634524663,0.1962535179805894,0.4324715136149309,0.11838907685208734,0.1606062849967105,0.6226973174897014,0.37677486271926747,0.10669685499769152,0.9957913704495942,0.5198188403109275,0.2858004969458419,0.310557080594779,0.08501500081282075,0.2865864634939601,0.572377768880756,0.4357301564089114,0.06981086409494988,1.1324670396558787,0.4261182380509651,0.2247619877096997,0.5287097399927733,0.14473429132302168,0.07117199085327851,0.0,,,,,,,,,,,
cluster_w120_g8_h14_rotation,standalone,0.022576236177566156,0.23952201879258173,-0.2622794500144217,0.3237464011753756,0.013762523297783547,-0.2206679058490798,0.44309300623839204,0.12129671045775982,-0.21928962403537203,0.17724096113647822,0.28214107670613564,-0.19714569858919734,0.4839389039309292,0.12273122678864161,-0.12494181918707155,0.31521448620870984,0.08628996559963431,-0.22569633339726172,-0.09477930559044793,0.39897235446710855,-0.6587768306957253,0.20130857332495772,-0.07225645324882207,-0.26593700470607734,0.5440392326580791,0.14893073994014913,-0.21798135053244924,0.0,,,,,,,,,,,
pair_ARB_ETH_w30_ratio,standalone,-0.8558565393058407,0.19398139984012255,-1.1118524140057995,-0.6424609478408183,-0.46507334667124983,-0.4575094120475682,0.121334341442921,0.033215275969999625,-0.16062603056484848,-2.190416893996082,0.08693735699601216,-2.2775726001679724,-2.07173865327174,-0.8563732475168443,-0.6064868368069815,0.07310761610345941,0.020013209908322012,-0.1653464793640654,-0.21661000052948767,0.3816846944003295,-0.6270347591353721,0.2922278833867618,-0.15618450138596005,-0.28508408893679,0.15940411214770664,0.043636875700434695,-0.16614546418022988,0.0,,,,,,,,,,,
pair_ARB_ETH_w30_ols,standalone,-1.0764758848497393,0.13717244067645532,-1.2485201130682226,-0.9128328626407254,-0.5118349577292604,-0.46596037370136156,0.14448547346702292,0.039552898361597526,-0.13421901966376737,-2.3163117409621647,0.3662353579346053,-2.6607148708028623,-1.8090991773877698,-0.7289928746733504,-0.5394261340838576,0.10336015161028204,0.028294841503314707,-0.15186431525358166,-0.5650536342513796,0.4120451535214099,-1.0607679620125736,-0.05191870697941959,-0.3404123275050645,-0.3814585413995024,0.17694945608716472,0.048439913603861344,-0.13365093013011467,0.0,,,,,,,,,,,
pair_ARB_ETH_w60_ratio,standalone,-1.023661404897246,0.1342382553919815,-1.1733768434102376,-0.8477154597231329,-0.5959187059703063,-0.5331915852367912,0.07113842216866495,0.01947414306867203,-0.17573944954549134,-2.050133627664961,0.11440460051796847,-2.2086505026034158,-1.9428231100710145,-0.7966336707200213,-0.58186215064464,0.046787004443370715,0.012807942466372733,-0.15481148949518414,-0.6061050457866561,0.2827806224236493,-0.9114664092776876,-0.22978816640615696,-0.43747600368738,-0.48025732448046493,0.09036122617646353,0.024736385665806892,-0.1914466861883812,0.0,,,,,,,,,,,
pair_ARB_ETH_w60_ols,standalone,-0.826397802577325,0.16976345474172358,-1.0416537714020793,-0.626693237196956,-0.43519659282894213,-0.43615813770620787,0.12485273730959068,0.03417843683850045,-0.1406557332319828,-1.8831156812868777,0.4590159997682864,-2.3758463913198073,-1.270750507134183,-0.6002641269902668,-0.4746088765084255,0.07880190786043538,0.021572022276794185,-0.09602862957645468,-0.447834065625251,0.4687648612197391,-1.0128606948062393,0.13496148938052205,-0.3048936719465239,-0.3747541718495095,0.1612048741290487,0.044129834292827075,-0.16239011832825848,0.0,,,,,,,,,,,
pair_ARB_OP_w30_ratio,standalone,-0.055182707349821856,0.08655210657599748,-0.17098622795693058,0.03705648428403806,-0.011920177778168653,-0.03467980497308339,0.057601382152284025,0.015768378364187752,-0.013537540152188715,0.029576881432704927,0.15732469873901211,-0.19281069237483472,0.1466372271215261,0.0074767402533353925,-0.03214402863583917,0.09305165139535117,0.025472889569477384,-0.03025493865899159,-0.19704139442323845,0.077589133453595,-0.3030848539890047,-0.11960247893822253,-0.027231941466064207,-0.03608839543139971,0.029617238256820732,0.008107718972804675,0.007946782103392933,0.0,,,,,,,,,,,
pair_ARB_OP_w30_ols,standalone,-0.251849807401391,0.19095734977820028,-0.3957591668843779,0.01800544419720508,-0.04981095548680766,-0.0686827808379638,0.054378423228349744,0.014886093358760743,-0.010994616314726058,-0.2847541343058203,0.33239884230244293,-0.5775243994393181,0.18013949804743745,-0.07000473154010667,-0.0990364597487537,0.08754349230098622,0.02396503101739498,-0.028553086802819472,-0.24806379577356222,0.057657659137067344,-0.3030848539890047,-0.16843685034248818,-0.03387015878950767,-0.042387075946602217,0.02819819709612814,0.007719256455065078,0.009828153825801949,0.0,,,,,,,,,,,
pair_ARB_OP_w60_ratio,standalone,-0.05510736096598059,0.031734638042542715,-0.08405164046546598,-0.010931645829955674,-0.014287778583926367,-0.048035782559774955,0.04556528816719885,0.012473497635770684,-0.004420676640100859,0.026097220634383595,0.07046333475194076,-0.05797660925067344,0.11446248179054208,0.008842833762206072,-0.05740342512031149,0.07945764522374561,0.021751530380000363,-0.011335776788509255,-0.24215811714844585,0.15315798436227626,-0.45275578704239094,-0.09301275055638662,-0.03254688910989051,-0.040079815843128586,0.018810947027397513,0.005149496748750069,0.009775791290415737,0.0,,,,,,,,,,,
pair_ARB_OP_w60_ols,standalone,-0.003991907329489937,0.21031582689728334,-0.26630697608695014,0.248583187938548,0.0013490866128075167,-0.02026743861561342,0.04296323357436039,0.011761185190981158,-0.0029021421071064313,0.1420560250773366,0.381868547092761,-0.38279425348071555,0.5146379603848221,0.04829366236779312,0.01311898756258223,0.06441291315813862,0.017633034977040447,-0.011063250912350641,-0.26358257098025994,0.15956666147957624,-0.486792403655993,-0.12324949543822673,-0.03570856601125288,-0.04338083670416611,0.026031037210254657,0.0071259964363072125,0.009415099005657526,0.0,,,,,,,,,,,
pair_BTC_ETH_w30_ratio,standalone,-0.25115125695398227,0.035830699230040015,-0.2862257187061664,-0.20194234928984636,-0.12003648771536635,-0.20902842917991513,0.25214228802561084,0.06902395134701098,-0.0831944391971812,0.6976557074109729,0.6404629844889562,0.10680709948530165,1.5876072972362607,0.2994785565797013,0.2815273068913064,0.23068451487744981,0.06314988594770189,-0.09104741578511932,-0.9026000286028358,0.4029250230675339,-1.4588642591740273,-0.5174611814671392,-0.45119812954579425,-0.43609189388778624,0.26908087338125747,0.07366088908811923,-0.07401063350513613,0.0,,,,,,,,,,,
pair_BTC_ETH_w30_ols,standalone,-0.22047299435972592,0.45915705267758367,-0.8617593291023641,0.1884972707201269,-0.1254590339698249,-0.20636357641811806,0.29860982570113065,0.08174443978568452,-0.04220054064602213,-0.03789345286323605,1.1289551396638278,-1.4750378152631136,1.2829839850601907,-0.0015806494435777567,0.017776493025612794,0.21301828752777216,0.05831375621072763,-0.09122932699874564,-0.3744592158045667,0.2543609842155428,-0.6060648033463055,-0.020290308038368832,-0.2232475871215894,-0.3260898096801847,0.36617506488322027,0.10024042401178156,-0.020965540333928858,0.0,,,,,,,,,,,
pair_BTC_ETH_w60_ratio,standalone,-0.5461085397747861,0.30247708956070724,-0.9532808482177237,-0.2289591080750273,-0.2683139271346657,-0.3135778475686948,0.18492777256705575,0.05062397774023151,-0.08486433784761153,0.30046511320883024,0.45380060052879223,-0.12830346074623916,0.9283957821701042,0.11811686181568082,0.05812603702737773,0.14855987856010158,0.04066826675582781,-0.10544397165418558,-1.0460303800885233,0.3002494316216109,-1.4647953956878754,-0.7758080985696231,-0.5733591365088863,-0.5091194021598985,0.21363628172075125,0.05848293212105566,-0.0720335021491127,0.0,,,,,,,,,,,
pair_BTC_ETH_w60_ols,standalone,0.0005100399405357411,0.5701745242659011,-0.8035178262473224,0.45546615827288983,-0.008109476290344983,-0.08404406490127514,0.24370455534505484,0.06671412202570877,-0.09051060028211388,0.2962280058267745,0.26173166473039033,-0.07110173258269252,0.5193497368407869,0.11847147207083032,0.04383253399438055,0.17924268003460062,0.04906768365947192,-0.16978879132995517,-0.17058610949982353,0.7554273466555852,-1.2365194031063482,0.42439161936548875,-0.10803141056609337,-0.15829493080747312,0.2945902166665679,0.08064407181247296,-0.05089816704403055,0.0,,,,,,,,,,,
baseline,baseline,1.5444004362481545,0.3007476004734222,1.1196563118905254,1.775955835038076,1.2376474675184073,1.559183368109916,0.7399186904814982,0.20255274151931013,1.0,0.4255000615131239,0.6959668096947318,-0.5587273539618486,0.9228095623167782,0.2940683098180011,0.1559366553889836,0.6282320852514193,0.171978533337576,1.0,2.3270314402323904,0.05096564925361391,2.262026539764243,2.386497167198128,1.9825009055783218,4.027417748712613,0.8280831557645247,0.22668776389053863,1.0,0.19103417695521174,,,,,,,,,,,
