a,b,formation_corr
ARB,AVAX,0.3450574706145821
ARB,BLUR,0.387621681756316
ARB,BTC,0.46331778365381043
ARB,ETH,0.7076563332028956
ARB,INJ,0.28576341833341573
ARB,LINK,0.42953157987946883
ARB,OP,0.7094299154448902
ARB,SOL,0.4269855367928141
ARB,SUI,0.38149362898437167
AVAX,BLUR,0.2739350262277803
AVAX,BTC,0.5249136211980843
AVAX,ETH,0.3823506019111541
AVAX,INJ,0.5469507920073127
AVAX,LINK,0.4838428746293932
AVAX,OP,0.2854331583882523
AVAX,SOL,0.6614420998509435
AVAX,SUI,0.33185097732887997
BLUR,BTC,0.3020393678270928
BLUR,ETH,0.34583876073483094
BLUR,INJ,0.25798560488012867
BLUR,LINK,0.29114633217777114
BLUR,OP,0.21369635236163798
BLUR,SOL,0.29537214453759286
BLUR,SUI,0.44008057089743013
BTC,ETH,0.7343869791835546
BTC,INJ,0.5267150380398915
BTC,LINK,0.5083118805325911
BTC,OP,0.3274759909691803
BTC,SOL,0.6116037807021167
BTC,SUI,0.3837601336015861
ETH,INJ,0.38991325126777004
ETH,LINK,0.5364593747289792
ETH,OP,0.5997379354910103
ETH,SOL,0.4971330071882858
ETH,SUI,0.3572923972193954
INJ,LINK,0.4238987241364626
INJ,OP,0.26205241612626023
INJ,SOL,0.5356143863033028
INJ,SUI,0.27797766085583014
LINK,OP,0.3242140456011554
LINK,SOL,0.5237200779386452
LINK,SUI,0.34408341292238026
OP,SOL,0.4000916631888057
OP,SUI,0.20947495658769621
SOL,SUI,0.39639079290896007
