date,cascade_6h,ordinary_crash_6h,cascade_12h,ordinary_crash_12h,cascade_24h,ordinary_crash_24h
2026-04-08 00:00:00+00:00,0.011804028011323417,0.0011253999941832156,0.005663157113107415,0.0005626999970916078,0.0028315785565537076,0.0002813499985458039
2026-04-09 00:00:00+00:00,-0.025837197936921824,-0.0019546477510607937,-0.013724529899800851,-0.0005732997314973788,-0.006311757989154474,-0.00017659509792974752
2026-04-10 00:00:00+00:00,-0.021075911990751775,0.0,-0.012514207066290311,0.0,-0.009129111407632376,0.0
2026-04-11 00:00:00+00:00,0.0,0.0,0.0,0.0,0.0010380613154525747,0.0
2026-04-12 00:00:00+00:00,0.00034438541969359786,-0.0013582102361742617,0.00030397319987142147,-0.0007906460542270538,0.00012219206112231912,-0.00021637346591488765
2026-04-13 00:00:00+00:00,0.0015389710488356411,0.0,0.0003880655915112912,0.0,0.00035592428771419495,-7.251142479988453e-05
2026-04-14 00:00:00+00:00,-5.371301909520038e-05,0.0,-0.00016998563433965136,0.0,-5.731385101092159e-05,0.0
2026-04-15 00:00:00+00:00,0.0,0.0,-0.00033355920154968426,0.0,-0.0004996882038734916,0.0
2026-04-16 00:00:00+00:00,0.0,0.0,0.0,0.0,0.0,0.0
2026-04-17 00:00:00+00:00,-0.002743960226307058,-0.0005848369271192478,-0.0016783647996204947,-0.0002924184635596239,-0.0008391823998102474,-0.00014620923177981196
2026-04-18 00:00:00+00:00,-5.013516562810478e-05,0.000564673270886201,4.183032284397935e-05,0.0014182816241331672,-0.0008044165705700363,0.0005383647884999765
2026-04-19 00:00:00+00:00,-0.006530125800674933,0.0,-0.005934081165768712,0.0,-0.00330670347203528,0.0
2026-04-20 00:00:00+00:00,-0.00555589305659563,0.0,-0.003625671103930727,0.0,0.001866640514402761,0.0
2026-04-21 00:00:00+00:00,0.0005116766947056693,0.0,0.00025583834735283463,0.0,0.00047201572357680074,0.0
2026-04-22 00:00:00+00:00,0.0004223405956277733,0.0,0.0018999499726407457,0.0,0.0005590555511313888,0.0
2026-04-23 00:00:00+00:00,0.0,0.0,0.0,0.0,0.0,0.0
2026-04-24 00:00:00+00:00,0.0,0.0,0.0,0.0,0.0,0.0
2026-04-25 00:00:00+00:00,0.0,0.0,0.0,0.0,0.0,0.0
2026-04-26 00:00:00+00:00,0.0,0.0,0.0,0.0,0.0,0.0
2026-04-27 00:00:00+00:00,-0.0008786386060298962,-0.0011340626487945215,8.954298818864152e-05,-0.0009524915801232981,5.364985359651787e-05,-0.00013069091015860068
2026-04-28 00:00:00+00:00,0.0,0.0,-0.0004547679276317208,0.0,-0.0005990966440451804,0.00011110322459223118
2026-04-29 00:00:00+00:00,0.0024513110950983683,0.0,0.0011421471342341687,0.0,0.0005710735671170844,0.0
2026-04-30 00:00:00+00:00,-0.0005820406034940964,0.0,-0.0007844493913674238,0.0,0.0002292298308027935,0.0
2026-05-01 00:00:00+00:00,0.0,0.0,0.0,0.0,0.0,0.0
2026-05-02 00:00:00+00:00,0.0,0.0,0.0,0.0,0.0,0.0
2026-05-03 00:00:00+00:00,0.0,0.0,0.0,0.0,0.0,0.0
2026-05-04 00:00:00+00:00,-0.0005928696165611977,0.0,-0.0006504153793990889,0.0,-0.0002939296296230558,0.0
2026-05-05 00:00:00+00:00,0.0,0.0,0.0,0.0,0.00039061630870289044,0.0
2026-05-06 00:00:00+00:00,0.0013655913293447758,0.0,-0.001055924006332507,0.0,-0.0005379539937848314,0.0
2026-05-07 00:00:00+00:00,0.002410337443022462,0.0,0.001229806796876414,0.0,0.0013251561044754926,0.0
2026-05-08 00:00:00+00:00,0.0027183135363628096,0.0,0.0034351740514553604,0.0,0.0015979926732710692,0.0
2026-05-09 00:00:00+00:00,0.0,0.0,0.0,0.0,0.0,0.0
2026-05-10 00:00:00+00:00,0.0005201749323022698,0.0008609177418098468,0.0002600874661511349,0.0004304588709049234,0.00013004373307556744,0.0002152294354524617
2026-05-11 00:00:00+00:00,-0.0008121736245073381,-0.0003641400047182494,-0.000844574929094486,0.0011163528662392751,-0.0005556466354820949,0.00011727593834341683
2026-05-12 00:00:00+00:00,-0.0015470356513559269,0.004217851692901443,5.5321923335853984e-05,-0.00041971606735874005,-0.0006688823491957048,-0.0006060586915856826
2026-05-13 00:00:00+00:00,-0.0010673318786064746,-0.000966193226938856,-0.00046805164913741004,-0.00033500258251798056,0.00029623759397485013,-0.00043182427411783296
2026-05-14 00:00:00+00:00,0.0008952994369277068,0.0,0.0014059251811674395,0.0,0.0012545905057240712,0.00011100001890112387
2026-05-15 00:00:00+00:00,0.003244967726773408,-0.0016385010704044927,0.0015543439629410042,-0.0009275672195655834,0.00026979829240262584,-0.0004637836097827917
2026-05-16 00:00:00+00:00,0.0,0.0,-4.758129401833623e-05,-0.000359736688421738,-0.0006091450909691929,-0.0002900756768649861
2026-05-17 00:00:00+00:00,0.0,0.0,0.0,0.0,0.0,0.0
2026-05-18 00:00:00+00:00,-0.0005807440821890348,-0.0018145357817256336,-0.00014268029885598297,-0.0014287777115252571,5.690235067003828e-05,-0.0007143888557626286
2026-05-19 00:00:00+00:00,0.0,0.0,0.0,-0.0008449846755671127,-0.00016581548932621958,-0.000561019104569701
2026-05-20 00:00:00+00:00,0.001579159721159072,0.0,0.000789579860579536,0.0,0.000394789930289768,0.0
2026-05-21 00:00:00+00:00,-0.005385472341480304,0.0,0.0033871964894865527,0.0,0.0015457328244199559,0.0
2026-05-22 00:00:00+00:00,-0.0033480005636585385,0.00035696758362469255,-0.0029379306171421244,-0.0001844476714964998,-0.00763983655989622,-9.22238357482499e-05
2026-05-23 00:00:00+00:00,-0.0006745905829634561,0.0,0.00013895680128588538,0.00018406289661588083,0.0028446950534126614,0.0008562679836178291
2026-05-24 00:00:00+00:00,-0.00011821136153824326,0.0,0.00025374373822098923,0.0,0.000759476265728847,0.0
2026-05-25 00:00:00+00:00,0.0,0.0,0.0,0.0,0.0,0.0
2026-05-26 00:00:00+00:00,0.001197785587869187,-0.002891762272631149,0.0006600207569681945,0.0004980150908008762,0.00033001037848409725,-0.0014158655340638095
2026-05-27 00:00:00+00:00,-0.004314505346489801,-0.0001025541130768655,-0.0024697517207908372,-5.127705653843275e-05,-0.0017217188679205112,1.5709471808438176e-05
2026-05-28 00:00:00+00:00,-0.005478212667973291,0.009476623630060486,-0.0036579632309496515,0.005115661578371526,-0.0009169377022536238,0.004152478000741902
2026-05-29 00:00:00+00:00,-0.002175231287629478,0.0012403249456096812,-0.003511406260168141,6.67811595376881e-05,-0.0013178749635970528,-0.0003627860322098214
2026-05-30 00:00:00+00:00,0.002827037191924301,-0.0027537448220322767,0.0031308871688649907,-0.0003664714247601868,0.0017466465155197418,-0.001707540246999752
2026-05-31 00:00:00+00:00,-0.001371753393406057,0.0,-0.0012665298271726134,0.0,-0.0007620688469851616,0.0
2026-06-01 00:00:00+00:00,-0.00032615090885978023,-0.0015887019598399834,2.309106712988694e-05,-0.0012874494294738566,-0.0002686876531144954,-0.0009299382143214892
2026-06-02 00:00:00+00:00,0.002870323716895249,0.001243577442804617,0.00040729966129716776,3.166128507461444e-05,-0.00016317378895058714,-0.000693211629727355
2026-06-03 00:00:00+00:00,-5.457527022350098e-05,0.002213646676306121,-0.001077740227706656,0.0006362494014072645,0.003006984874417819,0.0005531641469135837
2026-06-04 00:00:00+00:00,-0.010994145971714836,0.0005746003947421951,-0.0032208614698540573,-0.0004756976073191425,-0.0030192470884889025,-0.00031751030453432984
2026-06-05 00:00:00+00:00,0.00025186052853587323,-0.005063406005493526,0.005891142400315369,-0.0016175045028199227,0.0047528806266733245,-0.0015131721148815783
2026-06-06 00:00:00+00:00,-0.0056925329564152015,0.0001425653747137339,-0.0013697937783337633,-0.00018666287731098252,-0.0016543893414017064,1.414566656439286e-05
2026-06-07 00:00:00+00:00,0.0,0.0,0.0,0.0,0.000775001394085619,-0.0003541046679474365
2026-06-08 00:00:00+00:00,0.0,0.0,0.0,0.0,0.0,0.0
2026-06-09 00:00:00+00:00,0.0,0.0,0.0,0.0,0.0,0.0
2026-06-10 00:00:00+00:00,0.0,0.0,0.0,0.0,0.0,0.0
2026-06-11 00:00:00+00:00,0.0,0.0,0.0,0.0,0.0,0.0
2026-06-12 00:00:00+00:00,-0.0013081242050448794,0.0,-0.0016634795869618592,0.0,-0.002247646839623385,0.0
2026-06-13 00:00:00+00:00,-3.0376329017206384e-06,0.0,-0.0003114895414458528,0.0,-0.00046269777756968966,0.0
2026-06-14 00:00:00+00:00,0.0,0.0,0.0,0.0,0.0,0.0
2026-06-15 00:00:00+00:00,-0.0008871882968463259,-0.0004942781993485873,-0.00044359414842316293,-0.0002471390996742937,-0.00022179707421158146,-0.00012356954983714684
2026-06-16 00:00:00+00:00,-0.000567882435399655,0.000498004061075268,0.001130295613237367,9.449908455869414e-05,0.0009399186598924332,0.0005129281521476677
2026-06-17 00:00:00+00:00,-0.0002311047671061479,-0.0021111672703801607,6.532925993265602e-06,-0.0010379979204886162,-0.0006884018927476344,-0.0005189989602443081
2026-06-18 00:00:00+00:00,-0.0027765801281062256,0.002344673461231432,-0.0024038753848227385,0.0015785127055886715,-0.0015370285211607352,0.0014144113325352042
2026-06-19 00:00:00+00:00,-0.0003571763672170918,0.0004215743978704621,-0.001996883738985487,0.0001579226653946356,-0.0010104977616941498,0.0001287949041054718
2026-06-20 00:00:00+00:00,0.0,0.0,0.0,0.0,0.0,-6.485419324172904e-06
2026-06-21 00:00:00+00:00,0.0,0.0,0.0,0.0,0.0,0.0
2026-06-22 00:00:00+00:00,0.0,0.0,0.0,0.0,0.0,0.0
2026-06-23 00:00:00+00:00,0.0011196309062650393,0.004664338024732303,-0.000633175754628374,0.001120285923018283,-0.00032135204075074486,9.030782648838233e-05
2026-06-24 00:00:00+00:00,0.004501516431258909,0.0,0.0030910312434612535,0.0,0.0014213808161566397,0.0001847244812204859
2026-06-25 00:00:00+00:00,0.000430919524043771,0.00010786599693156825,0.0014135301464362447,0.00042680965444765205,0.0011560238566822505,0.00021340482722382602
2026-06-26 00:00:00+00:00,0.002507190287916126,0.0,0.0006137164138910091,0.0007093492930824291,0.0005609871141535764,0.000734176308716835
2026-06-27 00:00:00+00:00,5.1502727426069395e-05,0.002225795364890223,0.002458913021997506,0.001138206947773813,0.000265001273076955,0.0009013104220401098
2026-06-28 00:00:00+00:00,0.0,0.0,0.0,0.0,0.0,-0.00013378443093892744
2026-06-29 00:00:00+00:00,0.0,0.0,0.0,0.0,0.0,0.0
2026-06-30 00:00:00+00:00,-0.005915677498572764,0.0,-0.00402557612595775,0.0,-0.0017800243133265774,0.0
2026-07-01 00:00:00+00:00,-0.0016155090616583132,0.0005730543072575557,-0.0013051319212156595,0.0008958860560094095,-7.507303095197197e-05,0.0005244658593466419
2026-07-02 00:00:00+00:00,0.00162077906349757,0.0,0.0003165185213237432,0.0,0.001045475511495173,-1.4491370516340522e-05
2026-07-03 00:00:00+00:00,0.0,0.0,0.0,0.0,0.0,0.0
2026-07-04 00:00:00+00:00,0.006935261354763346,0.0,0.0006551013308052483,0.0,6.207423710658955e-05,0.0
2026-07-05 00:00:00+00:00,0.0,0.0,0.0,0.0,-0.0012645142299138427,0.0
2026-07-06 00:00:00+00:00,0.0,0.0002942778986121254,0.0,0.0006802333811350322,0.0,2.1088829708781768e-05
2026-07-07 00:00:00+00:00,0.0,0.0,0.0,0.0,0.0,0.0007408702707029434
2026-07-08 00:00:00+00:00,-0.0014248014188150704,0.00012397277100888063,0.0006955631613540679,3.3323377756521816e-05,5.009040461338957e-05,-0.000617182888214084
2026-07-09 00:00:00+00:00,0.0,0.0,0.0,0.0,-2.883726442610125e-05,3.0627914334038166e-05
2026-07-10 00:00:00+00:00,0.001015556019749751,0.0,0.0005077780098748755,0.0,0.00025388900493743776,0.0
2026-07-11 00:00:00+00:00,-0.0002828978953614277,0.0,-0.0007735028926919552,0.0,-0.00021942579909859888,0.0
2026-07-12 00:00:00+00:00,0.0,-0.0006381078926059404,0.0,0.00021496969087377268,0.0,-0.00045155788100361723
2026-07-13 00:00:00+00:00,0.0,0.0,0.0,0.0,0.0,0.000106411010296085
2026-07-14 00:00:00+00:00,0.005084490959931738,0.0,0.002542245479965869,0.0,0.0012711227399829345,0.0
2026-07-15 00:00:00+00:00,0.00378566376529342,-0.0003290443549308058,0.006928174100136607,-0.001058059829135747,0.0038262839945781093,-0.0009010657022832363
2026-07-16 00:00:00+00:00,0.01017585588572198,0.0,0.0056556892385859646,0.0,0.002312065605403951,-3.4339216432566765e-05
2026-07-17 00:00:00+00:00,0.005978829877660998,0.0,0.006767282233008243,0.0,0.003057278659072659,0.0
2026-07-18 00:00:00+00:00,-0.02300931254689566,0.0,-0.008167891657403727,0.0,0.003502340391031259,0.0
2026-07-19 00:00:00+00:00,0.0,0.0,0.0,0.0,0.0,0.0
2026-07-20 00:00:00+00:00,0.0,0.0,0.0,0.0,0.0,0.0
2026-07-21 00:00:00+00:00,0.0,0.0,0.0,0.0,0.0,0.0
2026-07-22 00:00:00+00:00,0.0015317585415440076,0.0,0.0016527637549565797,0.0,0.0009456208770526692,0.0
2026-07-23 00:00:00+00:00,0.00025162807783362604,0.0008796677900184155,0.00012581403891681302,0.0022425333148169686,-0.00017853707264420303,0.0011962450313894016
2026-07-24 00:00:00+00:00,0.000269889044240523,0.0,0.0013777411667413627,0.0,0.002015841710430602,-0.00010543398277217618
2026-07-25 00:00:00+00:00,-0.0011352864852173024,0.0,-0.0003311575594255943,0.0,-0.00018898090156721555,0.0
2026-07-26 00:00:00+00:00,0.0,0.0,0.0,0.0,0.0,0.0
2026-07-27 00:00:00+00:00,-0.000941519013546803,-0.000125,-0.0005919702207182738,-6.25e-05,-0.0002959851103591369,-3.125e-05
2026-07-28 00:00:00+00:00,0.00030833688989290436,0.0025601807297296903,0.0016218746257727725,0.0014545750920766847,0.0009227069281424076,0.000591543097822259
2026-07-29 00:00:00+00:00,-0.006616434547441452,-0.00025650559735432244,-0.006444866875023346,-0.00012825279867716122,-0.0012279420709012095,-6.412639933858061e-05
2026-07-30 00:00:00+00:00,5.207083352306701e-05,-0.00033892672629291933,6.842533676471267e-05,-0.00022859852887920033,0.0009152756622219822,0.00013753103106816948
2026-07-31 00:00:00+00:00,0.0,0.0,0.0,0.0,0.0,0.0
2026-08-01 00:00:00+00:00,0.0,0.0,0.0,0.0,0.0,0.0
2026-08-02 00:00:00+00:00,0.0,0.0,0.0,0.0,0.0,0.0
2026-08-03 00:00:00+00:00,0.0,-0.0010559071872175633,0.0,0.0003120111859493572,0.0,0.0001570844344978908
2026-08-04 00:00:00+00:00,0.0,0.0,0.0,0.0,0.0,-0.0003838683680091179
2026-08-05 00:00:00+00:00,0.0,0.0,0.0,0.0,0.0,0.0
2026-08-06 00:00:00+00:00,-0.0325541109393247,0.0,-0.01477022774260623,0.0,-0.007385113871303115,0.0
2026-08-07 00:00:00+00:00,0.0,0.0,-0.00639346856659299,0.0,-0.00121267854021031,0.0
2026-08-08 00:00:00+00:00,0.0,0.0,0.0,0.0,0.0,0.0
2026-08-09 00:00:00+00:00,0.0,0.0,0.0,0.0,0.0,0.0
2026-08-10 00:00:00+00:00,0.0,-0.0006714466505349338,0.0,0.0011954695130289763,0.0,0.0006438766898697577
2026-08-11 00:00:00+00:00,0.0,0.0,0.0,0.0,0.0,0.00017505572185661975
2026-08-12 00:00:00+00:00,0.0015551263188675485,0.0,0.0009805514810039067,0.0,0.0008879109118423127,0.0
2026-08-13 00:00:00+00:00,0.0,0.0,7.033048401919077e-06,0.0,-0.00020492634444153464,0.0
2026-08-14 00:00:00+00:00,5.7037363653359503e-05,0.0,4.510392824685238e-05,0.0,2.255196412342619e-05,0.0
2026-08-15 00:00:00+00:00,0.0,0.0,-0.00036997719438038203,0.0,0.00030692388383326885,0.0
2026-08-16 00:00:00+00:00,0.0,0.0,0.0,0.0,0.0,0.0
2026-08-17 00:00:00+00:00,0.0,0.0,0.0,0.0,0.0,0.0
2026-08-18 00:00:00+00:00,-0.005768020352959993,0.0,-0.0025618270863562126,0.0,-0.0012785046581425003,0.0
2026-08-19 00:00:00+00:00,-0.0034874500317351436,0.0,-0.0006057995594301694,0.0,0.0019947294121632833,0.0
2026-08-20 00:00:00+00:00,0.009683725069577521,0.0,0.005627971668143012,0.0,0.0029414876687889596,0.0
2026-08-21 00:00:00+00:00,-0.0025170037362561835,0.0,-0.0013260015410568188,0.0,0.0003252853236901297,0.0
2026-08-22 00:00:00+00:00,-0.003925240442130173,-0.00010631184284121814,-0.0026829554683438146,-5.315592142060907e-05,-0.0008924872133144979,-2.6577960710304536e-05
2026-08-23 00:00:00+00:00,-0.002594075237743653,-0.0011689426171885937,-0.0013191429225209155,-7.202857617299318e-05,0.00233329261675964,3.5078752162670024e-05
2026-08-24 00:00:00+00:00,0.00026110250676177077,-0.0037658323375207533,-0.001588514913100851,0.00016093929265333868,-0.0009638855737242771,-0.0007267902227552438
2026-08-25 00:00:00+00:00,0.002051299958405647,0.0004763788353387387,0.0012574884847393792,0.00023818941766936934,0.00040546586567376144,0.00028559302305051565
2026-08-26 00:00:00+00:00,0.0,0.000804395380084571,0.0,0.0005055139377259118,9.463831314194107e-05,0.00015802214703265335
2026-08-27 00:00:00+00:00,0.0,0.0,0.0,0.0,0.0,0.0
2026-08-28 00:00:00+00:00,-0.001371321003992897,-0.000139385317284876,-0.001458860334596753,0.0006984441848807878,-0.0006259173676486895,0.00047228462153275165
2026-08-29 00:00:00+00:00,-0.004051756450118865,0.0,-0.002222717588605006,-0.0006292222568078987,-0.0009330699273217832,-4.665530382993771e-05
2026-08-30 00:00:00+00:00,-0.0014538594372421202,0.0,-0.0012160266562183679,0.0,-0.0012331162832083268,0.0
2026-08-31 00:00:00+00:00,-0.0001289655128072114,0.0,0.0015486759612147183,0.0,0.0013754232536489746,0.0
2026-09-01 00:00:00+00:00,-0.0034667831483408454,0.0,-0.0013784374120710775,0.0,-0.00089049541376879,0.0
2026-09-02 00:00:00+00:00,0.011358444259668837,0.0,0.002620810159959679,0.0,0.0018613132081403006,0.0
2026-09-03 00:00:00+00:00,0.0014455363008534512,0.0,-6.440112746850116e-05,0.0,-0.0009341757831250932,0.0
2026-09-04 00:00:00+00:00,0.007191578297626453,-0.0015994463675405013,0.0014196782993114124,-0.0007169713556174866,0.0004985830498239231,-0.0003584856778087433
2026-09-05 00:00:00+00:00,0.001974968528281399,0.0,-0.00042801426208783277,-0.0007210104093730698,0.00022482501268857846,0.00015169929650951316
2026-09-06 00:00:00+00:00,0.0,0.0008979399387319867,0.0,0.00044896996936599336,0.0,0.00022448498468299668
2026-09-07 00:00:00+00:00,0.0009189918015988049,-0.002737473699076523,0.0007747632081984776,-0.0019111903256175894,-7.291368083566401e-05,-0.00011527651986625489
2026-09-08 00:00:00+00:00,0.0065841224849524605,-0.002032456083917835,0.018996891449265408,-0.0014635120588942895,0.010096664708160688,-0.000814652036599537
2026-09-09 00:00:00+00:00,-0.002287231885302953,-0.0018807170895348826,-0.0007142552808924335,-0.0009403585447674413,-0.004679119040725386,-0.000555013014834114
2026-09-10 00:00:00+00:00,-0.0005323091404409405,-0.0009167768581286066,0.002812474029012437,-0.0003308262977500531,0.005594475845865255,-6.800745374414146e-05
2026-09-11 00:00:00+00:00,0.011215330266052204,-0.0014567179223602086,0.006541470940283383,0.0005674410792153983,0.003222280920326276,0.0016457341338602357
2026-09-12 00:00:00+00:00,-0.00024670972620949267,0.0,0.002431806343801376,0.0,0.0033129430938679716,0.0
2026-09-13 00:00:00+00:00,-0.000125,-0.000125,-6.25e-05,-6.25e-05,-3.125e-05,-3.125e-05
2026-09-14 00:00:00+00:00,-0.00028465305954969926,-0.0007128869567624056,0.00047320464118637224,-0.00039626144359983934,0.000742050960717854,-0.00045245779462070704
2026-09-15 00:00:00+00:00,0.0013044203616799446,-1.0976964611328203e-05,0.001595592336796842,7.17389714256985e-05,0.0030674360214416156,3.586948571284925e-05
2026-09-16 00:00:00+00:00,-0.0013888643263537876,0.0,-0.0017729748562317251,-0.00023674717738157548,-0.0023651619521160992,-0.000617564361936335
2026-09-17 00:00:00+00:00,0.002362744728610003,0.0,0.0004944626275354961,0.0,0.0017817634227311812,0.0
2026-09-18 00:00:00+00:00,-0.0033487495041580537,-0.00534403791236793,-0.00022507694137383755,-0.0020019796409678292,-0.0003521524354232069,-0.0010009898204839146
2026-09-19 00:00:00+00:00,0.004119224581036841,-0.0009655956504271568,0.003509319614939775,-0.001212482046539845,0.0018194419813987355,0.0014923530234635315
2026-09-20 00:00:00+00:00,-0.0002497794889104576,-0.0007392544332705474,0.004557338894424066,-0.0004364468244506777,0.00438715674491845,-0.0005393058366090279
2026-09-21 00:00:00+00:00,-0.007636257668764578,0.0032029618361945136,0.000941113828309411,0.0006717265509552519,-0.0031060219418558663,-0.0007354080896419846
2026-09-22 00:00:00+00:00,0.011573320197562548,-0.00029815258752760967,0.010292320745264599,0.0008890370634929092,0.0054920384848237596,0.001502208444981652
2026-09-23 00:00:00+00:00,0.001056873752748979,0.004430454995981278,0.002802812450889907,0.0019186079453444446,-0.0016034926693081289,0.0013537095300302573
2026-09-24 00:00:00+00:00,0.0012899160731884166,0.0,-0.0031012574432299177,0.0007507498541856429,-0.0020999249084121645,0.0008623311503728807
2026-09-25 00:00:00+00:00,0.0022205420139049135,0.0,0.0008405093547674442,0.0,-0.0018532125766436798,0.0
2026-09-26 00:00:00+00:00,0.0,0.0,-0.00014460344370240686,0.0,0.0007947051446950047,0.0
2026-09-27 00:00:00+00:00,-0.002306000562053129,0.0,-0.0018454179642575727,0.0,-0.0009227089821287863,0.0
2026-09-28 00:00:00+00:00,0.0178535828001694,0.0053244390088160246,0.006508256467672917,-0.001007396338157488,0.003700147664114637,-0.0004480740318496676
2026-09-29 00:00:00+00:00,-0.004945353721864974,-0.0029903894426895326,-0.0021012180369231093,-0.0008855890803418282,0.002643722863912925,-0.001850458115277589
2026-09-30 00:00:00+00:00,0.0014722977658998889,0.0,0.0023190964189820557,0.00022801763283512928,0.0006898518395507596,7.554897828142473e-05
2026-10-01 00:00:00+00:00,-0.003417241543172956,-0.0012316663530666215,0.00037717805871677394,-0.0017501913263178093,-0.0011052791739368073,-0.0007381914437958231
2026-10-02 00:00:00+00:00,0.0,0.0,0.0,0.0,-0.0003573636793638157,0.0008170049032376805
2026-10-03 00:00:00+00:00,0.0,0.0,0.0,0.0,0.0,0.0
