candidate,period,sharpe,annual_arithmetic,cagr,max_drawdown,phase_sharpes,phase_sd,correlation_baseline,daily_abs_traded_equity,annual_cost
baseline,full,1.5444004362481545,1.2376474675184073,1.559183368109916,-0.633614527738566,"[1.775955835038076, 1.1196563118905254, 1.7375891618158619]",0.3007476004734222,1.0,0.7399186904814982,0.20255274151931013
baseline,2023-24,0.4255000615131239,0.2940683098180011,0.1559366553889836,-0.6306144048427229,"[0.9124179761844422, -0.5587273539618486, 0.9228095623167782]",0.6959668096947318,1.0,0.6282320852514193,0.171978533337576
baseline,2025-26,2.3270314402323904,1.9825009055783218,4.027417748712613,-0.4815308318931069,"[2.386497167198128, 2.3325706137348, 2.262026539764243]",0.05096564925361391,1.0,0.8280831557645247,0.22668776389053863
price_volume_confirm,full,-0.2960641812374241,-0.2997275191351117,-0.5484055332050527,-0.9583150983608597,"[-0.630295899501383, -0.17730257117020476, -0.08059407304068462]",0.2396125546556018,0.029012178804296577,1.2779642237338336,0.3498427062471369
price_volume_confirm,2023-24,-0.5041140588008459,-0.4799802415060939,-0.5600629475310254,-0.847428960728925,"[0.11763172098580293, -0.8466135955444029, -0.7833603018439379]",0.44039838464952796,0.08399093183935279,1.0457008160440964,0.2862605983920714
price_volume_confirm,2025-26,-0.14659891777812614,-0.15743753860513204,-0.3969444587137942,-0.8334447482680952,"[-1.148352208396295, 0.23680783367801425, 0.4717476213839022]",0.714810659037328,-0.003322048132564138,1.461311001098899,0.40003388655082356
blend_price_volume_confirm,full,1.5244164215289346,1.2196651640235667,1.522189620183403,-0.6337873210948054,"[1.6122956374059507, 1.1200868626220628, 1.8408667645587902]",0.3007468306248618,0.9613574153934737,0.7827962589192268,0.21429047587913833
blend_price_volume_confirm,2023-24,0.4239403906825668,0.291836457651002,0.15722053547225076,-0.625666969895173,"[0.9570475593705807, -0.5499474054464292, 0.8647210181235488]",0.6896734140839922,0.9598036734981247,0.6519112665732779,0.17846070922443483
blend_price_volume_confirm,2025-26,2.2816525849730493,1.952085328492393,3.9297172306897856,-0.46963775058783835,"[2.064510514241451, 2.311817311714204, 2.4686299289634936]",0.1663541571334041,0.9618926893087204,0.8861157692578385,0.2425741918343333
price_volume_exhaust,full,-0.44171164151874204,-0.4562524356034941,-0.6187468121089528,-0.9579657337498056,"[-0.15658515640259496, -0.48762415337463, -0.6809256147790012]",0.21650896537446623,-0.03776107872221884,1.2806319126873698,0.3505729860981675
price_volume_exhaust,2023-24,-0.08707056637887,-0.08042987190882213,-0.3701582711226097,-0.7261121611103527,"[-0.765495674640408, 0.3428694935275297, 0.16141448197626826]",0.4854049518659836,-0.09549603211659452,1.0473736434233263,0.2867185348871356
price_volume_exhaust,2025-26,-0.691340786801146,-0.7529236013281494,-0.6408776296900306,-0.9558383732432473,"[0.27703254006760086, -1.016937921560625, -1.3341169789104137]",0.6968791448299859,-0.002517728094693436,1.4647640253981435,0.40097915195274186
blend_price_volume_exhaust,full,1.3945914939863762,1.0945597691710267,1.2267420529360578,-0.6796691402396325,"[1.6650064089110825, 1.059386159357453, 1.4593819136905932]",0.251452209550094,0.9597387735441926,0.7846296667333923,0.21479237126826614
blend_price_volume_exhaust,2023-24,0.3638245574373173,0.24814733394992916,0.06308385668980525,-0.6270611246574714,"[0.6991497418229012, -0.4148397300599219, 0.8071636605489725]",0.5523617812794606,0.9566101853957472,0.6548816790327757,0.17927385963522235
blend_price_volume_exhaust,2025-26,2.12004871317701,1.7627106150709881,3.145502062774705,-0.535380846454388,"[2.373887259714006, 2.1123886822388105, 1.8738701975782124]",0.20420295894396862,0.9611789812403818,0.8870516351834891,0.24283038513148014
capacity_confirm,full,0.07744016823232198,0.07888603282960442,-0.32336343735298617,-0.8925825546104225,"[-0.25484252453535783, 0.4011229850963436, 0.08604004413598022]",0.26786583190814417,0.03534719119753916,1.2859063147695193,0.35201685366815594
capacity_confirm,2023-24,-0.3161421645635058,-0.2992868033863822,-0.501767482519011,-0.8180481235439986,"[-0.4865183838249504, -0.3952791013954289, -0.06662900847013818]",0.18032149615306256,0.0043327506960788515,1.0567310950529476,0.2892801372707444
capacity_confirm,2025-26,0.3416003326736212,0.37741248388309767,-0.08882585857964598,-0.7265254818829733,"[-0.08781655597014572, 0.9229334887630009, 0.1896840652280086]",0.42639014018304067,0.05275065396462139,1.4668153025645037,0.4015406890770329
blend_capacity_confirm,full,1.5569885015077884,1.2219803759780066,1.528676772795933,-0.6324890165643126,"[1.5897808881842173, 1.2523709264276108, 1.8288136899115368]",0.23647138003177562,0.9561054521049449,0.7937572801336152,0.21729105543657717
blend_capacity_confirm,2023-24,0.4611828204976692,0.3136212375780073,0.1928725474510928,-0.6151640180269718,"[0.7019955729546262, -0.49211285841458724, 1.1736657469529685]",0.7010457316678143,0.9538034705127615,0.6633965349596935,0.18160480144521612
blend_capacity_confirm,2025-26,2.302726984787469,1.9390314275074914,3.873858688204686,-0.49350052444167564,"[2.207760675095398, 2.443323131729351, 2.257097147537659]",0.10143628305308659,0.9574291310376463,0.8966629541710635,0.24546148370432863
oi_confirm,full,-0.027829659009901586,0.0996750481961427,-0.32673981658467083,-0.8912194935913481,"[0.5221439992987078, -0.6534803556065919, 0.04784737927817934]",0.4829205708013602,0.018629721345475747,0.9524157582897494,0.2607238138318189
oi_confirm,2023-24,0.038522407803757264,0.015300853635197323,-0.07593891066661569,-0.5580326942703986,"[0.783768641691141, -1.0518612304300001, 0.3836598121501309]",0.7881303309161852,0.0441782743594199,0.47775882888818827,0.13078647940814153
oi_confirm,2025-26,-0.00951848645213207,0.16627932658590633,-0.4627714652708221,-0.8675268076020087,"[0.5323446442884112, -0.440683077319025, -0.12021702632578242]",0.40487558731191997,0.006836722978357958,1.3271059396894218,0.3632952509899792
blend_oi_confirm,full,1.437556174980824,1.0779636729075799,1.319313549353778,-0.6392087335387867,"[1.8274093460157586, 0.8312966360093959, 1.6539625429173177]",0.4344988836361982,0.9646646073413706,0.8044889456261343,0.22022884886515426
blend_oi_confirm,2023-24,0.43959804547654396,0.2977862090908409,0.2237760075339704,-0.6392087335387867,"[1.0838910473819243, -0.7600759357741274, 0.9949790248218349]",0.8490738416676171,0.9798945469635708,0.6599974202550593,0.1806742937948225
blend_oi_confirm,2025-26,2.190420205289183,1.6938291903666591,3.037220821245787,-0.4624928401795305,"[2.3853978307451795, 2.076323788269587, 2.1095389968527822]",0.13853523821673308,0.9560368048486838,0.9185493385087615,0.25145288141677347
oi_exhaust,full,-0.40598395681088356,-0.38480563647024096,-0.5576871222235372,-0.9531710332761975,"[-0.8438886863439288, -0.18063249873384857, -0.19343068535487323]",0.3096894815841117,-0.025909122217127895,0.9564664605056655,0.261832693563426
oi_exhaust,2023-24,-0.42200152977301864,-0.26659114353955576,-0.31032856726264174,-0.6496726457149644,"[-1.1037041361888074, 0.5366137330031931, -0.6989141861334418]",0.6976967547758294,-0.061909762537463865,0.47999116209560483,0.13139758062367182
oi_exhaust,2025-26,-0.4571880669704375,-0.47812316131100036,-0.6788622468917013,-0.9150732071465905,"[-0.7791929808236302, -0.5686693134164614, -0.023701906671220855]",0.3183423126267903,-0.011282907194461012,1.332592047082094,0.3647970728887232
blend_oi_exhaust,full,1.333075090120431,1.0095404989952936,1.0894090319461045,-0.6370605514956459,"[1.4445228036566573, 0.9779313973162415, 1.5767710693883934]",0.2568627167070771,0.9646471984903471,0.8134899446193483,0.2226928723395466
blend_oi_exhaust,2023-24,0.3170713449915309,0.20939070633245524,0.03929662411390807,-0.6146678014316097,"[0.668167347242218, -0.5077719825029795, 0.7908186702353541]",0.5853977126376869,0.977969109554825,0.6608423523759566,0.1809055939629181
blend_oi_exhaust,2025-26,2.0742735465354056,1.6411720045918552,2.7630981755696933,-0.4809583706068052,"[2.008618733179826, 2.113672473322016, 2.100529433104375]",0.04673400449428398,0.9567628719929001,0.9339886679815267,0.2556793978599429
account_crowding_contra,full,1.1821276188646015,0.793344978899007,0.7800907955067639,-0.5393099156890444,"[0.8808145635316758, 1.341361878506661, 1.324206414555468]",0.2131755856430598,0.13768954606208308,0.4522736140348928,0.1238099018420519
account_crowding_contra,2023-24,1.5347547570618276,0.7573974458492363,0.889169918703805,-0.2852229676712345,"[1.6393344652376247, 1.4221410779700796, 1.5427887279777786]",0.08885062515141623,0.11379927848681304,0.23312049040582958,0.06381673424859585
account_crowding_contra,2025-26,1.0603463430889233,0.8217216586543644,0.7277156283253157,-0.5280870851029864,"[0.5841734139515907, 1.3165674015678925, 1.2802982137472865]",0.3370305202091861,0.14820457151362007,0.6252712436079131,0.1711680029376662
blend_account_crowding_contra,full,1.615785300505647,1.2226440980321553,1.604573829243084,-0.632690106754437,"[1.7318265535194202, 1.1810859501854398, 1.934443397812081]",0.31831435225196986,0.9788640227100784,0.7312867161132365,0.2001897385359985
blend_account_crowding_contra,2023-24,0.5898317322239087,0.39651527083256316,0.2835783814211376,-0.6103145956778152,"[1.022421197761088, -0.36390654027555847, 1.1109805391861964]",0.675363215147283,0.9865909120856214,0.6198435145785199,0.16968216211586984
blend_account_crowding_contra,2025-26,2.3650978446000113,1.8747832346358895,3.7517714730050944,-0.48758379315813166,"[2.2326317932897837, 2.3715625105766676, 2.491099229933582]",0.10561785796270848,0.9745293911360684,0.8192590405696585,0.224272162355944
top_global_gap,full,0.7793973610781598,0.4835168656258209,0.3522191724795854,-0.5719287925299997,"[0.568676319427903, 0.6376177977952655, 1.131897966011311]",0.2508395758495159,0.1025243368631124,0.3891389102945477,0.10652677669313244
top_global_gap,2023-24,0.6632575950812113,0.3564970265826887,0.2600356563464135,-0.4537527743872527,"[0.289042667970257, 0.6151940055328741, 1.085536111740503]",0.3269383560371891,0.07890061746923858,0.23625989065605046,0.06467614506709381
top_global_gap,2025-26,0.8551430685702837,0.5837852565085431,0.4321706935841321,-0.5686645367773082,"[0.7370382812877533, 0.660297469987083, 1.1680934544360149]",0.22349607907060887,0.11503471884471728,0.5098203204927999,0.139563312734904
blend_top_global_gap,full,1.56432674081896,1.179208232082544,1.5115715035464767,-0.6358373012632933,"[1.7186642343297842, 1.0758254593172103, 1.8984905288098852]",0.3531378395360181,0.9805011486510294,0.7301536628066044,0.19987956519330796
blend_top_global_gap,2023-24,0.4857410417991794,0.3239468410605894,0.2113722256022553,-0.6136798535287632,"[0.9114779509388315, -0.5381953715139524, 1.0839405459726588]",0.7274476707653368,0.983924803401993,0.6247999788000597,0.17103899419651633
blend_top_global_gap,2025-26,2.3535829047535586,1.8543443691451167,3.6685997130576227,-0.49044521517709266,"[2.3108755510130345, 2.300532844632342, 2.449340318615299]",0.06784224163914293,0.9786008944542045,0.8133189734264352,0.22264606897548664
cascade_rebound,full,-0.609308191929742,-0.15026378561777456,-0.1650748548258041,-0.4885652893934363,"[-0.8658930784303529, -0.30405413195247843, -0.6579773654063946]",0.23193715640235735,0.0350588622555918,0.042167133623525754,0.011543252829440175
cascade_rebound,2023-24,-1.0238387674144014,-0.14773469761868177,-0.1391671841132934,-0.23210955950972992,"[-1.7653966830236743, -1.4716116960025323, 0.16549207678300223]",0.8494932989216708,0.04798464587734081,0.025811515078958718,0.007065902252864949
cascade_rebound,2025-26,-0.48810168650798663,-0.1522602263783689,-0.173176390859466,-0.42684763096331874,"[-0.6115381795657538, 0.1255989764747679, -0.9783658564329739]",0.4590657280013068,0.024920458657191724,0.05507812111736495,0.015077635655878656
blend_cascade_rebound,full,1.5100274597415064,1.2093009830414814,1.4857632182928093,-0.6437979410591864,"[1.7292920930889246, 1.0953199800182785, 1.7054703061173162]",0.2934036919643012,0.9975636877506705,0.7417800546110569,0.20306228994977682
blend_cascade_rebound,2023-24,0.39367728802192364,0.2670621038948355,0.12903714615784478,-0.633616815294637,"[0.8548987941966613, -0.5981354660329292, 0.9242685359020388]",0.7018890912366291,0.9990273253764622,0.6290294548531357,0.17219681326604588
blend_cascade_rebound,2025-26,2.2940436960628454,1.9530964165020162,3.8835513197327836,-0.48947990298996896,"[2.3463334415167196, 2.3318224851302465, 2.20397516154157]",0.06396299788117163,0.9966748582095667,0.8307844282109137,0.22742723722273764
