candidate,period,sharpe,annual_return,annual_vol,cagr,mdd,phase_sharpes,phase_sharpe_sd,turnover,annual_cost,mean_gross,mean_abs_net,correlation_baseline,delta_vs_matched
baseline,full,1.5444004362481543,1.2376474675184073,0.8025364431227188,1.5591833681099159,-0.6336145277385659,"[1.775955835038076, 1.1196563118905252, 1.7375891618158619]",0.3683390812631507,0.7399186904814982,0.20255274151931013,2.369275705600493,0.23522122526271752,1.0,
baseline,2023-24,0.4255000615131241,0.2940683098180012,0.731216002153061,0.1559366553889836,-0.6306144048427229,"[0.9124179761844423, -0.5587273539618486, 0.9228095623167784]",0.8523817808323889,0.6282320852514193,0.171978533337576,1.9622266978858958,0.21898137078621085,1.0,
baseline,2025-26,2.3270314402323904,1.9825009055783218,0.8523445698578875,4.027417748712613,-0.4815308318931069,"[2.3864971671981285, 2.3325706137347995, 2.2620265397642427]",0.06241991754050662,0.8280831557645247,0.22668776389053863,2.6905967631723904,0.24804082957646534,1.0,
dd_0.1_0.333,full,1.3207188963150507,0.6435890742788367,0.4796881509644552,0.7208518789481838,-0.43373585031212886,"[1.5096299330891698, 0.8389351773148763, 1.6135915785411061]",0.4204624476115528,0.4187750228596214,0.11463966250782137,1.2106512188604268,0.11788861887759246,0.8674632892087125,-0.2444203674308867
dd_0.1_0.333,2023-24,0.4406876031621098,0.17137727377343537,0.4102175477001018,0.10714693659017664,-0.4159523070931332,"[0.4774687120656457, -0.13998781095324966, 0.9845819083739333]",0.5631863820140142,0.30805589707487685,0.08433030182424754,0.8777308545393182,0.09796921741684674,0.8699777977138745,-0.014488711220604522
dd_0.1_0.333,2025-26,1.9092238462442606,1.0163490915264701,0.5254969693151915,1.447149480117348,-0.2950758645244281,"[2.2186611575282966, 1.5256437233093605, 1.9833666578951252]",0.35240765942651,0.5061757680188735,0.13856561649516663,1.4734557498221754,0.13361282658295492,0.8685347806133611,-0.4267881847206365
dd_0.1_0.667,full,1.515375844328852,0.9440223033524622,0.620308964003644,1.1600864485596294,-0.5295229429791083,"[1.7302367740797762, 1.0664258512278715, 1.749464907678909]",0.38892094634958213,0.576952501860148,0.15794074738421554,1.789436301759962,0.17626500249101903,0.9811369621284891,-0.04001513351919317
dd_0.1_0.667,2023-24,0.44600995984747493,0.2383234714661806,0.5523730051227376,0.14754849539021755,-0.5276201594932062,"[0.7671999615415992, -0.40577074548348924, 0.9766006634843148]",0.745057005184242,0.4655948121622681,0.1274565798294209,1.4190987709583534,0.1580762872809177,0.9828677169891704,0.004703379436770183
dd_0.1_0.667,2025-26,2.2480610300821477,1.5010950161987315,0.6669056223307401,2.598606145930646,-0.3727984513500146,"[2.4047827460983147, 2.1148420879963044, 2.2245582561518233]",0.1463922183450051,0.6648573239929518,0.18200469244307058,2.0817776287265986,0.19062302105000697,0.9806382359378252,-0.08378510599528921
dd_0.1_0.850,full,1.5425116089389075,1.1068570878816302,0.7170766141328864,1.3896547360268405,-0.5888789848187338,"[1.768053000739327, 1.1075047630462733, 1.751977063031122]",0.3768127199596544,0.665938192984917,0.18230058032962101,2.1081454035279754,0.20862143418648457,0.9971283308092568,-0.007427847684933653
dd_0.1_0.850,2023-24,0.4361206457010553,0.27041007359636104,0.6477531263918528,0.15622636688387329,-0.5856257440028027,"[0.858896732568247, -0.4983062749415071, 0.947771479476426]",0.8104566198604675,0.5544256564863032,0.1517740234631255,1.7175326108750815,0.19146756451499872,0.9974480066620465,0.003573676338467169
dd_0.1_0.850,2025-26,2.309802734662696,1.7671413144469126,0.7651907680651107,3.3568177446321124,-0.43362092093925647,"[2.4088298865253783, 2.260485353166777, 2.260092964295933]",0.08576025359560535,0.7539652498777384,0.20639798715403088,2.4164918513943787,0.222162554395177,0.9970155831276056,-0.02040621080194871
dd_0.2_0.333,full,1.0616027144288627,0.6414656323670017,0.5922747318339697,0.661197918618252,-0.5484917023301102,"[1.545646085761242, 0.3714617954687991, 1.2677002620565467]",0.6136239371520648,0.5005748321074462,0.1370323602894134,1.5173910089569482,0.14818700918542524,0.8922310131387658,-0.4985330052747825
dd_0.2_0.333,2023-24,0.2063959642341766,0.11327829017038742,0.529169636014212,0.010116527002409429,-0.5484917023301102,"[0.7542352184297457, -0.5004007098514179, 0.365353384124202]",0.6422448319270889,0.3712305208932671,0.10162435509453185,1.1126145407581085,0.12160836474373114,0.888098565466786,-0.24163394207400168
dd_0.2_0.333,2025-26,1.634470326306064,1.0584122706688532,0.6366303334268616,1.4609184333891723,-0.42893335697138024,"[2.0791974600669456, 0.9983999137611099, 1.825813605090136]",0.5652344838888177,0.6026781417398559,0.16498314130128555,1.8369181429797459,0.1691679672002415,0.8947088806728019,-0.6992950808264389
dd_0.2_0.667,full,1.381441092288399,0.9415679945900356,0.6786307700016664,1.1016146518300471,-0.5873123813058759,"[1.7201677799542079, 0.8413709285920025, 1.5827845683189867]",0.4727318193184074,0.6185911255958064,0.169339320631852,1.9431825502738966,0.19156142282927524,0.9803933894445267,-0.17140143753203563
dd_0.2_0.667,2023-24,0.3464126955829552,0.20687637257890837,0.6124932005027469,0.09324393034203564,-0.5873123813058759,"[0.8666381448940252, -0.5440491163751161, 0.7166490582299563]",0.7748005294566589,0.49810221151007483,0.136355480400883,1.5369438119994452,0.17007446130863946,0.9800037467491886,-0.09075575764163535
dd_0.2_0.667,2025-26,2.0931904200577494,1.5215273717158235,0.7249795485448054,2.554552190417453,-0.42605133018613034,"[2.3098527883276243, 1.8385628301515284, 2.1311556416940958]",0.23792766697008821,0.7137040593358691,0.19537648624319418,2.2638639879757254,0.20852304924026077,0.9806481653896141,-0.23781147216940157
dd_0.2_0.850,full,1.4863283420972244,1.1050426116318397,0.7431525520253334,1.353731486354038,-0.6105374776498315,"[1.7620510966120286, 1.0137019639520357, 1.6832319657276087]",0.4111993237315973,0.6848806359328304,0.18748607408661233,2.177447645682705,0.21555346055834598,0.9967033212392101,-0.06225992792147572
dd_0.2_0.850,2023-24,0.39576522932360075,0.25530530748666985,0.6744151937034806,0.13018155829836184,-0.6105374776498315,"[0.8971150525237124, -0.554134094101167, 0.8443147295482569]",0.8230604546500225,0.5692249887474454,0.15582534066961318,1.7706831501876448,0.1969247016205671,0.9966721125172647,-0.035175500707851914
dd_0.2_0.850,2025-26,2.2439140070609196,1.7758180810506474,0.7912310910272454,3.31407436931592,-0.454296783383628,"[2.3676782433264254, 2.1444250631103605, 2.2196387147459724]",0.11358900907164733,0.7761782294988283,0.21247879032530423,2.4985441117053266,0.23025884592888593,0.9967258767949846,-0.08541176549682161
dd_0.3_0.333,full,1.2324308655376464,0.8121713633558748,0.6544429210398004,0.8482520045616435,-0.5909078887744634,"[1.4572720275523248, 0.8267418115201249, 1.4132787575404895]",0.3520249399741546,0.5607129741682472,0.15349517667855767,1.7587938608862428,0.1713594752084947,0.9177504335202381,-0.3235940620015998
dd_0.3_0.333,2023-24,0.1863708358450217,0.10586963802072935,0.5729861138329418,-0.030796221561872377,-0.5808760729300454,"[0.4333235307411669, -0.4120186337037479, 0.5378076104976461]",0.5208470972183517,0.42510526671615495,0.11637256676354742,1.2952814867847349,0.14022140344687703,0.9065181772169572,-0.2558386717934985
dd_0.3_0.333,2025-26,1.9207100842929876,1.3697199952116994,0.7106555561747356,2.085079547438786,-0.4720260607584461,"[2.1444420568753215, 1.6732628636346347, 1.9444253323690068]",0.23648312366681998,0.6677605560259051,0.18279945221209154,2.124686624217542,0.19593960673950647,0.9241215841516728,-0.41129490144007375
dd_0.3_0.667,full,1.434741967909791,1.0261292726784006,0.7134062327233432,1.2062714344473997,-0.5984507501631718,"[1.6606802732810217, 1.0182163694429465, 1.6253292610054046]",0.3611545433063939,0.649170373119161,0.17771038964137034,2.0639036433168356,0.20314775096529847,0.983287901897835,-0.11599524393864802
dd_0.3_0.667,2023-24,0.3288069226950583,0.2028535852835103,0.6366132535147108,0.06707803233236531,-0.5984507501631718,"[0.7129502560273658, -0.5030548504546134, 0.7765253625124224]",0.7211143846588649,0.5256147228193178,0.14388703037178824,1.6283635681389317,0.17939269368155716,0.9816990158555582,-0.10508647299767393
dd_0.3_0.667,2025-26,2.185157237694942,1.6760161647561145,0.7666973443466913,2.9814078404301814,-0.449254506494551,"[2.312923404374423, 2.086433750178201, 2.1561145585322032]",0.11600430498129545,0.7467041625914242,0.2044102645094024,2.407715309525915,0.22189979306447652,0.984279038595127,-0.14518233600643393
dd_0.3_0.850,full,1.5046936325340374,1.1427699596109122,0.7592770325508557,1.402474996107441,-0.6155835934283617,"[1.7335920250013828, 1.082920915434991, 1.6975679571657392]",0.36570972373275923,0.6988076266475315,0.19129858779476175,2.231781737372262,0.22076077604161284,0.9970283152048455,-0.042775580482913966
dd_0.3_0.850,2023-24,0.3869251559178857,0.25343546662440136,0.6854821369959004,0.11690533963761669,-0.6155835934283617,"[0.8310856500144611, -0.5367588846950416, 0.8664487024342375]",0.8001292342686767,0.5818069727606325,0.15926965879322316,1.8118265515645744,0.20111608510760318,0.9968135840879985,-0.04256114987942722
dd_0.3_0.850,2025-26,2.2762557525548908,1.8448031163210132,0.810675047536365,3.5398852292312433,-0.46680012377228675,"[2.364086240643237, 2.2388382680158703, 2.2258427490055657]",0.0763404667064893,0.7911669571729152,0.21658195452608556,2.5632908232048517,0.23626812957142393,0.9971726278881329,-0.052484617988223015
corr_20_0.333,full,1.4287124879800814,1.0524414506728703,0.7383890471633561,1.250887031518376,-0.6778356900267064,"[1.7696252714784864, 0.9261141280222835, 1.590398064439475]",0.44439220460079226,0.7196353401379149,0.1970001743627542,2.087646819353306,0.20653903271961405,0.9609283076393917,-0.12182581208400967
corr_20_0.333,2023-24,0.5096891761745012,0.3232936760903113,0.6691159193477237,0.23517134417871768,-0.5753751376923425,"[1.0607077094084503, -0.5229717152533482, 0.9913315343684015]",0.8949830450512553,0.6129728032184261,0.16780130488104414,1.7215932558676534,0.19197797266342284,0.9587995120297323,0.0765127566942983
corr_20_0.333,2025-26,2.0707279199705257,1.6280245613417854,0.7871303624433565,2.7393615949180075,-0.5321805140392663,"[2.2686485185069714, 1.9685295835310395, 1.9750056578735669]",0.17143484878661952,0.8038338482210059,0.22004951595050037,2.3766064186103106,0.21803341086069483,0.9619549245247202,-0.25997765352576474
corr_20_0.667,full,1.5065950045672292,1.147072965704029,0.7628069849576676,1.4202491177155914,-0.6463378271673551,"[1.7956309841137703, 1.039671087485348, 1.6844829421025698]",0.408168996946175,0.7271552445315486,0.19905874819051142,2.228358001743579,0.2208178324194278,0.9909266537130471,-0.04097657908567687
corr_20_0.667,2023-24,0.47511071557845463,0.31148504325343007,0.6927253399181943,0.20564464512089434,-0.5993281385660718,"[1.0017038419956164, -0.5431154322017716, 0.9667437369415192]",0.8819829466910728,0.61812190217513,0.16921087072044183,1.8416217372021866,0.20538345091029434,0.990407394986411,0.04556307701736789
corr_20_0.667,2025-26,2.2269892300381247,1.806679032412302,0.8118944810463375,3.3684015343045814,-0.5001032020222044,"[2.3550574243457763, 2.1808874511047063, 2.145022814663891]",0.11235063342800874,0.8132252464540882,0.22262041121680665,2.5336443509759414,0.2330016031583069,0.9911840291089892,-0.10190825886814547
corr_60_0.333,full,1.5230892352119259,1.1988499001255362,0.7881240104750109,1.4867971650991818,-0.6474475532636084,"[1.7844245042844211, 1.1087457170547508, 1.676097484296605]",0.3628968160428099,0.7402038054045406,0.20263079172949297,2.288697377308805,0.22393921707016926,0.9909542355192938,-0.02353147925274257
corr_60_0.333,2023-24,0.386155272924874,0.25615961321681074,0.6994032412981298,0.13486202317203333,-0.6217166697813209,"[0.9722496633610362, -0.6185519854379133, 0.8047681408514992]",0.874122429268738,0.6117526551779485,0.1674672893549634,1.8039456883668292,0.19531821174960332,0.9786941020859034,-0.04236121920156355
corr_60_0.333,2025-26,2.2883634813100913,1.9430016710706457,0.8494663444801441,3.844824258052076,-0.4815308318904597,"[2.339104903478552, 2.303559074151763, 2.222426466299959]",0.05980504959421987,0.8416020612776384,0.23038856427475352,2.6713562768480243,0.24653239755723066,0.998175045901212,-0.039920290730650176
corr_60_0.667,full,1.537865465485157,1.2187116116256191,0.7935169909883921,1.5273216717139777,-0.6360785811621342,"[1.7845502182759028, 1.1178188296520712, 1.7112273485274967]",0.36561378941863654,0.7391039043534846,0.20232969381676644,2.328985315649597,0.2295958539261234,0.9977691420555831,-0.007766374952707489
corr_60_0.667,2023-24,0.40922416633319464,0.27587622134678996,0.7114478556922834,0.1488432739814817,-0.6249733108339484,"[0.9468074583605556, -0.5899166455643244, 0.8707816862033528]",0.866115899292612,0.6187065767940031,0.16937092539735835,1.8830734324679597,0.20718622043810184,0.9948733371795627,-0.017959503173664904
corr_60_0.667,2025-26,2.309047018053842,1.9629779259486881,0.8505140644179147,3.9378810820770727,-0.4815308318908742,"[2.364108418207974, 2.3190537040985286, 2.2439789318550245]",0.06068668467673575,0.8341445404612812,0.22834706795127574,2.6809843997212166,0.24728582981526362,0.9995463639498529,-0.018731445754620157
vol_10_False_0.333,full,1.530007153396907,1.0202626939591772,0.670442354957017,1.298182591107602,-0.6112914353139507,"[1.769039519399792, 0.9066250094523642, 1.914356931338565]",0.5447322834152726,0.6585477791903442,0.18027745455335675,1.970088032959806,0.19488095144186057,0.9586502697676961,-0.02222619134244419
vol_10_False_0.333,2023-24,0.19825136318169476,0.06306948257718976,0.5396912166475926,0.08015126198200713,-0.5670158996801146,"[0.6216982290500128, -1.3001497744269117, 1.2732056349219831]",1.3379162723678117,0.4863741813977955,0.13314493215764653,1.3623128021252375,0.1545936543535756,0.9282207393868204,-0.23800169855549622
vol_10_False_0.333,2025-26,2.353900567591713,1.775862951305957,0.7548011901324819,3.4308095428401217,-0.45461737859123685,"[2.47148421319474, 2.2872017708263312, 2.303015718754069]",0.10213694494275272,0.7944601668393766,0.21748347067227936,2.449860680077265,0.22668340436958626,0.9786584371754797,0.02299779770402166
vol_10_False_0.667,full,1.569154302859804,1.0917330749531624,0.6983123737210845,1.4121770435823642,-0.6081518319950208,"[1.8362509833177454, 0.9994260100965325, 1.8717859151651346]",0.4937189772801566,0.6828591412835383,0.1869326899263686,2.0818943201636073,0.20636482610942006,0.9853534349998542,0.018726549995040642
vol_10_False_0.667,2023-24,0.3697058430630326,0.1881504743960727,0.5957157819585609,0.16651338388050865,-0.5693862393328927,"[0.8729873883919778, -0.9586698697724989, 1.194800010569619]",1.161605512550062,0.5379085384599605,0.1472524624034142,1.5738958216490782,0.1771936518918964,0.983737012172845,-0.06355374394710439
vol_10_False_0.667,2025-26,2.3546639260190005,1.8050135677486188,0.7670059197161204,3.5180404412763835,-0.4550015220582814,"[2.469053644492232, 2.3077701688434655, 2.2871679647213035]",0.09959853650009988,0.7972819260397482,0.2182559272533811,2.4829040553404425,0.2293923052889317,0.9878958936563859,0.024220440148450706
vol_10_True_0.333,full,1.4782435862902494,0.958855530546528,0.652192040088732,1.2008928238127252,-0.6073453271358487,"[1.7136479607766701, 0.7944549348155487, 1.9266278632785294]",0.6016770725494014,0.6574513396197762,0.17997730422091374,1.9053151927126446,0.1887328014057332,0.9417162312707127,-0.07536766773583059
vol_10_True_0.333,2023-24,0.22011130820400027,0.07476840385241422,0.5351553554266377,0.10300786059221134,-0.5561499277677441,"[0.5991372323051902, -1.3103500950548237, 1.3715467873616343]",1.3805391013420627,0.4937464248842509,0.13516308381206368,1.3517822979504042,0.15296137659234008,0.9169416720560895,-0.21779811711101899
vol_10_True_0.333,2025-26,2.2739725276358005,1.6567464605109918,0.7287389116958428,3.0139958991813756,-0.42973746106861394,"[2.405208646859201, 2.1430162801669175, 2.273692655881283]",0.13109640740338552,0.7866786202066338,0.21535327228156603,2.3422693966903263,0.2169704628028891,0.9576474213736365,-0.057811205943606225
vol_10_True_0.667,full,1.5212845869847833,1.0538968235688106,0.6952941746415185,1.3331496493251809,-0.6050106089771737,"[1.7659687299536542, 0.9303139996699099, 1.8675710313307863]",0.5143106388309961,0.6861528417306181,0.1878343404237567,2.0690155207703262,0.20522755643289628,0.9834571891989353,-0.02916335885031418
vol_10_True_0.667,2023-24,0.3469462625608011,0.17860115301920532,0.6011640298672917,0.14996437073423527,-0.5736835688697376,"[0.8553471715192155, -0.963161484431837, 1.1486531005950247]",1.1440252722537865,0.5475073440751879,0.14988013544058268,1.5981485597795555,0.17959389404002699,0.9821329675462632,-0.08655152038976849
vol_10_True_0.667,2025-26,2.2990513538043573,1.744847852114989,0.7589733814766347,3.2788085072240434,-0.44377339824944634,"[2.3690538285122256, 2.2167777501376706, 2.311322482763175]",0.0768761111511655,0.7955984295834225,0.21779507009846194,2.440713933034491,0.2254625535792175,0.9852399313081254,-0.03124964448795131
vol_20_False_0.333,full,1.5614619981202644,1.041829270369111,0.6702311481339827,1.3313740455043235,-0.6152393478049062,"[1.823563478729142, 0.9967480196151915, 1.8640744960164604]",0.4894759378863117,0.6380597201985893,0.1746688484043638,1.9627241836501197,0.19358833619946905,0.961682767356571,0.008989948083205412
vol_20_False_0.333,2023-24,0.13479927061109498,0.03886961208218139,0.5342422976857796,0.029603634151653346,-0.5846111876853671,"[0.5610693476621817, -1.2559962489618304, 1.0993247131329336]",1.2341652411904191,0.46283495975065314,0.1267010702317413,1.3372061301694294,0.15087211607934867,0.9304105487246681,-0.30171728747212656
vol_20_False_0.333,2025-26,2.422831206313308,1.8335571753506812,0.7575143437880066,3.692694271090422,-0.45504332248436946,"[2.5951038521194714, 2.361315173821736, 2.3120745929987176]",0.15121030741896807,0.7763806699437618,0.2125342083971048,2.456502865492911,0.2273081605064596,0.9827857044201976,0.09177088690127055
vol_20_False_0.667,full,1.5944153142044082,1.1059088459960915,0.6959861406081886,1.437698782318409,-0.6133912957095455,"[1.9059167598042364, 1.0724892595979254, 1.8048399232110632]",0.4548178059198406,0.6650447390778739,0.18205599732256797,2.0673075279574245,0.20448915311713803,0.9859606656699972,0.04372622444684726
vol_20_False_0.667,2023-24,0.3097657173612701,0.159347106647824,0.5911462394925939,0.10632984702384785,-0.5862923893126177,"[0.8161991979836425, -0.8966382965061032, 1.009736250606271]",1.0492483648740871,0.5184837082050349,0.1419349151211283,1.5434742215167594,0.17297449417571817,0.985245716499473,-0.1239683832541873
vol_20_False_0.667,2025-26,2.4227878731117536,1.8531167088825555,0.7659656653279426,3.7578001747664147,-0.4506323146663971,"[2.6239984540252284, 2.361310370464262, 2.283054794845772]",0.17859243316137066,0.7807387821693818,0.21372724161886827,2.4808171271133936,0.2293665593953883,0.9883201544332308,0.09233176573419488
vol_20_True_0.333,full,1.4880024905109206,0.9622542883372832,0.65057136081578,1.1962928617916064,-0.6268357200175458,"[1.7875297006040436, 0.846364790781224, 1.830112980147494]",0.5560823115420783,0.6337664320332381,0.17349356076909894,1.9076887691851534,0.1881078057687017,0.9502017481387296,-0.06548726633345958
vol_20_True_0.333,2023-24,0.027697256377910096,-0.025457538493017868,0.5323534507441825,-0.010722591185422589,-0.5925408027842207,"[0.39614889209203497, -1.4486955371827215, 1.135638414224417]",1.330981949161678,0.47214881875527653,0.12925073913425694,1.3384772281779271,0.1496633610574024,0.9234284579218041,-0.410183723990207
vol_20_True_0.333,2025-26,2.397463579900686,1.7419456836198608,0.727329030682391,3.3986277136776155,-0.43458741430837566,"[2.649620777080441, 2.2968130575704624, 2.245956905051154]",0.2198500082543306,0.7613460144336258,0.20841847145120507,2.3570195644264267,0.21845552655484446,0.9677615687294207,0.06588854190296445
vol_20_True_0.667,full,1.538673486507154,1.0528397475716769,0.6873887414855672,1.336786337787747,-0.6254251079842794,"[1.8633093850868976, 0.9654022294540666, 1.7873088449804984]",0.49791964326238075,0.6665927229328416,0.18247975790286539,2.0480189036481917,0.20244134225413715,0.983459879414918,-0.01195631682975895
vol_20_True_0.667,2023-24,0.2251229128805697,0.10227676278462193,0.5953291875957388,0.06274530247328865,-0.5984619347384457,"[0.6946252009553877, -1.051227906633115, 1.0319714443194363]",1.1181476569903008,0.5306542462517118,0.1452665999114061,1.5694378578521107,0.17466785481570715,0.9832979291780855,-0.20897634419795805
vol_20_True_0.667,2025-26,2.4094414230446985,1.8032061598996798,0.7492434289939878,3.5948009557310088,-0.44037252183021575,"[2.6415537956917676, 2.337764141781426, 2.2490063316609015]",0.2058557805023622,0.7739014112333901,0.21185551132514055,2.425806749471619,0.22436549926481672,0.9847019223815927,0.07938503863005542
tail_beta_0.05,full,1.401565191407811,1.1533369145388697,0.8248033292109245,1.3060899233054208,-0.6476360019230215,"[1.612177417892505, 1.0018594937592245, 1.5906586625717039]",0.34632246210316286,0.7308659520425397,0.20007455437164523,2.3267126667613516,0.24372799710109938,0.9861035394725256,-0.1441708354879614
tail_beta_0.05,2023-24,0.24699666409902263,0.16002444825183545,0.7216448631128283,0.007015546542037472,-0.6374506708002567,"[0.7113376863480404, -0.6921653753881523, 0.7218176813371797]",0.8133550638460583,0.6189577705422571,0.1694396896859429,1.9206917021848267,0.2248245039012067,0.9869387602287536,-0.18026748549505725
tail_beta_0.05,2025-26,2.1641213110130564,1.9374494074269182,0.8955166356171719,3.632384319080265,-0.4946317500549628,"[2.21827514084564, 2.1513174199375884, 2.12277137225594]",0.04902241501306379,0.8192053277666318,0.22425745847611545,2.6472221957406368,0.25865025538369796,0.986196055418512,-0.16376294023479776
tail_beta_0.1,full,1.234464087082885,1.0684178833326625,0.8680248662390002,1.0387852514340274,-0.6796583402457461,"[1.4211258726743543, 0.8713352780804988, 1.4109311104938014]",0.31452008241064355,0.7216301734893443,0.197546259992708,2.282650548815164,0.29291776612309,0.9488250524911859,-0.312295586400716
tail_beta_0.1,2023-24,0.05983539357936426,0.025896081434251355,0.7306047030192274,-0.13425717128753856,-0.6559644714494653,"[0.49448627722767374, -0.8086557519835039, 0.49367565549392295]",0.7521355042262838,0.6092961924074524,0.16679483267154008,1.8778667915225595,0.26230851381081405,0.9479063643057638,-0.36853422997110347
tail_beta_0.1,2025-26,1.9698004422309277,1.8913758111963073,0.9603714051530452,3.169144226032028,-0.5251308951317412,"[2.0158355807484565, 1.9462631387131426, 1.9473026072311839]",0.039870987038773564,0.8103056718160794,0.22182117765965173,2.6021834367871723,0.3170804520357447,0.9511208384092323,-0.3587522915381869
tail_beta_0.2,full,0.8951512967356218,0.8980655026274232,1.0065532429846138,0.5039236397056773,-0.7526026043963849,"[1.0354103769302314, 0.6169083227166534, 1.0331351905599806]",0.24096816918722913,0.7053353824306493,0.19308556094039026,2.2082437016711416,0.47878964085126113,0.8385456514299049,-0.6528221024604223
tail_beta_0.2,2023-24,-0.2855177762684012,-0.24266919092835038,0.8018193346808579,-0.3857569208147129,-0.7231319937578803,"[0.07567893782090641, -0.9726149180525926, 0.04038265142648259]",0.595305231494158,0.5912415575934119,0.1618523763911965,1.7984350470118073,0.40072516529747887,0.8141331485331321,-0.7157379245886115
tail_beta_0.2,2025-26,1.5773200566134087,1.798551859786895,1.1404056102532598,2.14665798685346,-0.6172656360366199,"[1.6072795325021976, 1.5495201132915026, 1.5751605240465265]",0.028940202358825485,0.7954000865923377,0.21774077370465247,2.5317432012930183,0.5404130802119692,0.854026867602444,-0.751692171504134
actual_dd_0.1_0.333,full,1.3256076112619393,0.5453451210846157,0.4038580763996142,0.6148146322921528,-0.3415093142337933,"[1.5301845021994296, 0.7429804649385401, 1.703657866647848]",0.5119707469846047,0.3406760718644501,0.09326007467289323,1.0135285111418562,0.09964888883593742,0.8727052333610167,-0.24303614445433852
actual_dd_0.1_0.333,2023-24,0.32650611946902214,0.12141460424710072,0.3394546680053798,0.09491745906994324,-0.315214599836374,"[0.8512478226116355, -0.6729523338849649, 0.8012228696803959]",0.865917735102187,0.2604475392417177,0.07129751386742023,0.7694562739270429,0.0873876566772719,0.8837220152181896,-0.1326673525957081
actual_dd_0.1_0.333,2025-26,1.9513612252512995,0.8799922997426232,0.44739873623282195,1.2001580804383607,-0.2639217213390517,"[1.9704437468872331, 1.6424544892320014, 2.2411854396346635]",0.29982127128759256,0.40400779964464134,0.11059713515272057,1.2061970790524572,0.10932780220923655,0.8687077151738937,-0.38714577312244436
actual_dd_0.1_0.667,full,1.5587526356470427,0.9526297399676711,0.6098040140988253,1.1976251986181425,-0.5022844002191124,"[1.7678116222533984, 1.0745875382440693, 1.83385874644366]",0.42059771374898597,0.5648421799164578,0.15462554675213033,1.762081806880424,0.17364801253547846,0.9815194576185453,0.0028192186456881263
actual_dd_0.1_0.667,2023-24,0.4553831034830676,0.2380003733826048,0.5385579751904875,0.16915331423349708,-0.49546354141677523,"[0.8868131332018464, -0.5102172659489449, 0.9895534431963012]",0.8378108067516606,0.45623946019471434,0.12489555222830305,1.398284146189958,0.15619280787884196,0.9838983723429472,0.013268522918587045
actual_dd_0.1_0.667,2025-26,2.299450859690452,1.5167521416713272,0.658927120691161,2.6704212661185185,-0.368671986167338,"[2.3683505686172492, 2.1703660414571897, 2.359635968996916]",0.11187561747481613,0.6505722519588951,0.17809415397374756,2.0492606154753945,0.18742700404290127,0.9805814281768296,-0.03255268590739169
actual_dd_0.1_0.850,full,1.562238905163218,1.1145994524632696,0.7133356462370589,1.4173154137892088,-0.579879996144044,"[1.7868869793027924, 1.1159006493355121, 1.783929086851349]",0.38654309752397265,0.6626250538067159,0.1813936084795885,2.1007210548883473,0.20787712826531823,0.9972047377677673,0.012131136184926783
actual_dd_0.1_0.850,2023-24,0.4413559860692164,0.27152525760772567,0.6431463447059281,0.1713462426348582,-0.5744739437480063,"[0.9160662305276686, -0.5490751235254595, 0.95707685120544]",0.8579835691269381,0.5523373005889637,0.15120233603622882,1.7126490967670656,0.19111629680786113,0.9975820370104427,0.008575304493670166
actual_dd_0.1_0.850,2025-26,2.335879037137209,1.7801151195411251,0.7621202474391113,3.4227953232449146,-0.4321456202892229,"[2.3949913078858094, 2.3032309208069894, 2.3094148827188286]",0.05128601915750174,0.7496852770956122,0.20522634460492384,2.4070617893803417,0.2211079874189427,0.9970361778752577,0.005608701197434396
actual_dd_0.2_0.333,full,1.2264906703266591,0.5943993668846118,0.47992648350273454,0.6401242255336405,-0.3933729641275021,"[1.595733852377086, 0.7722218350665284, 1.3115163235363632]",0.4182882163550973,0.4012266834247602,0.1098358045875281,1.2388671010648904,0.12227639957718578,0.864924298389275,-0.3383142287642089
actual_dd_0.2_0.333,2023-24,0.42123959448341863,0.19351767228742442,0.4039561165566641,0.13653842471570118,-0.38841067180126615,"[0.9856993441758419, 0.14613969807890478, 0.13187974119550921]",0.4888884774257867,0.2938076717228035,0.08042985013411745,0.9050903611506204,0.10092616206086603,0.8758791440323371,-0.03308829099910143
actual_dd_0.2_0.333,2025-26,1.7108716743203543,0.9108519994371496,0.5278632053694859,1.2060424023110035,-0.3148011163491166,"[2.0415720438628835, 1.1968309937852086, 1.8942119853129704]",0.4512284484025083,0.48602234632833285,0.13304861730738113,1.502347647705484,0.13913009721097327,0.8663380098988279,-0.6252463535580142
actual_dd_0.2_0.667,full,1.4744496491286194,0.9629586724437319,0.6493113743017905,1.1819948949784813,-0.5302192198110826,"[1.8256823228039518, 0.9720361579069562, 1.6256304666749504]",0.4464523192977274,0.59813173612637,0.1637385627645938,1.886949800991441,0.18594339648656968,0.9795405196136823,-0.07925753250197776
actual_dd_0.2_0.667,2023-24,0.4919907991445311,0.2828337381342943,0.5745022937450345,0.18960607731424453,-0.5165822015017558,"[0.9880234526053562, -0.34244194932575595, 0.8303908941539929]",0.7269253845208177,0.479079635466031,0.131148050208826,1.493055786620216,0.16512460229692413,0.980098975502902,0.05347407035691709
actual_dd_0.2_0.667,2025-26,2.13364902882631,1.4998435659859712,0.7012035418347237,2.5439372432933123,-0.402747218971198,"[2.403530516218215, 1.8806823748615888, 2.1167341953991263]",0.2618341620614499,0.6921104614526286,0.18946523882265706,2.1978864176401767,0.20237757723533825,0.9796256758573599,-0.19762141598054628
actual_dd_0.2_0.850,full,1.498874957014589,1.1043313020925976,0.7357875771555386,1.3529806696709634,-0.6011946025307237,"[1.7462988509337185, 1.0727043521801436, 1.6776216679299047]",0.37066855435152923,0.6814118404029594,0.18653649131031014,2.1652161014958473,0.21418730181383347,0.9966817379417753,-0.04989687138108723
actual_dd_0.2_0.850,2023-24,0.4091051872142666,0.26516047409111093,0.6653144764298567,0.13469717001688145,-0.6011946025307237,"[0.8894435784937258, -0.49158411655025086, 0.8294560996993248]",0.780596272627461,0.566132611181941,0.15497880231105635,1.7617321654863585,0.19586332421877098,0.9967550243740909,-0.022085041721518817
actual_dd_0.2_0.850,2025-26,2.2505322223135606,1.7667656842591377,0.7850171498688857,3.2906911887801016,-0.4517690658597573,"[2.3490815496224835, 2.185773578588379, 2.2167415387298197]",0.08673944358601424,0.7724122927989584,0.21144786515371486,2.4837229214970975,0.22865209536001385,0.9966626588601626,-0.07890311900695623
actual_dd_0.3_0.333,full,1.358329862229354,0.7495328321513718,0.5356507899227628,0.9194997833422328,-0.4381697875080528,"[1.901072082506544, 0.6508041354652951, 1.523113368716223]",0.6412157888396587,0.4506098408236328,0.12335444392546949,1.4281813225230675,0.13909700745368386,0.8761462371064651,-0.20266891813512866
actual_dd_0.3_0.333,2023-24,0.43971925441718196,0.2171361592860311,0.4808933145452509,0.135551801331686,-0.419758088269532,"[0.9975754333060076, -0.04198707273042376, 0.3635694026759621]",0.523948137633243,0.35277577371091734,0.09657236805336362,1.1075097935021276,0.11891044526722978,0.8712547074504297,-0.009648975402639481
actual_dd_0.3_0.333,2025-26,1.976615228497635,1.169802280622296,0.5726360881828118,1.9253435404333519,-0.3581162547482675,"[2.486187322700336, 1.212564785229202, 2.231093577563367]",0.6738679504146327,0.5278392292152617,0.1444959889976779,1.6813167260871795,0.15503210958526847,0.8804084115565457,-0.35714641441869577
actual_dd_0.3_0.667,full,1.4459905782990738,0.9921105819184274,0.6827164518000174,1.1931406485314044,-0.5925582260011648,"[1.718558362850597, 0.956307568496802, 1.6631058035498234]",0.42498333396735755,0.6244620138983628,0.1709464763046768,1.9811366998825648,0.19516123281860306,0.9806546901787737,-0.10591671788680124
actual_dd_0.3_0.667,2023-24,0.322309171069775,0.1958812931823469,0.6204163496238052,0.06599061394967354,-0.5925582260011648,"[0.7284784686688798, -0.5028104223086044, 0.7412594668490498]",0.7146031038354768,0.5131029194940575,0.14046192421149825,1.5899297660885587,0.17488745204252312,0.980443490119392,-0.11354944991160099
actual_dd_0.3_0.667,2025-26,2.2260395135493565,1.620647274742853,0.7262641755691197,2.9116697021116997,-0.4517744659946263,"[2.409942628216778, 2.0173292476079245, 2.2508466648233676]",0.19747876524838534,0.7123679448945851,0.19501072491489266,2.2899521577605166,0.21116518457007952,0.9807404824852192,-0.10449974693803288
actual_dd_0.3_0.850,full,1.5196751970593176,1.1451646521778487,0.7529130711524076,1.424723106570046,-0.6093162650119045,"[1.7593462520662437, 1.0806314848080694, 1.7190478543036398]",0.380756518218764,0.6949194568184821,0.19023420130405946,2.217649775894822,0.21911790410442256,0.9968357036287224,-0.028048484272998886
actual_dd_0.3_0.850,2023-24,0.4046760978681143,0.26476209519545363,0.6795913268233768,0.13361683516740694,-0.6093162650119045,"[0.8581507609533809, -0.5267426903864442, 0.8826202230374061]",0.806725113021073,0.5794237121576286,0.15861724120315082,1.804204266740479,0.20002811207404636,0.9967225748575191,-0.025234369822274172
actual_dd_0.3_0.850,2025-26,2.289097713498561,1.8401470138519394,0.8039585029528044,3.547048155275801,-0.4619608508406258,"[2.3907294300125295, 2.2266917462666256, 2.2498719642165286]",0.08877547508874824,0.7860908246786878,0.2151923632557908,2.544020177816971,0.23418722511436074,0.9969224276118188,-0.039702346921372644
