strategy,period,sharpe,annual_arithmetic,cagr,max_drawdown,phase_sharpes,daily_oneway_turnover_equity,annual_cost,correlation_baseline
baseline,full,1.5444004362481545,1.2376474675184073,1.559183368109916,-0.633614527738566,"[1.775955835038076, 1.1196563118905254, 1.7375891618158619]",0.7399186904814982,0.20255274151931013,1.0
baseline,2023-24,0.4255000615131239,0.2940683098180011,0.1559366553889836,-0.6306144048427229,"[0.9124179761844422, -0.5587273539618486, 0.9228095623167782]",0.6282320852514193,0.171978533337576,1.0
baseline,2025-26,2.3270314402323904,1.9825009055783218,4.027417748712613,-0.4815308318931069,"[2.386497167198128, 2.3325706137348, 2.262026539764243]",0.8280831557645247,0.22668776389053863,1.0
illiquidity,full,-1.5266660468311823,-1.4386420993185174,-0.8464119210920439,-0.9980354929792031,"[-1.6248332929362987, -1.6672238176937748, -1.287941029863473]",0.2918696733879622,0.07989932308995466,-0.30889169435066527
illiquidity,2023-24,-1.0834394812974837,-0.8353114569062318,-0.6753784090578266,-0.8212096008988885,"[-1.0405757925265715, -1.3448828087116802, -0.8648598426541994]",0.2724091523241024,0.07457200544872304,-0.14583163045166914
illiquidity,2025-26,-1.8103663315206209,-1.9149062257781375,-0.9144551191823901,-0.9915317880162967,"[-1.9927842216264107, -1.8830112538290353, -1.5553035191064173]",0.3072316447737861,0.08410466275682395,-0.38871010803162437
blend_illiquidity,full,1.2178852735055512,0.9403820719362416,0.9756001351463711,-0.6868466987659626,"[1.4188065339220968, 0.6841773843263707, 1.5506719022681856]",0.7680748931236733,0.21026050199260557,0.9565459962605999
blend_illiquidity,2023-24,0.17176338701777605,0.11430739505361383,-0.015782524411433723,-0.6868466987659626,"[0.621631087032255, -0.9068422557207503, 0.8005013297418234]",0.6657307426717544,0.18224379080639275,0.963842991697958
blend_illiquidity,2025-26,2.0055084165598895,1.5924784627359447,2.587783803629,-0.4618733522536234,"[2.02496618481706, 1.9130701565528707, 2.078488908309738]",0.8488645033088074,0.232376657780786,0.953147578814845
downside_share,full,-0.3993179415760079,-0.40207854480003363,-0.5920627923684706,-0.973914886455808,"[-0.347668417113041, -0.24349653151929931, -0.6067888760956835]",0.5390917096579947,0.14757635551887605,-0.24289842088354027
downside_share,2023-24,-0.5196784352332163,-0.5051456933200159,-0.6215756487389146,-0.8160929791467647,"[-0.172432771443603, -0.7334844583068656, -0.6531180759491804]",0.4542880983456507,0.1243613669221219,-0.27567897525065005
downside_share,2025-26,-0.3060272068136351,-0.3207182060307496,-0.5413463697361626,-0.899936150652484,"[-0.48045529829119166, 0.1353768373662106, -0.5730031595159242]",0.6060349660137608,0.16590207194626702,-0.22289555635282018
blend_downside_share,full,1.4578213165754892,1.1040963567965394,1.2934097309695598,-0.6456074963457256,"[1.6108436319293373, 1.0884572611940828, 1.6741630566030477]",0.7307636143780094,0.20004653943598008,0.9551897076089865
blend_downside_share,2023-24,0.3411803710717854,0.21950178687028787,0.10123491766866548,-0.6089233090255203,"[0.8149084032588186, -0.6902328693672249, 0.8988655793237625]",0.6102929704008276,0.16706770064722656,0.9519010045108397
blend_downside_share,2025-26,2.218088040520238,1.8023878581735804,3.3399655274409112,-0.4816911315786099,"[2.1701545643653026, 2.3159772521101942, 2.168132305085218]",0.8258621258482964,0.22607975695097116,0.956784421508223
close_pressure,full,1.0751290226064574,0.9873088871913795,0.7753151516583959,-0.7802628525970056,"[1.0512048380433803, 0.9436830281410793, 1.2304992016349126]",0.5678280429936216,0.15544292676950391,0.4727878711444034
close_pressure,2023-24,0.6836484745272423,0.5197746749203032,0.45240159036195055,-0.7509979129365337,"[-0.4288862990309449, 1.3858926507377514, 1.0939390718749207]",0.4667715072835756,0.12777870011887882,0.4707865876979119
close_pressure,2025-26,1.3872425702273483,1.3563764556924165,1.8724105201856631,-0.6188172616131268,"[2.153407764640387, 0.6804085525733929, 1.3279113934682647]",0.6476012209488217,0.17728083423473995,0.47247366546000497
blend_close_pressure,full,1.5684829888750744,1.228586686049171,1.5699547115520076,-0.6456478661907562,"[1.7507169874674278, 1.1593387604565142, 1.7953932187012804]",0.6885034738272271,0.1884778259602034,0.9760883811710114
blend_close_pressure,2023-24,0.46589406559844404,0.32334340093405206,0.15476189259461867,-0.6456478661907562,"[0.6271113457310863, -0.31456356992729534, 1.0851344209915412]",0.5835170998371858,0.15973780608042962,0.9758239294761649
blend_close_pressure,2025-26,2.354043773654358,1.9431781092445686,3.9786748269030703,-0.43617517328432615,"[2.5824665052149918, 2.2204156843265186, 2.2592491314215635]",0.7713788330143737,0.2111649555376848,0.9760842637965838
trade_size,full,0.5499184465636932,0.49458663425158456,0.09750596526034128,-0.7224376107239152,"[0.7169067905734116, 0.2676805481689913, 0.6651680009486766]",0.28966923830453756,0.07929695398586716,0.31886619406755723
trade_size,2023-24,0.10892578474438959,0.08260910630671037,-0.18884680571364235,-0.7224376107239152,"[0.12569259914226497, -0.0523882649667844, 0.2534730200576882]",0.26628293083529436,0.07289495231616183,0.21322514269886372
trade_size,2025-26,0.8254966529903219,0.8197982241737473,0.40568253124716663,-0.6664783805597191,"[1.088683914412205, 0.4634631378539972, 0.9243429067047635]",0.3081301924066234,0.08435064017131316,0.37247738624720306
blend_trade_size,full,1.5030930386683365,1.1393014190186646,1.3923069936893644,-0.6347090268421389,"[1.71232074056227, 1.0670705863362488, 1.72988778910649]",0.6507303598107302,0.1781374359981874,0.9722808495185712
blend_trade_size,2023-24,0.46233840870920023,0.2916189443548574,0.16441370391238566,-0.6142599217882887,"[0.8404698860023831, -0.45179084976444994, 0.9983361898896675]",0.552501289255417,0.1512472279336704,0.9713630068971529
blend_trade_size,2025-26,2.2099111250839045,1.8084548233554607,3.3507918663500766,-0.46841831507194726,"[2.3155530543840825, 2.1283855204458964, 2.1857948004217356]",0.7282715605923037,0.19936433971214315,0.9727693435319305
