strategy,sharpe,phase_sharpes,phase_sd,phase_range,annual_net_arithmetic,daily_turnover_equity,annual_cost,correlation_baseline,correlation_same_phase
hour_0,1.7916391041672253,"[1.9148153161311405, 1.1814933345679641, 2.278608661802571]",0.4562855792217627,1.097115327234607,1.0826640706161177,0.8754384837748165,0.239651284933356,1.0,1.0
hour_1,1.8379006302373628,"[1.903353907080925, 1.320463657008195, 2.289884326622968]",0.39846138019157207,0.9694206696147731,1.1089006522852884,0.8748653811011454,0.23949439807643855,0.9561158109015172,0.9555086799221834
hour_2,1.7636207364327354,"[1.6563826076027868, 1.3573811464746504, 2.2770984552207687]",0.38305351602442544,0.9197173087461183,1.07560582157667,0.8748814997878558,0.23949881056692554,0.9117654340461067,0.9042530602085127
hour_3,1.7417574146894108,"[1.7534838781197288, 1.343013227128723, 2.1287751388197806]",0.32089310569568524,0.7857619116910577,1.0627588246508892,0.8747297979352263,0.2394572821847682,0.8699346701031663,0.8625608379676454
hour_4,1.6825011300730202,"[1.4293393729533965, 1.3999612489868076, 2.2182027682788563]",0.378988084618555,0.8182415192920487,1.0455951718745613,0.8745561652976027,0.23940975025021874,0.8014798435219288,0.8032139133427703
hour_5,1.7465167157155772,"[1.3514373003513818, 1.7893882615927186, 2.098724585202631]",0.30658120034721625,0.7472872848512493,1.0979777342866388,0.8748644672432864,0.23949414790784965,0.7814395717993621,0.7780619545194298
hour_6,1.8475779833909474,"[1.3511725851394114, 1.9940548975878725, 2.1975064674455584]",0.3607047498803223,0.846333882306147,1.1390340143560314,0.8739461384683264,0.23924275540570433,0.7505269060091141,0.7530372950079034
hour_7,1.8212271908858728,"[1.5468520521039302, 1.8228551116211094, 2.093974408932579]",0.2233647330113896,0.547122356828649,1.1630802252614554,0.8739835024482847,0.23925298379521795,0.705494096356034,0.7100418838972664
hour_8,1.6936822139317342,"[1.417327643920528, 1.8613556882817188, 1.8023633095929552]",0.19689068280037791,0.4440280443611908,1.0541719566592294,0.8749051795577195,0.23950529290392572,0.6602845193285684,0.6556414048459646
hour_9,1.6561461232819539,"[1.1663177072887998, 1.632295435255513, 2.169825227301549]",0.41002721630808486,1.0035075200127492,1.023572392357467,0.8749639976141391,0.2395213943468706,0.6273323675305899,0.6327114280702176
hour_10,1.6731979299085011,"[1.3992205740667056, 1.5530356745499345, 2.0673375411088624]",0.28568548688146034,0.6681169670421567,1.0188841675215634,0.8747848679076289,0.23947235758971339,0.6135966131907568,0.611173785932837
hour_11,1.8610288587152997,"[1.4569229923085432, 1.8083370195543833, 2.3178265642829725]",0.35343180624198006,0.8609035719744293,1.1657954735658416,0.8740639458287531,0.23927500517062117,0.5445498501818279,0.5507575052128124
hour_12,1.8669968965433295,"[1.6862503951930625, 1.6515472146620325, 2.2631930797748927]",0.2805110091602898,0.6116458651128602,1.1615005797160622,0.8738745384368013,0.23922315489707435,0.5426774584960643,0.5446357142110082
hour_13,1.928974265380847,"[1.7865246794083618, 1.926068232741604, 2.0743298839925743]",0.11751395013845622,0.28780520458421255,1.2121981243418019,0.8742063001500281,0.2393139746660702,0.48388733725977595,0.48389604303042083
hour_14,1.8931582971974972,"[1.9464743907603792, 1.7216137267633245, 2.011386774068787]",0.1241613442549062,0.2897730473054627,1.2259699319908783,0.8736520777897804,0.23916225629495236,0.4728832674953608,0.4529331337419548
hour_15,1.9901286455536293,"[2.2740253350304904, 1.589419493592536, 2.1069411080378617]",0.2914391338129513,0.6846058414379543,1.2775833727961439,0.8728914545678718,0.23895403568795492,0.46888537813488557,0.43039792264634674
hour_16,1.7238947956780375,"[2.1536892977500743, 1.4022578970695734, 1.6157371922144643]",0.3161601259619377,0.751431400680501,1.1343587784865925,0.8742228349035704,0.23931850105485242,0.42591025334833926,0.3831729051954003
hour_17,1.4977437835748404,"[2.020517936903286, 0.8136595764041861, 1.6590538374170487]",0.5057288309490083,1.2068583604991,1.008207622624824,0.8748605733290837,0.23949308194883667,0.39520140046166236,0.36341405917564845
hour_18,1.4695400841548611,"[1.9086398595465877, 0.7602913445649115, 1.739689048353085]",0.5062354031529765,1.1483485149816761,0.976217480761682,0.8751092323167496,0.23956115234671022,0.3288686067312511,0.30408144765921347
hour_19,1.5939690448839896,"[1.9890822956222824, 1.0228747496667072, 1.7699500893629794]",0.41361516048722624,0.9662075459555752,1.043247127645697,0.8749628293041652,0.23952107452201524,0.25367747487450804,0.23311199967361018
hour_20,1.506215859301298,"[2.055293156489522, 0.8595474228276236, 1.6038069985867485]",0.49301452834775034,1.1957457336618984,0.9586920638193722,0.875370443328649,0.23963265886121765,0.25209958054598497,0.2156653725974448
hour_21,1.2895037305328152,"[1.5704232259976711, 0.7958692720915179, 1.5022186935092563]",0.3501611043348146,0.7745539539061532,0.8367256583542625,0.8763985197431013,0.239914094779674,0.25039317266568056,0.20941313739174405
hour_22,1.4842285596456197,"[1.6894787705978211, 1.2079808962824554, 1.555226012056583]",0.20288014430395296,0.4814978743153657,0.9414968792469084,0.8761638513883251,0.239849854317554,0.2619724306151242,0.19950646602990052
hour_23,1.2991291964723286,"[1.48071919495515, 1.0712223153814855, 1.34544607908035]",0.17035426578366233,0.40949687957366443,0.8873154837735903,0.8762562189340013,0.23987513993318285,0.22098551340735356,0.1667888981676057
baseline,1.7916391041672253,"[1.9148153161311405, 1.1814933345679641, 2.278608661802571]",0.4562855792217627,1.097115327234607,1.0826640706161177,0.8754384837748165,0.239651284933356,1.0,1.0
