strategy,period,sharpe,annual_arithmetic,cagr,max_drawdown,phase_sharpes,phase_sd,phase_range,daily_turnover_equity,correlation_baseline,mean_gross,mean_abs_net,daily_turnover_unit_gross,daily_half_turnover_unit_gross,annual_cost_unit_gross,annual_cost,correlation_same_phase
baseline,full,1.5444004362481545,1.2376474675184073,1.559183368109916,-0.633614527738566,"[1.775955835038076, 1.1196563118905254, 1.7375891618158619]",0.3007476004734222,0.6562995231475506,0.7399186904814982,1.0,2.369275705600493,0.23522122526271752,0.2740439594375919,0.13702197971879596,0.07501953389604078,0.20255274151931013,1.0
baseline,2023-24,0.4255000615131239,0.2940683098180011,0.1559366553889836,-0.6306144048427229,"[0.9124179761844422, -0.5587273539618486, 0.9228095623167782]",0.6959668096947318,1.481536916278627,0.6282320852514193,1.0,1.9622266978858958,0.21898137078621085,0.23267855009311822,0.11633927504655911,0.06369575308799111,0.171978533337576,1.0
baseline,2025-26,2.3270314402323904,1.9825009055783218,4.027417748712613,-0.4815308318931069,"[2.386497167198128, 2.3325706137348, 2.262026539764243]",0.05096564925361391,0.12447062743388493,0.8280831557645247,0.9999999999999998,2.690596763172391,0.24804082957646534,0.3066974650979721,0.15334873254898604,0.08395843107056986,0.22668776389053863,1.0
low_skew,full,0.4229150344669031,0.35193069941038607,0.16236457938766483,-0.8482177805409418,"[1.043879437743311, 0.8559931538583097, -0.6311274882009114]",0.7492572071111391,1.6750069259442224,0.6387117343622595,0.03669615074731198,2.376145893754555,0.23830231890910158,0.23655990161565163,0.11827995080782581,0.06475827306728464,0.17484733728166854,0.028695119912283466
low_skew,2023-24,0.11415151323751353,0.07040530618371162,-0.10309344556574125,-0.6301390393869138,"[0.9839881711901666, 0.08828290271191568, -0.7298165341895416]",0.6998969118393084,1.713804705379708,0.5554658238840529,0.056776396629455876,1.965532493875693,0.21905318296345314,0.20572808292001957,0.10286404146000978,0.056318062699355353,0.15205876928825945,0.043523432549399776
low_skew,2025-26,0.6554426535222115,0.5741644731587437,0.5126586626165451,-0.7790596443373113,"[1.0885704085884134, 1.437453899266796, -0.5596963472885748]",0.8709580992545165,1.9971502465553708,0.7044253548021544,0.023323011265576222,2.7002806524732823,0.25349742466338876,0.2608982795563535,0.13044913977817674,0.07142090402855177,0.19283644087708976,0.016743475878979387
blend_low_skew,full,1.56051061172743,1.1778891184594507,1.4749937597268314,-0.6170679287575019,"[1.90679379865629, 1.257452862582344, 1.517285173943656]",0.26684857337579587,0.6493409360739459,0.7180335207131048,0.9691742404729504,2.369468366203447,0.22135590749118497,0.2659383410048536,0.1329691705024268,0.07280062085007867,0.19656167629521243,0.9655914125713047
blend_low_skew,2023-24,0.46068486639910716,0.2990448649839746,0.1715760198802521,-0.6125924253552403,"[1.0819639505635772, -0.4446664562255637, 0.744757104859308]",0.6548144150475697,1.526630406789141,0.5987045303121717,0.963890735277078,1.9616670473570157,0.20293168738048784,0.22174241863413766,0.11087120931706883,0.06070198710109519,0.16389536517295702,0.9619963363696136
blend_low_skew,2025-26,2.3253118603638243,1.8716413684728528,3.7269016619478577,-0.46145909551988645,"[2.4769711837654937, 2.4839613805194056, 2.0150030168065736]",0.21944004421108337,0.46895836371283206,0.8122308204679755,0.9717203408849964,2.691383291845092,0.23589983163473058,0.30082622980295387,0.15041311490147694,0.08235118040855863,0.2223481871031083,0.9672096752591992
low_cosbtc,full,0.3377869899922877,0.32437570752080175,-0.11878443283484134,-0.9227004594667152,"[0.3829443930971802, 0.059081436193411836, 0.571335140686271]",0.21155040019350424,0.5122537044928591,0.6571235910469386,-0.058971528187157174,2.3789906129246527,0.23911269165647941,0.24337910779516245,0.12168955389758122,0.06662503075892573,0.17988758304909944,-0.056514686707355176
low_cosbtc,2023-24,-0.4268978875171712,-0.3424615057691221,-0.48218918734893057,-0.7059469323142641,"[-0.37612018413646775, -0.7587866014640611, -0.14578687695098497]",0.25281870570791876,0.612999724513076,0.547109052166457,-0.1405902655950623,1.9679644418844093,0.21607532408180807,0.20263298228387294,0.10131649114193647,0.055470778900210224,0.14977110303056762,-0.11075311079412681
low_cosbtc,2025-26,0.8015067082148173,0.8507713860304765,0.34125085968427965,-0.8717397597726926,"[0.8430837726037488, 0.5338973296743557, 1.0275390223663474]",0.20366151559774326,0.49364169269199176,0.7439681412396433,-0.02404902502995044,2.7034512097208503,0.25729819554537753,0.2755437560146827,0.13777187800734134,0.07543010320901938,0.20366127866435235,-0.03186015138048794
blend_low_cosbtc,full,1.637507025009277,1.2321594151483348,1.661237990350834,-0.627558333000202,"[1.898183485904974, 1.1392123651773938, 1.8751252239454632]",0.3524732584408615,0.7589711207275802,0.7276977045976096,0.9603069231649061,2.369063785139208,0.22210165619598557,0.26951766836948504,0.13475883418474252,0.07378046171614654,0.19920724663359565,0.959649827861532
blend_low_cosbtc,2023-24,0.4357845220905072,0.28459190378394356,0.18839637870599155,-0.5957283718361494,"[0.9555688519207346, -0.6488678111659674, 1.0006525255167544]",0.7671858303502327,1.6495203366827218,0.6122228132648502,0.9637100640117505,1.9622227202921356,0.2117837704420381,0.22674919009809263,0.11337459504904632,0.06207259078935286,0.16759599513125273,0.9634257750918347
blend_low_cosbtc,2025-26,2.481210006915357,1.9801612259913643,4.247315475115937,-0.44437931419852267,"[2.5687392466759293, 2.4354224196299215, 2.43946835444022]",0.061914555407271414,0.1333168270460079,0.8188526110162933,0.9583160231170325,2.6902206943632616,0.2302465082888053,0.3032787448208493,0.15163937241042466,0.08302255639470751,0.22416090226571028,0.9569392075034456
low_cosew,full,0.24403018440849586,0.22195406540795345,-0.12150828795878195,-0.8859864383082657,"[0.7994019958555165, -0.2092050661133724, 0.14189362348334347]",0.4180478115970242,1.008607061968889,0.6530404924064311,0.09716566936413377,2.376796172869376,0.24198089558341399,0.24186684903941894,0.12093342451970947,0.06621104992454094,0.17876983479626052,0.07915815933318059
low_cosew,2023-24,0.4622802446305414,0.37458171082316266,0.15498647239629026,-0.5845564779791327,"[1.1500698352106062, -0.13349216766134323, 0.3702630663423612]",0.5280361254240418,1.2835620028719494,0.5547340485158035,0.24211685593519316,1.9597637732881026,0.21783946623524383,0.20545705500585315,0.10272852750292658,0.05624386880785231,0.15185844578120122,0.19785885422540642
low_cosew,2025-26,0.10649743726582962,0.10147108790390363,-0.2912221013341478,-0.8550185111239282,"[0.5705989812975311, -0.2594229593267545, 0.00831628982671232]",0.3458937782651128,0.8300219406242856,0.7306427710470826,0.02361356164113043,2.70599803587737,0.2610379365353237,0.2706084337211417,0.13530421686057084,0.07407905873116254,0.20001345857413885,0.013964746763222262
blend_low_cosew,full,1.5397141716239924,1.178967033526704,1.5088052721326577,-0.6264427938315847,"[1.8660239673053582, 1.0063678524806101, 1.746750695086009]",0.38026328639888773,0.8596561148247481,0.72574055153054,0.9653321320860683,2.369349506740402,0.22347088095777212,0.26879279686316293,0.13439639843158147,0.07358202814129085,0.19867147598148532,0.9635542854413254
blend_low_cosew,2023-24,0.5466110368623031,0.3604007237819931,0.2812053978973246,-0.605365982334842,"[1.085872999892569, -0.5521624166932918, 1.106122527387632]",0.7769941387680305,1.6582849440809238,0.6082483205241429,0.9670206391503833,1.9613491806501244,0.20736145127256952,0.22527715574968254,0.11263857787484127,0.061669621386475595,0.16650797774348414,0.9670666785858634
blend_low_cosew,2025-26,2.24715245094318,1.82513638256075,3.454161096166184,-0.4579994355938051,"[2.4211743497034752, 2.158202078103902, 2.1620809250221624]",0.12306225335023915,0.26297227159957304,0.8184879288928438,0.9643551511198609,2.6914215270238344,0.23618752904000695,0.3031436773677199,0.15157183868385996,0.08298558167941333,0.224061070534416,0.9612799744029435
low_MAX,full,0.4694668732910034,0.5435192002696783,-0.10022958651091522,-0.8400991946585606,"[0.7511565199488177, 0.5326854355898514, 0.12455866433434115]",0.2596839850401703,0.6265978556144766,0.4541270154787371,0.3065085294562766,2.3834042400433533,0.17249456839999086,0.16819519091805077,0.08409759545902538,0.0460434335138164,0.12431727048730427,0.2649151240214585
low_MAX,2023-24,0.005541284479091947,-0.0011401195000518838,-0.37110401163793494,-0.7550513662297781,"[0.3605899032655378, -0.39041125456798387, 0.046445204739721906]",0.3079562012000392,0.7510011578335216,0.3804504365462866,0.16806519704340667,1.970042262011188,0.1578931189210948,0.14090756909121724,0.07045378454560862,0.038573447038720725,0.10414830700454596,0.1456088285012023
low_MAX,2025-26,0.7707665869834953,0.9734686789022576,0.31122935329060264,-0.8096517335409036,"[0.9978095089415887, 1.141063477454416, 0.17342677455448147]",0.42641260418223703,0.9676367028999344,0.5122866862116854,0.37363527189810714,2.709708703201349,0.1840208296111007,0.1897358097080316,0.0948679048540158,0.05194017790757365,0.14023848035044886,0.32520494326914623
blend_low_MAX,full,1.4959785712011788,1.1832840164063436,1.4246222581828503,-0.6222153048939317,"[1.7747930503236888, 1.1156512088749608, 1.5974914544048868]",0.27850271199080784,0.659141841448728,0.6782520816773974,0.9536233332141076,2.370232760694046,0.20922180842960805,0.25120447469533236,0.12560223734766618,0.06876722494784723,0.18567150735918753,0.9562202975159221
blend_low_MAX,2023-24,0.4077002148366316,0.25089147392397826,0.13407907525215887,-0.6060247210024837,"[0.9192553377696546, -0.5938881810301179, 0.8977334877703582]",0.7082844454774954,1.5131435187997724,0.5702854418291085,0.9516300078238032,1.9624448501130345,0.19427793676128724,0.2112168303070772,0.1056084151535386,0.057820607296562375,0.15611563970071846,0.9569320371203033
blend_low_MAX,2025-26,2.2255703377899074,1.9193068346529536,3.6966526190535363,-0.46961260195811455,"[2.3417263666718946, 2.309322047588085, 2.0256625991097423]",0.1419737956149753,0.31606376756215226,0.7634800376262808,0.9550845445616784,2.6921371019639246,0.22101837483236988,0.2827703843060299,0.14138519215301495,0.0774083927037757,0.20900266030019438,0.9561887450120056
low_kurt,full,0.5513512051803758,0.4843121444171954,0.25905623392631266,-0.7473906573126617,"[0.4088816173626053, 1.32083699595457, -0.07566499777604783]",0.5789517206199044,1.3965019937306178,0.6784824350947716,-0.05128215505098591,2.3722453723693135,0.2562800557343019,0.2512897907758413,0.12564489538792065,0.06879058022488656,0.18573456660719373,-0.047003865112713185
low_kurt,2023-24,0.2478600872153598,0.22015689637132496,0.1545212960940845,-0.6365387023742373,"[0.47177985976779613, 1.3102727437859985, -1.0384723419077153]",0.9718559282107417,2.3487450856937135,0.5702317420472366,-0.06823797521201815,1.9606372648766779,0.23778358793877438,0.2111969414989765,0.10559847074948825,0.057815162735344816,0.15610093938543101,-0.09119576215440962
low_kurt,2025-26,0.7611794876939797,0.6928340718917826,0.4213577888419405,-0.663977818077289,"[0.35855979292291545, 1.3296825061671294, 0.5952961639918946]",0.41344712588716753,0.971122713244214,0.76393462024618,-0.043182070082482746,2.697165344898601,0.27088101159161376,0.2829387482393259,0.14146937411966296,0.07745448233051547,0.2091271022923918,-0.019803854515118804
blend_low_kurt,full,1.6743611769227484,1.2248778149992923,1.6152268252082749,-0.5627087389745025,"[1.8319882110169667, 1.4700895384077326, 1.7210057813435458]",0.15138131027367263,0.36189867260923414,0.7209328446492694,0.9674797237977467,2.368162510294281,0.2190596708409389,0.26701216468491457,0.13350608234245728,0.07309458008249536,0.1973553662227375,0.9641133896456879
blend_low_kurt,2023-24,0.5593464123389297,0.36219863223426524,0.2222378579706719,-0.5546881056012034,"[1.0863980350454998, -0.13271109226303346, 0.7243522942343226]",0.5111927046080899,1.2191091273085333,0.6074204630441035,0.9600279743505767,1.9604477892680032,0.20240116627353907,0.22497054186818646,0.11248527093409323,0.06158568583641605,0.16628135175832334,0.9581669071277273
blend_low_kurt,2025-26,2.4396033598803464,1.9058694943738692,3.9509461463374334,-0.4255328627241517,"[2.346747072649045, 2.613966024039723, 2.3580969829522713]",0.12338006080276094,0.267218951390678,0.8105385624218341,0.9711256163096009,2.690009076346225,0.23220975400958843,0.30019946756364224,0.15009973378182112,0.08217960424554707,0.22188493146297708,0.9673512553384412
high_kurt,full,-1.006554724097275,-0.901154283273678,-0.6869018941100776,-0.9820268770317958,"[-0.7584810931388131, -1.8561713201208945, -0.40501175903211734]",0.6178572719312713,1.451159561088777,0.6914296543932741,0.045028566821474394,2.384884171740174,0.2582258809510411,0.2560850571826941,0.12804252859134704,0.07010328440376251,0.1892788678901588,0.050595017986511996
high_kurt,2023-24,-0.6840179527694792,-0.6256587821478283,-0.48872289295173116,-0.8559673268160833,"[-0.8226853293642665, -1.7353858697142943, 0.506017340770123]",0.9202874800811697,2.2414032104844175,0.5828226011344796,0.060815698816975426,1.970603289258482,0.24106449901671448,0.21586022264239985,0.10793011132119992,0.05909173594835696,0.1595476870605638,0.09452251242469827
high_kurt,2025-26,-1.2340980403491593,-1.1186281109954876,-0.7593385480668969,-0.9476077366149888,"[-0.7070364813481934, -1.949374100689932, -1.0458835390093528]",0.5243530706142372,1.2423376193417388,0.7771631472933519,0.03750366348064461,2.7119140103294668,0.27177293127673413,0.28783820270124144,0.14391910135062072,0.07879570798946484,0.2127484115715551,0.02261189334656002
blend_high_kurt,full,1.263294448262938,0.9796903860524638,1.062024532284432,-0.6800881337733521,"[1.5092013411165244, 0.6700009942689696, 1.61068100940332]",0.42156246882517845,0.9406800151343503,0.7396596784736268,0.9697399201805204,2.370131500123773,0.22322408060852073,0.2739480290643062,0.1369740145321531,0.07499327295635383,0.20248183698215536,0.9662720646348899
blend_high_kurt,2023-24,0.28375674435857695,0.1855629575099742,0.08800994901369978,-0.6691891113166694,"[0.6297797934867254, -0.8742641042084022, 1.0957545437974077]",0.8406514661335044,1.97001864800581,0.6255604950444729,0.9630253009230753,1.9621878198626959,0.21356775377277692,0.23168907223869364,0.11584453611934682,0.06342488352534238,0.17124718551842447,0.962879701984706
blend_high_kurt,2025-26,1.9831728616434614,1.6065678881468475,2.5992370407073264,-0.5047216492389405,"[2.1771973353895206, 1.8171521649777747, 1.9551690845630891]",0.14831563152565588,0.360045170411746,0.8297286126626314,0.9735449513989779,2.692158804666839,0.23084670366450566,0.30730689357875235,0.15365344678937617,0.08412526211718346,0.22713820771639537,0.9688191272178583
uniform_2,full,1.3982476547842664,1.1111135240599732,1.241152244115226,-0.7317184241737656,"[1.195571071421473, 1.60092423814706]",0.2026765833627936,0.4053531667255872,0.9865186937503228,0.9725054208387399,2.3721856433026263,0.19098647860120932,0.365377293981601,0.1826886469908005,0.10002203422746327,0.27005949241415084,
uniform_2,2023-24,0.14000827559011034,0.10066725190705922,-0.14183444856439686,-0.7317184241737656,"[-0.10078367120793448, 0.38080022238815514]",0.2407919467980448,0.4815838935960896,0.8451373184114879,0.9636674699262209,1.9618943727392382,0.18683014423828523,0.31301382163388436,0.15650691081694218,0.08568753367227584,0.23135634091514481,
uniform_2,2025-26,2.2736966496530053,1.9087512989575934,3.783224353977383,-0.48195639873673546,"[2.105831548751913, 2.441561750554098]",0.16786510090109252,0.33573020180218505,1.0981239603984514,0.9772428181617936,2.6960661158534442,0.19426745393294031,0.4067125779253523,0.20335628896267616,0.1113375682070652,0.3006114341590761,
uniform_4,full,1.560035644303907,1.2890139963973368,1.5875249712793105,-0.6502732574316036,"[1.7457787915930025, 1.369009874338414, 1.5625069124403352, 1.5628469988438767]",0.13323416644794944,0.3767689172545885,0.5974397284313568,0.9831369075414013,2.366493560329064,0.2704197373145823,0.2212739734930951,0.11063698674654755,0.060573750243734785,0.16354912565808394,
uniform_4,2023-24,0.6621631839596828,0.4864188019573433,0.2456486277024536,-0.6293036306588282,"[0.6942248640625547, 0.6457886075694323, 0.4928974044304471, 0.815741859776297]",0.11568642084121578,0.3228444553458499,0.5029078414460646,0.9839604147799618,1.961219347984338,0.2588965107134945,0.18626216349854244,0.09313108174927122,0.05098926725772599,0.13767102159586017,
uniform_4,2025-26,2.1589229356835222,1.9225758815558964,3.665892212143905,-0.4967826259070063,"[2.450280878327771, 1.8433010180031473, 2.2756784958094918, 2.066431350593679]",0.22731761908994616,0.6069798603246239,0.6720624036490759,0.9830604693436052,2.686413609387459,0.27951607531793704,0.24891200135150957,0.12445600067575478,0.06813966036997575,0.1839770829989345,
uniform_5,full,1.6664856332331737,1.3718028093886327,1.849412371432321,-0.6353841075940203,"[1.6062697741075198, 1.3378282605997456, 2.2509237117411125, 1.6552088514546979, 1.482197568262794]",0.3121854393095253,0.9130954511413669,0.5067528668906882,0.9609004132375601,2.3624521057264056,0.27429903089640906,0.18768624699655118,0.09384312349827559,0.05137911011530588,0.13872359731132589,
uniform_5,2023-24,0.7522307064388036,0.5438016671614871,0.34787819339609094,-0.6353841075940203,"[0.573766098540596, 0.29084984368984773, 1.3652556966309508, 0.955984231341173, 0.57529766199145]",0.3723821576044867,1.0744058529411031,0.4267134497694551,0.9571359793302547,1.9609146656330296,0.2682039385276371,0.1580420184331315,0.07902100921656575,0.04326400254606975,0.11681280687438834,
uniform_5,2025-26,2.2887319288549306,2.025419935702105,4.177686685036131,-0.5193737743838118,"[2.3424846962794135, 2.078143759915156, 2.8322404762096465, 2.1187323870017547, 2.0720583248686837]",0.28930453603271056,0.7601821513409628,0.5699353084871686,0.9631080553406761,2.6794223782494138,0.2791104454652057,0.2110871512915439,0.10554357564577195,0.05778510766606015,0.1560197906983624,
uniform_6,full,1.7138819228107867,1.4141026176266627,2.2016254841352936,-0.6012612800441683,"[2.216471559696824, 1.0687227953257779, 1.2421182170615426, 1.4148639680537423, 1.9859725965590718, 2.355142400167761]",0.4943088961322148,1.2864196048419831,0.44205333531525826,0.9397920909992832,2.3583159273608554,0.2816061588679862,0.16372345752416972,0.08186172876208486,0.044819296497241465,0.12101210054255195,
uniform_6,2023-24,0.8737174254429038,0.6379170627801217,0.6115358567498328,-0.5677572268364186,"[1.32199057289609, -0.12051686482563898, 0.23460811225662614, 0.9474116503819854, 1.0971752292022985, 1.7616358527460623]",0.6379230250416416,1.8821527175717012,0.37002660402996274,0.9341309049460979,1.9582273629787934,0.2648003029574912,0.13704689038146767,0.06852344519073383,0.037516586241926775,0.10129478285320231,
uniform_6,2025-26,2.277804336070393,2.0268169557738545,4.575010889943715,-0.5050003092080005,"[2.8331588314389378, 1.8886804175282017, 1.8892700715070831, 1.7209268324408928, 2.5889241442721436, 2.745865719235098]",0.4540162371842384,1.112231998998045,0.498910630214415,0.942874437800371,2.674142469603169,0.2948725599455377,0.18478171489422776,0.09239085744711388,0.05058399445229485,0.1365767850211961,
vol_2_3_4,full,1.4132452625912701,1.1404542116781948,1.3015653102510238,-0.6407278163419821,"[1.3207831993654298, 1.3897952635915596, 1.2005221213318078, 1.8081485490902496, 1.1450659009916062, 1.3293977912219628, 1.4944798925166882, 1.7218438973505987, 1.0082604178767303, 1.6029021824397143, 1.2671977217907513, 1.6705462135281433]",0.23780204692195892,0.7998881312135193,0.7699553295079848,0.9731082980815174,2.3789276806500985,0.24374177952828915,0.2851686405585129,0.14258432027925644,0.0780649153528929,0.21077527145281083,
vol_2_3_4,2023-24,0.40990940714227525,0.29431546371084943,0.14222695438860333,-0.635074097976129,"[0.08234001538813081, 0.34374503933633516, -0.039039535261666924, 1.444843724020559, -0.46342529413322503, 0.38890661367585155, 0.6391744254623707, 0.9845563067860471, -0.6111140315726964, 1.1526189547600711, -0.04806315839136454, 1.0443698256368894]",0.6282677890269637,2.0559577555932553,0.6441137760037948,0.9616780406195146,1.9745953992883172,0.2353315597104371,0.23856065777918325,0.11928032888959163,0.06530598006705142,0.17632614618103884,
vol_2_3_4,2025-26,2.0982045994044607,1.8083890111656782,3.2201167085695275,-0.48266668517613026,"[2.181092886509977, 2.0673855447787117, 2.06337231506645, 2.0593481219625587, 2.2343123551607142, 1.9456202740318098, 2.1130317654778388, 2.2056502082700518, 2.1239994831565907, 1.9099101830084555, 2.1830004731823216, 2.0917315822480482]",0.09463416438138711,0.32440217215225875,0.8692935917125406,0.9788981309127475,2.698104177325701,0.2503807362019758,0.32196058952316314,0.16098029476158157,0.08813671138196591,0.237969120731308,
vol_1_3_6,full,1.4035173325814891,1.1594238824228658,1.2911138361752208,-0.5765744559511414,"[1.5233672018468056, 1.0931368434255118, 1.2665971241701226, 1.637611205010116, 1.414466923164112, 1.4859246978722658]",0.17849275950756566,0.5444743615846042,0.9376320336293459,0.9066394068167647,2.384242672015216,0.2580353252332452,0.34727112356642437,0.17363556178321218,0.09506547007630867,0.25667676920603344,
vol_1_3_6,2023-24,0.5233487632944861,0.39582332711248536,0.16672578720792583,-0.5646349705534622,"[1.0283144474190529, 0.32468053122377166, -0.017073414906530474, 0.9156195369377231, 0.2803965413022901, 0.6081549377906095]",0.36665373504331994,1.0453878623255835,0.7774676269173691,0.86740804758844,1.9751644808970914,0.24535774873829932,0.28795097293235894,0.14397548646617947,0.07882657884023327,0.21283176286862981,
vol_1_3_6,2025-26,1.998823021310714,1.7622037279564893,3.010819758641242,-0.48192691079273825,"[1.8826368073340718, 1.5774294894397944, 2.119789277517739, 2.131142599586396, 2.1889275553959684, 2.0930123985903157]",0.21143337154951145,0.611498065956174,1.0640644670088473,0.9268471188412496,2.7071655498713336,0.26804289731817893,0.3940979507440175,0.19704897537200874,0.10788431401617479,0.29128764784367195,
turn_2_3_4,full,1.494374720952871,1.2015593824996722,1.4271951874448854,-0.6264009667859016,"[1.76301828635437, 1.2276884009334275, 1.426797570281781, 1.7173478363867336, 1.4512683480735298, 1.327110248529909, 1.5993315163452513, 1.3048068008592466, 1.6020426924647677, 1.7820300322215334, 1.401139748007849, 1.3299151709760548]",0.18358463132636477,0.554341631288106,0.7751785721810632,0.9798955718286099,2.3443541612559318,0.24559868938736654,0.28710317488187526,0.14355158744093763,0.07859449412391335,0.21220513413456607,
turn_2_3_4,2023-24,0.588402475064447,0.4259541139797755,0.21653225084049835,-0.6110939610700209,"[0.8929088351923063, 0.2245659415744156, 0.7365576983836444, 0.47913398268637847, 0.37192479735636624, 0.8692451332172937, 0.8258940188234097, -0.18971413917023025, 0.9360867211184054, 1.1513426341358657, 0.4335494276530072, 0.3293346498025022]",0.362339063631591,1.3410567733060959,0.6508841317826503,0.9765518857399317,1.9402457839018508,0.23641606470072493,0.2410681969565371,0.12053409847826856,0.06599241891685204,0.17817953107550052,
turn_2_3_4,2025-26,2.109638416146363,1.8138156475091385,3.293218357525927,-0.5065478555996169,"[2.37284031259601, 1.864090016841277, 1.8963166798421152, 2.5815687238291463, 2.183546777168712, 1.6287139415381753, 2.1409048982004837, 2.354105509487566, 2.051851342105858, 2.1981973460463915, 2.062679944612912, 1.980845501487707]",0.24584224698380347,0.952854782290971,0.8732955563333206,0.98168260151856,2.663353909994099,0.2528473759574768,0.32344279864197056,0.16172139932098528,0.08854246612823945,0.2390646585462465,
turn_1_3_6,full,1.3173592252769815,1.0553915343324969,1.1304877751219726,-0.6467998782656564,"[1.5605701238897707, 1.0027937066014472, 1.1121766769089119, 1.273476622612148, 1.1888780494041453, 1.7662601722454645]",0.2646217553597243,0.7634664656440173,0.9319241196099783,0.9255594176441687,2.3143497603109684,0.2619223365867272,0.345157081337029,0.1725785406685145,0.09448675101601169,0.25511422774323156,
turn_1_3_6,2023-24,0.2666673050141865,0.1823244047021431,0.011643149761028981,-0.6004502638745978,"[0.6865407081560428, -0.6759578383170703, -0.04898621829430189, 0.5629851037047662, -0.05792775275846261, 1.1333498275941447]",0.5928431167658774,1.809307665911215,0.7807790529816826,0.9203314214836952,1.9183082666590199,0.25102813445827926,0.2891774270302528,0.1445887135151264,0.0791623206495317,0.21373826575373564,
turn_1_3_6,2025-26,2.039931268341768,1.7445833714509975,2.987267204842541,-0.5413301970460143,"[2.1633550080690793, 2.219740097189868, 1.8617451946471415, 1.7520938210314116, 2.076854429232836, 2.165799059880269]",0.1729023463065287,0.46764627615845633,1.0512367619093819,0.927853347211906,2.62698157901282,0.27052212797049413,0.3893469488553266,0.1946734744276633,0.10658372724914567,0.2877760635726933,
